-- phpMyAdmin SQL Dump
-- version 4.9.5deb2
-- https://www.phpmyadmin.net/
--
-- Host: localhost:3306
-- Generation Time: Dec 09, 2021 at 04:07 AM
-- Server version: 8.0.27-0ubuntu0.20.04.1
-- PHP Version: 7.4.3

SET SQL_MODE = "NO_AUTO_VALUE_ON_ZERO";
SET AUTOCOMMIT = 0;
START TRANSACTION;
SET time_zone = "+00:00";


/*!40101 SET @OLD_CHARACTER_SET_CLIENT=@@CHARACTER_SET_CLIENT */;
/*!40101 SET @OLD_CHARACTER_SET_RESULTS=@@CHARACTER_SET_RESULTS */;
/*!40101 SET @OLD_COLLATION_CONNECTION=@@COLLATION_CONNECTION */;
/*!40101 SET NAMES utf8mb4 */;

--
-- Database: `bagisto`
--

DELIMITER $$
--
-- Functions
--
CREATE DEFINER=`aktar`@`localhost` FUNCTION `get_url_path_of_category` (`categoryId` INT, `localeCode` VARCHAR(255)) RETURNS VARCHAR(255) CHARSET utf8mb4 BEGIN

                DECLARE urlPath VARCHAR(255);

                IF NOT EXISTS (
                    SELECT id
                    FROM categories
                    WHERE
                        id = categoryId
                        AND parent_id IS NULL
                )
                THEN
                    SELECT
                        GROUP_CONCAT(parent_translations.slug SEPARATOR '/') INTO urlPath
                    FROM
                        categories AS node,
                        categories AS parent
                        JOIN category_translations AS parent_translations ON parent.id = parent_translations.category_id
                    WHERE
                        node._lft >= parent._lft
                        AND node._rgt <= parent._rgt
                        AND node.id = categoryId
                        AND node.parent_id IS NOT NULL
                        AND parent.parent_id IS NOT NULL
                        AND parent_translations.locale = localeCode
                    GROUP BY
                        node.id;

                    IF urlPath IS NULL
                    THEN
                        SET urlPath = (SELECT slug FROM category_translations WHERE category_translations.category_id = categoryId);
                    END IF;
                 ELSE
                    SET urlPath = '';
                 END IF;

                 RETURN urlPath;
            END$$

DELIMITER ;

-- --------------------------------------------------------

--
-- Table structure for table `addresses`
--

CREATE TABLE `addresses` (
  `id` int UNSIGNED NOT NULL,
  `address_type` varchar(191) CHARACTER SET utf8 COLLATE utf8_unicode_ci NOT NULL,
  `customer_id` int UNSIGNED DEFAULT NULL COMMENT 'null if guest checkout',
  `cart_id` int UNSIGNED DEFAULT NULL COMMENT 'only for cart_addresses',
  `order_id` int UNSIGNED DEFAULT NULL COMMENT 'only for order_addresses',
  `first_name` varchar(191) CHARACTER SET utf8 COLLATE utf8_unicode_ci NOT NULL,
  `last_name` varchar(191) CHARACTER SET utf8 COLLATE utf8_unicode_ci NOT NULL,
  `gender` varchar(191) CHARACTER SET utf8 COLLATE utf8_unicode_ci DEFAULT NULL,
  `company_name` varchar(191) CHARACTER SET utf8 COLLATE utf8_unicode_ci DEFAULT NULL,
  `address1` varchar(191) CHARACTER SET utf8 COLLATE utf8_unicode_ci NOT NULL,
  `address2` varchar(191) CHARACTER SET utf8 COLLATE utf8_unicode_ci DEFAULT NULL,
  `postcode` varchar(191) CHARACTER SET utf8 COLLATE utf8_unicode_ci NOT NULL,
  `city` varchar(191) CHARACTER SET utf8 COLLATE utf8_unicode_ci NOT NULL,
  `state` varchar(191) CHARACTER SET utf8 COLLATE utf8_unicode_ci NOT NULL,
  `country` varchar(191) CHARACTER SET utf8 COLLATE utf8_unicode_ci NOT NULL,
  `email` varchar(191) CHARACTER SET utf8 COLLATE utf8_unicode_ci DEFAULT NULL,
  `phone` varchar(191) CHARACTER SET utf8 COLLATE utf8_unicode_ci DEFAULT NULL,
  `vat_id` varchar(191) CHARACTER SET utf8 COLLATE utf8_unicode_ci DEFAULT NULL,
  `default_address` tinyint(1) NOT NULL DEFAULT '0' COMMENT 'only for customer_addresses',
  `additional` json DEFAULT NULL,
  `created_at` timestamp NULL DEFAULT NULL,
  `updated_at` timestamp NULL DEFAULT NULL
) ENGINE=InnoDB DEFAULT CHARSET=utf8mb3 COLLATE=utf8_unicode_ci ROW_FORMAT=DYNAMIC;

--
-- Dumping data for table `addresses`
--

INSERT INTO `addresses` (`id`, `address_type`, `customer_id`, `cart_id`, `order_id`, `first_name`, `last_name`, `gender`, `company_name`, `address1`, `address2`, `postcode`, `city`, `state`, `country`, `email`, `phone`, `vat_id`, `default_address`, `additional`, `created_at`, `updated_at`) VALUES
(151, 'customer', 151, NULL, NULL, 'Royal', 'Fisher', NULL, 'Bartell, Rogahn and Greenfelder', '536 Pagac Coves', NULL, '36495', 'West Levi', 'Indiana', 'FK', NULL, '+15207559417', 'IT07280880092', 0, NULL, '2021-11-14 11:39:06', '2021-11-14 11:39:06'),
(152, 'customer', 152, NULL, NULL, 'Ignacio', 'Mayert', NULL, 'Sporer, Grimes and Goodwin', '73866 Kiel Flat Apt. 987', NULL, '90531', 'Gottliebstad', 'Nevada', 'FR', NULL, '+12675604924', 'IT64211920018', 1, NULL, '2021-11-14 11:39:06', '2021-11-14 11:39:06'),
(153, 'customer', 153, NULL, NULL, 'Marcella', 'Heathcote', NULL, 'Von-Hansen', '969 Kunze Squares', NULL, '12702-1155', 'East Terrance', 'Oregon', 'IN', NULL, '+19204824111', 'IT14167930362', 1, NULL, '2021-11-14 11:39:06', '2021-11-14 11:39:06'),
(154, 'customer', 154, NULL, NULL, 'Elyssa', 'VonRueden', NULL, 'Strosin, Waelchi and Spencer', '714 Gutkowski Cliff', NULL, '23167-2754', 'New Webster', 'Utah', 'SD', NULL, '+18054424087', 'IT87609500373', 1, NULL, '2021-11-14 11:39:07', '2021-11-14 11:39:07'),
(155, 'customer', 155, NULL, NULL, 'Wava', 'Hagenes', NULL, 'Harvey, Koepp and Hyatt', '6718 Wolff Viaduct', NULL, '30657', 'Sharonshire', 'Mississippi', 'CI', NULL, '+16295403162', 'IT27933250816', 0, NULL, '2021-11-14 11:39:07', '2021-11-14 11:39:07'),
(156, 'customer', 156, NULL, NULL, 'Maye', 'Will', NULL, 'Harris, Halvorson and Sipes', '59692 Haleigh Greens Apt. 788', NULL, '01562-4082', 'Lehnerchester', 'New Jersey', 'AM', NULL, '+12512050913', 'IT22159810815', 1, NULL, '2021-11-14 11:39:07', '2021-11-14 11:39:07'),
(157, 'customer', 157, NULL, NULL, 'Justine', 'Ondricka', NULL, 'Carroll Group', '58407 Adrien Inlet', NULL, '62680-7307', 'Muellerborough', 'Rhode Island', 'GY', NULL, '+18472578556', 'IT93616130170', 1, NULL, '2021-11-14 11:39:07', '2021-11-14 11:39:07'),
(158, 'customer', 158, NULL, NULL, 'Anissa', 'Hermiston', NULL, 'Daniel PLC', '726 Lebsack Trace Apt. 962', NULL, '98763-2542', 'Keeblermouth', 'Oklahoma', 'ML', NULL, '+17165563565', 'IT11060400543', 0, NULL, '2021-11-14 11:39:07', '2021-11-14 11:39:07'),
(159, 'customer', 159, NULL, NULL, 'Freida', 'Douglas', NULL, 'Fisher-Hackett', '69975 Kirlin Course Apt. 117', NULL, '25492', 'Skilesstad', 'Iowa', 'AE', NULL, '+12512286289', 'IT92216260197', 1, NULL, '2021-11-14 11:39:07', '2021-11-14 11:39:07'),
(160, 'customer', 160, NULL, NULL, 'Vivienne', 'Ferry', NULL, 'Cormier, Haley and Heathcote', '43867 Laurel Motorway Suite 906', NULL, '07285', 'Hamillburgh', 'Mississippi', 'HT', NULL, '+19403064864', 'IT91139761075', 1, NULL, '2021-11-14 11:39:07', '2021-11-14 11:39:07'),
(161, 'cart_billing', NULL, 4, NULL, 'Aktaruzzaman Cse', 'aktar', NULL, 'Aktaruzzaman Cse aktar', 'Mirpur 1, Shyamoli, Shyamoli', NULL, '1216', 'Mirpur 1', 'Please select a region, state or province.', 'GB', 'mdiqbalhosen5798@gmail.com', '02134567890', NULL, 0, NULL, '2021-11-27 09:12:12', '2021-11-27 09:12:12'),
(162, 'cart_shipping', NULL, 4, NULL, 'Aktaruzzaman Cse', 'aktar', NULL, 'Aktaruzzaman Cse aktar', 'Mirpur 1, Shyamoli, Shyamoli', NULL, '1216', 'Mirpur 1', 'Please select a region, state or province.', 'GB', 'mdiqbalhosen5798@gmail.com', '02134567890', NULL, 0, NULL, '2021-11-27 09:12:12', '2021-11-27 09:12:12'),
(163, 'order_shipping', NULL, NULL, 1, 'Aktaruzzaman Cse', 'aktar', NULL, 'Aktaruzzaman Cse aktar', 'Mirpur 1, Shyamoli, Shyamoli', NULL, '1216', 'Mirpur 1', 'Please select a region, state or province.', 'GB', 'mdiqbalhosen5798@gmail.com', '02134567890', NULL, 0, NULL, '2021-11-27 09:12:34', '2021-11-27 09:12:34'),
(164, 'order_billing', NULL, NULL, 1, 'Aktaruzzaman Cse', 'aktar', NULL, 'Aktaruzzaman Cse aktar', 'Mirpur 1, Shyamoli, Shyamoli', NULL, '1216', 'Mirpur 1', 'Please select a region, state or province.', 'GB', 'mdiqbalhosen5798@gmail.com', '02134567890', NULL, 0, NULL, '2021-11-27 09:12:34', '2021-11-27 09:12:34'),
(165, 'cart_billing', NULL, 5, NULL, 'Aktaruzzaman Cse', 'aktar', NULL, 'Aktaruzzaman Cse aktar', 'Mirpur 1, Shyamoli, Shyamoli', NULL, '1216', 'Mirpur 1', 'Please select a region, state or province.', 'GB', 'mdiqbalhosen5798@gmail.com', '02134567890', NULL, 0, NULL, '2021-11-27 10:09:56', '2021-11-27 10:09:56'),
(166, 'cart_shipping', NULL, 5, NULL, 'Aktaruzzaman Cse', 'aktar', NULL, 'Aktaruzzaman Cse aktar', 'Mirpur 1, Shyamoli, Shyamoli', NULL, '1216', 'Mirpur 1', 'Please select a region, state or province.', 'GB', 'mdiqbalhosen5798@gmail.com', '02134567890', NULL, 0, NULL, '2021-11-27 10:09:56', '2021-11-27 10:09:56'),
(167, 'cart_billing', NULL, 14, NULL, 'Aktaruzzaman Cse', 'aktar', NULL, 'Aktaruzzaman Cse aktar', 'Mirpur 1, Shyamoli, Shyamoli', NULL, '1216', 'Mirpur 1', 'Please select a region, state or province.', 'GB', 'mdiqbalhosen5798@gmail.com', '02134567890', NULL, 0, NULL, '2021-12-02 09:01:23', '2021-12-02 09:01:23'),
(168, 'cart_shipping', NULL, 14, NULL, 'Aktaruzzaman Cse', 'aktar', NULL, 'Aktaruzzaman Cse aktar', 'Mirpur 1, Shyamoli, Shyamoli', NULL, '1216', 'Mirpur 1', 'Please select a region, state or province.', 'GB', 'mdiqbalhosen5798@gmail.com', '02134567890', NULL, 0, NULL, '2021-12-02 09:01:23', '2021-12-02 09:01:23'),
(169, 'order_shipping', NULL, NULL, 2, 'Aktaruzzaman Cse', 'aktar', NULL, 'Aktaruzzaman Cse aktar', 'Mirpur 1, Shyamoli, Shyamoli', NULL, '1216', 'Mirpur 1', 'Please select a region, state or province.', 'GB', 'mdiqbalhosen5798@gmail.com', '02134567890', NULL, 0, NULL, '2021-12-02 09:01:51', '2021-12-02 09:01:51'),
(170, 'order_billing', NULL, NULL, 2, 'Aktaruzzaman Cse', 'aktar', NULL, 'Aktaruzzaman Cse aktar', 'Mirpur 1, Shyamoli, Shyamoli', NULL, '1216', 'Mirpur 1', 'Please select a region, state or province.', 'GB', 'mdiqbalhosen5798@gmail.com', '02134567890', NULL, 0, NULL, '2021-12-02 09:01:51', '2021-12-02 09:01:51'),
(171, 'cart_billing', 162, 19, NULL, 'Iqbal Hossain', 'aktar', NULL, NULL, 'Mirpur 1', NULL, '1216', 'Mirpur 1', 'Select state...', 'BD', 'mdiqbalhosen5798@gmail.com', '01625551354', NULL, 0, NULL, '2021-12-08 11:28:06', '2021-12-08 11:28:06'),
(172, 'cart_shipping', 162, 19, NULL, 'Iqbal Hossain', 'aktar', NULL, NULL, 'Mirpur 1', NULL, '1216', 'Mirpur 1', 'Select state...', 'BD', 'mdiqbalhosen5798@gmail.com', '01625551354', NULL, 0, NULL, '2021-12-08 11:28:06', '2021-12-08 11:28:06');

-- --------------------------------------------------------

--
-- Table structure for table `admins`
--

CREATE TABLE `admins` (
  `id` int UNSIGNED NOT NULL,
  `name` varchar(191) CHARACTER SET utf8 COLLATE utf8_unicode_ci NOT NULL,
  `email` varchar(191) CHARACTER SET utf8 COLLATE utf8_unicode_ci NOT NULL,
  `password` varchar(191) CHARACTER SET utf8 COLLATE utf8_unicode_ci DEFAULT NULL,
  `api_token` varchar(80) CHARACTER SET utf8 COLLATE utf8_unicode_ci DEFAULT NULL,
  `status` tinyint(1) NOT NULL DEFAULT '0',
  `role_id` int UNSIGNED NOT NULL,
  `remember_token` varchar(100) CHARACTER SET utf8 COLLATE utf8_unicode_ci DEFAULT NULL,
  `created_at` timestamp NULL DEFAULT NULL,
  `updated_at` timestamp NULL DEFAULT NULL
) ENGINE=InnoDB DEFAULT CHARSET=utf8mb3 COLLATE=utf8_unicode_ci ROW_FORMAT=DYNAMIC;

--
-- Dumping data for table `admins`
--

INSERT INTO `admins` (`id`, `name`, `email`, `password`, `api_token`, `status`, `role_id`, `remember_token`, `created_at`, `updated_at`) VALUES
(1, 'Example', 'admin@example.com', '$2y$10$iGeYEXxB/b.WO/MmpOKUE.7dYnGx/8WJ3JEyb/JapbgilFz3wsT4i', 'l6eb8cCqn0F5RUaPsFei4gSYhKZ3bd79DLcxWHVl3NbQKG1f3gWPUayND6hTgfmZciwmaI5AV623f479', 1, 1, NULL, '2021-11-14 09:18:32', '2021-11-14 09:18:32');

-- --------------------------------------------------------

--
-- Table structure for table `admin_password_resets`
--

CREATE TABLE `admin_password_resets` (
  `email` varchar(191) CHARACTER SET utf8 COLLATE utf8_unicode_ci NOT NULL,
  `token` varchar(191) CHARACTER SET utf8 COLLATE utf8_unicode_ci NOT NULL,
  `created_at` timestamp NULL DEFAULT NULL
) ENGINE=InnoDB DEFAULT CHARSET=utf8mb3 COLLATE=utf8_unicode_ci ROW_FORMAT=DYNAMIC;

-- --------------------------------------------------------

--
-- Table structure for table `attributes`
--

CREATE TABLE `attributes` (
  `id` int UNSIGNED NOT NULL,
  `code` varchar(191) CHARACTER SET utf8 COLLATE utf8_unicode_ci NOT NULL,
  `admin_name` varchar(191) CHARACTER SET utf8 COLLATE utf8_unicode_ci NOT NULL,
  `type` varchar(191) CHARACTER SET utf8 COLLATE utf8_unicode_ci NOT NULL,
  `validation` varchar(191) CHARACTER SET utf8 COLLATE utf8_unicode_ci DEFAULT NULL,
  `position` int DEFAULT NULL,
  `is_required` tinyint(1) NOT NULL DEFAULT '0',
  `is_unique` tinyint(1) NOT NULL DEFAULT '0',
  `value_per_locale` tinyint(1) NOT NULL DEFAULT '0',
  `value_per_channel` tinyint(1) NOT NULL DEFAULT '0',
  `is_filterable` tinyint(1) NOT NULL DEFAULT '0',
  `is_configurable` tinyint(1) NOT NULL DEFAULT '0',
  `is_user_defined` tinyint(1) NOT NULL DEFAULT '1',
  `is_visible_on_front` tinyint(1) NOT NULL DEFAULT '0',
  `created_at` timestamp NULL DEFAULT NULL,
  `updated_at` timestamp NULL DEFAULT NULL,
  `swatch_type` varchar(191) CHARACTER SET utf8 COLLATE utf8_unicode_ci DEFAULT NULL,
  `use_in_flat` tinyint(1) NOT NULL DEFAULT '1',
  `is_comparable` tinyint(1) NOT NULL DEFAULT '0'
) ENGINE=InnoDB DEFAULT CHARSET=utf8mb3 COLLATE=utf8_unicode_ci ROW_FORMAT=DYNAMIC;

--
-- Dumping data for table `attributes`
--

INSERT INTO `attributes` (`id`, `code`, `admin_name`, `type`, `validation`, `position`, `is_required`, `is_unique`, `value_per_locale`, `value_per_channel`, `is_filterable`, `is_configurable`, `is_user_defined`, `is_visible_on_front`, `created_at`, `updated_at`, `swatch_type`, `use_in_flat`, `is_comparable`) VALUES
(1, 'sku', 'SKU', 'text', NULL, 1, 1, 1, 0, 0, 0, 0, 0, 0, '2021-11-14 09:18:31', '2021-11-14 09:18:31', NULL, 1, 0),
(2, 'name', 'Name', 'text', NULL, 3, 1, 0, 1, 1, 0, 0, 0, 0, '2021-11-14 09:18:31', '2021-11-14 09:18:31', NULL, 1, 1),
(3, 'url_key', 'URL Key', 'text', NULL, 4, 1, 1, 0, 0, 0, 0, 0, 0, '2021-11-14 09:18:31', '2021-11-14 09:18:31', NULL, 1, 0),
(4, 'tax_category_id', 'Tax Category', 'select', NULL, 5, 0, 0, 0, 1, 0, 0, 0, 0, '2021-11-14 09:18:31', '2021-11-14 09:18:31', NULL, 1, 0),
(5, 'new', 'New', 'boolean', NULL, 6, 0, 0, 0, 0, 0, 0, 0, 0, '2021-11-14 09:18:31', '2021-11-14 09:18:31', NULL, 1, 0),
(6, 'featured', 'Featured', 'boolean', NULL, 7, 0, 0, 0, 0, 0, 0, 0, 0, '2021-11-14 09:18:31', '2021-11-14 09:18:31', NULL, 1, 0),
(7, 'visible_individually', 'Visible Individually', 'boolean', NULL, 9, 1, 0, 0, 0, 0, 0, 0, 0, '2021-11-14 09:18:31', '2021-11-14 09:18:31', NULL, 1, 0),
(8, 'status', 'Status', 'boolean', NULL, 10, 1, 0, 0, 0, 0, 0, 0, 0, '2021-11-14 09:18:31', '2021-11-14 09:18:31', NULL, 1, 0),
(9, 'short_description', 'Short Description', 'textarea', NULL, 11, 1, 0, 1, 1, 0, 0, 0, 0, '2021-11-14 09:18:31', '2021-11-14 09:18:31', NULL, 1, 0),
(10, 'description', 'Description', 'textarea', NULL, 12, 1, 0, 1, 1, 0, 0, 0, 0, '2021-11-14 09:18:31', '2021-11-14 09:18:31', NULL, 1, 1),
(11, 'price', 'Price', 'price', 'decimal', 13, 1, 0, 0, 0, 1, 0, 0, 0, '2021-11-14 09:18:31', '2021-11-14 09:18:31', NULL, 1, 1),
(12, 'cost', 'Cost', 'price', 'decimal', 14, 0, 0, 0, 1, 0, 0, 1, 0, '2021-11-14 09:18:31', '2021-11-14 09:18:31', NULL, 1, 0),
(13, 'special_price', 'Special Price', 'price', 'decimal', 15, 0, 0, 0, 0, 0, 0, 0, 0, '2021-11-14 09:18:31', '2021-11-14 09:18:31', NULL, 1, 0),
(14, 'special_price_from', 'Special Price From', 'date', NULL, 16, 0, 0, 0, 1, 0, 0, 0, 0, '2021-11-14 09:18:31', '2021-11-14 09:18:31', NULL, 1, 0),
(15, 'special_price_to', 'Special Price To', 'date', NULL, 17, 0, 0, 0, 1, 0, 0, 0, 0, '2021-11-14 09:18:31', '2021-11-14 09:18:31', NULL, 1, 0),
(16, 'meta_title', 'Meta Title', 'textarea', NULL, 18, 0, 0, 1, 1, 0, 0, 0, 0, '2021-11-14 09:18:31', '2021-11-14 09:18:31', NULL, 1, 0),
(17, 'meta_keywords', 'Meta Keywords', 'textarea', NULL, 20, 0, 0, 1, 1, 0, 0, 0, 0, '2021-11-14 09:18:31', '2021-11-14 09:18:31', NULL, 1, 0),
(18, 'meta_description', 'Meta Description', 'textarea', NULL, 21, 0, 0, 1, 1, 0, 0, 1, 0, '2021-11-14 09:18:31', '2021-11-14 09:18:31', NULL, 1, 0),
(19, 'length', 'Length', 'text', 'decimal', 22, 0, 0, 0, 0, 0, 0, 1, 0, '2021-11-14 09:18:31', '2021-11-14 09:18:31', NULL, 1, 0),
(20, 'width', 'Width', 'text', 'decimal', 23, 0, 0, 0, 0, 0, 0, 1, 0, '2021-11-14 09:18:31', '2021-11-14 09:18:31', NULL, 1, 0),
(21, 'height', 'Height', 'text', 'decimal', 24, 0, 0, 0, 0, 0, 0, 1, 1, '2021-11-14 09:18:31', '2021-11-28 03:47:50', NULL, 1, 0),
(22, 'weight', 'Weight', 'text', 'decimal', 25, 1, 0, 0, 0, 0, 0, 0, 0, '2021-11-14 09:18:31', '2021-11-14 09:18:31', NULL, 1, 0),
(24, 'size', 'Size', 'select', '', 27, 0, 0, 0, 0, 1, 1, 1, 0, '2021-11-14 09:18:31', '2021-12-02 05:29:04', 'dropdown', 1, 0),
(26, 'guest_checkout', 'Guest Checkout', 'boolean', NULL, 8, 1, 0, 0, 0, 0, 0, 0, 0, '2021-11-14 09:18:31', '2021-11-14 09:18:31', NULL, 1, 0),
(27, 'product_number', 'Product Number', 'text', NULL, 2, 0, 1, 0, 0, 0, 0, 0, 0, '2021-11-14 09:18:31', '2021-11-14 09:18:31', NULL, 1, 0),
(28, 'default', 'admin', 'text', '', NULL, 0, 0, 0, 0, 0, 0, 1, 0, '2021-11-28 07:50:59', '2021-11-28 07:50:59', NULL, 0, 0),
(30, 'shopbyages', 'Shop By Ages', 'select', '', NULL, 0, 0, 0, 0, 1, 1, 1, 1, '2021-11-28 08:00:26', '2021-12-02 09:25:51', 'dropdown', 0, 0),
(33, 'Color', 'Color', 'select', '', NULL, 1, 0, 0, 0, 1, 1, 1, 1, '2021-12-01 10:46:35', '2021-12-02 05:26:26', 'dropdown', 0, 0);

-- --------------------------------------------------------

--
-- Table structure for table `attribute_families`
--

CREATE TABLE `attribute_families` (
  `id` int UNSIGNED NOT NULL,
  `code` varchar(191) CHARACTER SET utf8 COLLATE utf8_unicode_ci NOT NULL,
  `name` varchar(191) CHARACTER SET utf8 COLLATE utf8_unicode_ci NOT NULL,
  `status` tinyint(1) NOT NULL DEFAULT '0',
  `is_user_defined` tinyint(1) NOT NULL DEFAULT '1'
) ENGINE=InnoDB DEFAULT CHARSET=utf8mb3 COLLATE=utf8_unicode_ci ROW_FORMAT=DYNAMIC;

--
-- Dumping data for table `attribute_families`
--

INSERT INTO `attribute_families` (`id`, `code`, `name`, `status`, `is_user_defined`) VALUES
(1, 'default', 'Default', 0, 1);

-- --------------------------------------------------------

--
-- Table structure for table `attribute_groups`
--

CREATE TABLE `attribute_groups` (
  `id` int UNSIGNED NOT NULL,
  `name` varchar(191) CHARACTER SET utf8 COLLATE utf8_unicode_ci NOT NULL,
  `position` int NOT NULL,
  `is_user_defined` tinyint(1) NOT NULL DEFAULT '1',
  `attribute_family_id` int UNSIGNED NOT NULL
) ENGINE=InnoDB DEFAULT CHARSET=utf8mb3 COLLATE=utf8_unicode_ci ROW_FORMAT=DYNAMIC;

--
-- Dumping data for table `attribute_groups`
--

INSERT INTO `attribute_groups` (`id`, `name`, `position`, `is_user_defined`, `attribute_family_id`) VALUES
(1, 'General', 1, 0, 1),
(2, 'Description', 2, 0, 1),
(3, 'Meta Description', 3, 0, 1),
(4, 'Price', 4, 0, 1),
(5, 'Shipping', 5, 0, 1);

-- --------------------------------------------------------

--
-- Table structure for table `attribute_group_mappings`
--

CREATE TABLE `attribute_group_mappings` (
  `attribute_id` int UNSIGNED NOT NULL,
  `attribute_group_id` int UNSIGNED NOT NULL,
  `position` int DEFAULT NULL
) ENGINE=InnoDB DEFAULT CHARSET=utf8mb3 COLLATE=utf8_unicode_ci ROW_FORMAT=DYNAMIC;

--
-- Dumping data for table `attribute_group_mappings`
--

INSERT INTO `attribute_group_mappings` (`attribute_id`, `attribute_group_id`, `position`) VALUES
(1, 1, 1),
(2, 1, 3),
(3, 1, 4),
(4, 1, 5),
(5, 1, 6),
(6, 1, 7),
(7, 1, 8),
(8, 1, 10),
(9, 2, 1),
(10, 2, 2),
(11, 4, 1),
(12, 4, 2),
(13, 4, 3),
(14, 4, 4),
(15, 4, 5),
(16, 3, 1),
(17, 3, 2),
(18, 3, 3),
(19, 5, 1),
(20, 5, 2),
(21, 5, 3),
(22, 5, 4),
(24, 1, 12),
(26, 1, 9),
(27, 1, 2),
(30, 1, 14),
(33, 1, 13);

-- --------------------------------------------------------

--
-- Table structure for table `attribute_options`
--

CREATE TABLE `attribute_options` (
  `id` int UNSIGNED NOT NULL,
  `admin_name` varchar(191) CHARACTER SET utf8 COLLATE utf8_unicode_ci DEFAULT NULL,
  `sort_order` int DEFAULT NULL,
  `attribute_id` int UNSIGNED NOT NULL,
  `swatch_value` varchar(191) CHARACTER SET utf8 COLLATE utf8_unicode_ci DEFAULT NULL
) ENGINE=InnoDB DEFAULT CHARSET=utf8mb3 COLLATE=utf8_unicode_ci ROW_FORMAT=DYNAMIC;

--
-- Dumping data for table `attribute_options`
--

INSERT INTO `attribute_options` (`id`, `admin_name`, `sort_order`, `attribute_id`, `swatch_value`) VALUES
(6, 'S', 1, 24, NULL),
(7, 'M', 2, 24, NULL),
(8, 'L', 3, 24, NULL),
(9, 'XL', 4, 24, NULL),
(12, '0 to 2 years', 1, 30, NULL),
(13, '03-04 Years', 2, 30, NULL),
(14, '05-07 Years', 3, 30, NULL),
(26, 'Black', 1, 33, ''),
(27, 'Blue', 2, 33, ''),
(28, 'Yellow', 3, 33, ''),
(29, 'Green', 4, 33, '');

-- --------------------------------------------------------

--
-- Table structure for table `attribute_option_translations`
--

CREATE TABLE `attribute_option_translations` (
  `id` int UNSIGNED NOT NULL,
  `locale` varchar(191) CHARACTER SET utf8 COLLATE utf8_unicode_ci NOT NULL,
  `label` text CHARACTER SET utf8 COLLATE utf8_unicode_ci,
  `attribute_option_id` int UNSIGNED NOT NULL
) ENGINE=InnoDB DEFAULT CHARSET=utf8mb3 COLLATE=utf8_unicode_ci ROW_FORMAT=DYNAMIC;

--
-- Dumping data for table `attribute_option_translations`
--

INSERT INTO `attribute_option_translations` (`id`, `locale`, `label`, `attribute_option_id`) VALUES
(6, 'en', '0 to 2 years', 6),
(7, 'en', '2 to 4 years', 7),
(8, 'en', '4 to 6 years', 8),
(9, 'en', '6 to 8 years', 9),
(20, 'en', '0 to 2 years', 12),
(21, 'fr', '', 12),
(22, 'nl', '', 12),
(23, 'tr', '', 12),
(24, 'es', '', 12),
(25, 'en', '03-04 Years', 13),
(26, 'fr', '', 13),
(27, 'nl', '', 13),
(28, 'tr', '', 13),
(29, 'es', '', 13),
(30, 'en', '05-07 Years', 14),
(31, 'fr', '', 14),
(32, 'nl', '', 14),
(33, 'tr', '', 14),
(34, 'es', '', 14),
(90, 'en', 'Black', 26),
(91, 'fr', '', 26),
(92, 'nl', '', 26),
(93, 'tr', '', 26),
(94, 'es', '', 26),
(95, 'en', 'Blue', 27),
(96, 'fr', '', 27),
(97, 'nl', '', 27),
(98, 'tr', '', 27),
(99, 'es', '', 27),
(100, 'en', 'Yellow', 28),
(101, 'fr', '', 28),
(102, 'nl', '', 28),
(103, 'tr', '', 28),
(104, 'es', '', 28),
(105, 'en', 'Green', 29),
(106, 'fr', '', 29),
(107, 'nl', '', 29),
(108, 'tr', '', 29),
(109, 'es', '', 29),
(110, 'fr', '', 6),
(111, 'nl', '', 6),
(112, 'tr', '', 6),
(113, 'es', '', 6),
(114, 'fr', '', 7),
(115, 'nl', '', 7),
(116, 'tr', '', 7),
(117, 'es', '', 7),
(118, 'fr', '', 8),
(119, 'nl', '', 8),
(120, 'tr', '', 8),
(121, 'es', '', 8),
(122, 'fr', '', 9),
(123, 'nl', '', 9),
(124, 'tr', '', 9),
(125, 'es', '', 9);

-- --------------------------------------------------------

--
-- Table structure for table `attribute_translations`
--

CREATE TABLE `attribute_translations` (
  `id` int UNSIGNED NOT NULL,
  `locale` varchar(191) CHARACTER SET utf8 COLLATE utf8_unicode_ci NOT NULL,
  `name` text CHARACTER SET utf8 COLLATE utf8_unicode_ci,
  `attribute_id` int UNSIGNED NOT NULL
) ENGINE=InnoDB DEFAULT CHARSET=utf8mb3 COLLATE=utf8_unicode_ci ROW_FORMAT=DYNAMIC;

--
-- Dumping data for table `attribute_translations`
--

INSERT INTO `attribute_translations` (`id`, `locale`, `name`, `attribute_id`) VALUES
(1, 'en', 'SKU', 1),
(2, 'en', 'Name', 2),
(3, 'en', 'URL Key', 3),
(4, 'en', 'Tax Category', 4),
(5, 'en', 'New', 5),
(6, 'en', 'Featured', 6),
(7, 'en', 'Visible Individually', 7),
(8, 'en', 'Status', 8),
(9, 'en', 'Short Description', 9),
(10, 'en', 'Description', 10),
(11, 'en', 'Price', 11),
(12, 'en', 'Cost', 12),
(13, 'en', 'Special Price', 13),
(14, 'en', 'Special Price From', 14),
(15, 'en', 'Special Price To', 15),
(16, 'en', 'Meta Description', 16),
(17, 'en', 'Meta Keywords', 17),
(18, 'en', 'Meta Description', 18),
(19, 'en', 'Width', 19),
(20, 'en', 'Height', 20),
(21, 'en', 'Depth', 21),
(22, 'en', 'Weight', 22),
(24, 'en', 'Age', 24),
(26, 'en', 'Allow Guest Checkout', 26),
(27, 'en', 'Product Number', 27),
(32, 'fr', '', 21),
(33, 'nl', '', 21),
(34, 'tr', '', 21),
(35, 'es', '', 21),
(36, 'en', 'Shop', 28),
(37, 'fr', '', 28),
(38, 'nl', '', 28),
(39, 'tr', '', 28),
(40, 'es', '', 28),
(46, 'en', 'Shop By Ages', 30),
(47, 'fr', '', 30),
(48, 'nl', '', 30),
(49, 'tr', '', 30),
(50, 'es', '', 30),
(61, 'en', 'Color', 33),
(62, 'fr', '', 33),
(63, 'nl', '', 33),
(64, 'tr', '', 33),
(65, 'es', '', 33),
(66, 'fr', '', 24),
(67, 'nl', '', 24),
(68, 'tr', '', 24),
(69, 'es', '', 24);

-- --------------------------------------------------------

--
-- Table structure for table `bookings`
--

CREATE TABLE `bookings` (
  `id` bigint UNSIGNED NOT NULL,
  `qty` int DEFAULT '0',
  `from` int DEFAULT NULL,
  `to` int DEFAULT NULL,
  `order_item_id` int UNSIGNED DEFAULT NULL,
  `booking_product_event_ticket_id` int UNSIGNED DEFAULT NULL,
  `order_id` int UNSIGNED DEFAULT NULL,
  `product_id` int UNSIGNED DEFAULT NULL
) ENGINE=InnoDB DEFAULT CHARSET=utf8mb3 COLLATE=utf8_unicode_ci ROW_FORMAT=DYNAMIC;

-- --------------------------------------------------------

--
-- Table structure for table `booking_products`
--

CREATE TABLE `booking_products` (
  `id` int UNSIGNED NOT NULL,
  `type` varchar(191) CHARACTER SET utf8 COLLATE utf8_unicode_ci NOT NULL,
  `qty` int DEFAULT '0',
  `location` varchar(191) CHARACTER SET utf8 COLLATE utf8_unicode_ci DEFAULT NULL,
  `show_location` tinyint(1) NOT NULL DEFAULT '0',
  `available_every_week` tinyint(1) DEFAULT NULL,
  `available_from` datetime DEFAULT NULL,
  `available_to` datetime DEFAULT NULL,
  `product_id` int UNSIGNED NOT NULL,
  `created_at` timestamp NULL DEFAULT NULL,
  `updated_at` timestamp NULL DEFAULT NULL
) ENGINE=InnoDB DEFAULT CHARSET=utf8mb3 COLLATE=utf8_unicode_ci ROW_FORMAT=DYNAMIC;

-- --------------------------------------------------------

--
-- Table structure for table `booking_product_appointment_slots`
--

CREATE TABLE `booking_product_appointment_slots` (
  `id` int UNSIGNED NOT NULL,
  `duration` int DEFAULT NULL,
  `break_time` int DEFAULT NULL,
  `same_slot_all_days` tinyint(1) DEFAULT NULL,
  `slots` json DEFAULT NULL,
  `booking_product_id` int UNSIGNED NOT NULL
) ENGINE=InnoDB DEFAULT CHARSET=utf8mb3 COLLATE=utf8_unicode_ci ROW_FORMAT=DYNAMIC;

-- --------------------------------------------------------

--
-- Table structure for table `booking_product_default_slots`
--

CREATE TABLE `booking_product_default_slots` (
  `id` int UNSIGNED NOT NULL,
  `booking_type` varchar(191) CHARACTER SET utf8 COLLATE utf8_unicode_ci NOT NULL,
  `duration` int DEFAULT NULL,
  `break_time` int DEFAULT NULL,
  `slots` json DEFAULT NULL,
  `booking_product_id` int UNSIGNED NOT NULL
) ENGINE=InnoDB DEFAULT CHARSET=utf8mb3 COLLATE=utf8_unicode_ci ROW_FORMAT=DYNAMIC;

-- --------------------------------------------------------

--
-- Table structure for table `booking_product_event_tickets`
--

CREATE TABLE `booking_product_event_tickets` (
  `id` int UNSIGNED NOT NULL,
  `price` decimal(12,4) DEFAULT '0.0000',
  `qty` int DEFAULT '0',
  `special_price` decimal(12,4) DEFAULT NULL,
  `special_price_from` datetime DEFAULT NULL,
  `special_price_to` datetime DEFAULT NULL,
  `booking_product_id` int UNSIGNED NOT NULL
) ENGINE=InnoDB DEFAULT CHARSET=utf8mb3 COLLATE=utf8_unicode_ci ROW_FORMAT=DYNAMIC;

-- --------------------------------------------------------

--
-- Table structure for table `booking_product_event_ticket_translations`
--

CREATE TABLE `booking_product_event_ticket_translations` (
  `id` bigint UNSIGNED NOT NULL,
  `locale` varchar(191) CHARACTER SET utf8 COLLATE utf8_unicode_ci NOT NULL,
  `name` text CHARACTER SET utf8 COLLATE utf8_unicode_ci,
  `description` text CHARACTER SET utf8 COLLATE utf8_unicode_ci,
  `booking_product_event_ticket_id` int UNSIGNED NOT NULL
) ENGINE=InnoDB DEFAULT CHARSET=utf8mb3 COLLATE=utf8_unicode_ci ROW_FORMAT=DYNAMIC;

-- --------------------------------------------------------

--
-- Table structure for table `booking_product_rental_slots`
--

CREATE TABLE `booking_product_rental_slots` (
  `id` int UNSIGNED NOT NULL,
  `renting_type` varchar(191) CHARACTER SET utf8 COLLATE utf8_unicode_ci NOT NULL,
  `daily_price` decimal(12,4) DEFAULT '0.0000',
  `hourly_price` decimal(12,4) DEFAULT '0.0000',
  `same_slot_all_days` tinyint(1) DEFAULT NULL,
  `slots` json DEFAULT NULL,
  `booking_product_id` int UNSIGNED NOT NULL
) ENGINE=InnoDB DEFAULT CHARSET=utf8mb3 COLLATE=utf8_unicode_ci ROW_FORMAT=DYNAMIC;

-- --------------------------------------------------------

--
-- Table structure for table `booking_product_table_slots`
--

CREATE TABLE `booking_product_table_slots` (
  `id` int UNSIGNED NOT NULL,
  `price_type` varchar(191) CHARACTER SET utf8 COLLATE utf8_unicode_ci NOT NULL,
  `guest_limit` int NOT NULL DEFAULT '0',
  `duration` int NOT NULL,
  `break_time` int NOT NULL,
  `prevent_scheduling_before` int NOT NULL,
  `same_slot_all_days` tinyint(1) DEFAULT NULL,
  `slots` json DEFAULT NULL,
  `booking_product_id` int UNSIGNED NOT NULL
) ENGINE=InnoDB DEFAULT CHARSET=utf8mb3 COLLATE=utf8_unicode_ci ROW_FORMAT=DYNAMIC;

-- --------------------------------------------------------

--
-- Table structure for table `cart`
--

CREATE TABLE `cart` (
  `id` int UNSIGNED NOT NULL,
  `customer_email` varchar(191) CHARACTER SET utf8 COLLATE utf8_unicode_ci DEFAULT NULL,
  `customer_first_name` varchar(191) CHARACTER SET utf8 COLLATE utf8_unicode_ci DEFAULT NULL,
  `customer_last_name` varchar(191) CHARACTER SET utf8 COLLATE utf8_unicode_ci DEFAULT NULL,
  `shipping_method` varchar(191) CHARACTER SET utf8 COLLATE utf8_unicode_ci DEFAULT NULL,
  `coupon_code` varchar(191) CHARACTER SET utf8 COLLATE utf8_unicode_ci DEFAULT NULL,
  `is_gift` tinyint(1) NOT NULL DEFAULT '0',
  `items_count` int DEFAULT NULL,
  `items_qty` decimal(12,4) DEFAULT NULL,
  `exchange_rate` decimal(12,4) DEFAULT NULL,
  `global_currency_code` varchar(191) CHARACTER SET utf8 COLLATE utf8_unicode_ci DEFAULT NULL,
  `base_currency_code` varchar(191) CHARACTER SET utf8 COLLATE utf8_unicode_ci DEFAULT NULL,
  `channel_currency_code` varchar(191) CHARACTER SET utf8 COLLATE utf8_unicode_ci DEFAULT NULL,
  `cart_currency_code` varchar(191) CHARACTER SET utf8 COLLATE utf8_unicode_ci DEFAULT NULL,
  `grand_total` decimal(12,4) DEFAULT '0.0000',
  `base_grand_total` decimal(12,4) DEFAULT '0.0000',
  `sub_total` decimal(12,4) DEFAULT '0.0000',
  `base_sub_total` decimal(12,4) DEFAULT '0.0000',
  `tax_total` decimal(12,4) DEFAULT '0.0000',
  `base_tax_total` decimal(12,4) DEFAULT '0.0000',
  `discount_amount` decimal(12,4) DEFAULT '0.0000',
  `base_discount_amount` decimal(12,4) DEFAULT '0.0000',
  `checkout_method` varchar(191) CHARACTER SET utf8 COLLATE utf8_unicode_ci DEFAULT NULL,
  `is_guest` tinyint(1) DEFAULT NULL,
  `is_active` tinyint(1) DEFAULT '1',
  `conversion_time` datetime DEFAULT NULL,
  `customer_id` int UNSIGNED DEFAULT NULL,
  `channel_id` int UNSIGNED NOT NULL,
  `created_at` timestamp NULL DEFAULT NULL,
  `updated_at` timestamp NULL DEFAULT NULL,
  `applied_cart_rule_ids` varchar(191) CHARACTER SET utf8 COLLATE utf8_unicode_ci DEFAULT NULL
) ENGINE=InnoDB DEFAULT CHARSET=utf8mb3 COLLATE=utf8_unicode_ci ROW_FORMAT=DYNAMIC;

--
-- Dumping data for table `cart`
--

INSERT INTO `cart` (`id`, `customer_email`, `customer_first_name`, `customer_last_name`, `shipping_method`, `coupon_code`, `is_gift`, `items_count`, `items_qty`, `exchange_rate`, `global_currency_code`, `base_currency_code`, `channel_currency_code`, `cart_currency_code`, `grand_total`, `base_grand_total`, `sub_total`, `base_sub_total`, `tax_total`, `base_tax_total`, `discount_amount`, `base_discount_amount`, `checkout_method`, `is_guest`, `is_active`, `conversion_time`, `customer_id`, `channel_id`, `created_at`, `updated_at`, `applied_cart_rule_ids`) VALUES
(3, NULL, NULL, NULL, NULL, NULL, 0, 1, '1.0000', NULL, 'USD', 'USD', 'USD', 'USD', '10.0000', '10.0000', '10.0000', '10.0000', '0.0000', '0.0000', '0.0000', '0.0000', NULL, 1, 1, NULL, NULL, 1, '2021-11-25 09:11:48', '2021-11-25 09:12:00', ''),
(4, 'mdiqbalhosen5798@gmail.com', 'Aktaruzzaman Cse', 'aktar', 'free_free', NULL, 0, 1, '1.0000', NULL, 'USD', 'USD', 'USD', 'USD', '1000.0000', '1000.0000', '1000.0000', '1000.0000', '0.0000', '0.0000', '0.0000', '0.0000', NULL, 1, 0, NULL, NULL, 1, '2021-11-27 09:11:24', '2021-11-27 09:12:35', ''),
(5, 'mdiqbalhosen5798@gmail.com', 'Aktaruzzaman Cse', 'aktar', 'free_free', NULL, 0, 2, '2.0000', NULL, 'USD', 'USD', 'USD', 'USD', '2000.0000', '2000.0000', '2000.0000', '2000.0000', '0.0000', '0.0000', '0.0000', '0.0000', NULL, 1, 1, NULL, NULL, 1, '2021-11-27 10:09:38', '2021-11-27 13:41:46', ''),
(6, NULL, NULL, NULL, NULL, NULL, 0, 1, '1.0000', NULL, 'USD', 'USD', 'USD', 'USD', '1088.0000', '1088.0000', '1088.0000', '1088.0000', '0.0000', '0.0000', '0.0000', '0.0000', NULL, 1, 1, NULL, NULL, 1, '2021-11-29 10:31:02', '2021-11-29 10:31:04', ''),
(12, NULL, NULL, NULL, NULL, NULL, 0, 1, '1.0000', NULL, 'USD', 'USD', 'USD', 'USD', '0.0000', '0.0000', '0.0000', '0.0000', '0.0000', '0.0000', '0.0000', '0.0000', NULL, 1, 1, NULL, NULL, 1, '2021-12-01 12:01:10', '2021-12-01 14:05:41', ''),
(14, 'mdiqbalhosen5798@gmail.com', 'Aktaruzzaman Cse', 'aktar', 'free_free', NULL, 0, 1, '1.0000', NULL, 'USD', 'USD', 'USD', 'USD', '1000.0000', '1000.0000', '1000.0000', '1000.0000', '0.0000', '0.0000', '0.0000', '0.0000', NULL, 1, 0, NULL, NULL, 1, '2021-12-02 08:40:18', '2021-12-02 09:01:52', ''),
(15, NULL, NULL, NULL, NULL, NULL, 0, 2, '4.0000', NULL, 'USD', 'USD', 'USD', 'USD', '3010.0000', '3010.0000', '3010.0000', '3010.0000', '0.0000', '0.0000', '0.0000', '0.0000', NULL, 1, 1, NULL, NULL, 1, '2021-12-02 09:02:26', '2021-12-02 11:24:17', ''),
(16, NULL, NULL, NULL, NULL, NULL, 0, 2, '10.0000', NULL, 'USD', 'USD', 'USD', 'USD', '100.0000', '100.0000', '100.0000', '100.0000', '0.0000', '0.0000', '0.0000', '0.0000', NULL, 1, 1, NULL, NULL, 1, '2021-12-04 04:41:31', '2021-12-04 09:00:44', ''),
(17, NULL, NULL, NULL, NULL, NULL, 0, 1, '2.0000', NULL, 'USD', 'USD', 'USD', 'USD', '2000.0000', '2000.0000', '2000.0000', '2000.0000', '0.0000', '0.0000', '0.0000', '0.0000', NULL, 1, 1, NULL, NULL, 1, '2021-12-06 13:36:11', '2021-12-06 14:31:52', ''),
(18, NULL, NULL, NULL, NULL, NULL, 0, 1, '1.0000', NULL, 'USD', 'USD', 'USD', 'USD', '1000.0000', '1000.0000', '1000.0000', '1000.0000', '0.0000', '0.0000', '0.0000', '0.0000', NULL, 1, 1, NULL, NULL, 1, '2021-12-07 04:11:30', '2021-12-07 12:34:19', ''),
(19, 'mdiqbalhosen5798@gmail.com', 'Aktaruzzaman Cse', 'aktar', 'free_free', NULL, 0, 1, '5.0000', NULL, 'USD', 'USD', 'USD', 'USD', '5000.0000', '5000.0000', '5000.0000', '5000.0000', '0.0000', '0.0000', '0.0000', '0.0000', NULL, 0, 1, NULL, 162, 1, '2021-12-08 08:37:53', '2021-12-09 03:13:53', '');

-- --------------------------------------------------------

--
-- Table structure for table `cart_items`
--

CREATE TABLE `cart_items` (
  `id` int UNSIGNED NOT NULL,
  `quantity` int UNSIGNED NOT NULL DEFAULT '0',
  `sku` varchar(191) CHARACTER SET utf8 COLLATE utf8_unicode_ci DEFAULT NULL,
  `type` varchar(191) CHARACTER SET utf8 COLLATE utf8_unicode_ci DEFAULT NULL,
  `name` varchar(191) CHARACTER SET utf8 COLLATE utf8_unicode_ci DEFAULT NULL,
  `coupon_code` varchar(191) CHARACTER SET utf8 COLLATE utf8_unicode_ci DEFAULT NULL,
  `weight` decimal(12,4) NOT NULL DEFAULT '0.0000',
  `total_weight` decimal(12,4) NOT NULL DEFAULT '0.0000',
  `base_total_weight` decimal(12,4) NOT NULL DEFAULT '0.0000',
  `price` decimal(12,4) NOT NULL DEFAULT '1.0000',
  `base_price` decimal(12,4) NOT NULL DEFAULT '0.0000',
  `total` decimal(12,4) NOT NULL DEFAULT '0.0000',
  `base_total` decimal(12,4) NOT NULL DEFAULT '0.0000',
  `tax_percent` decimal(12,4) DEFAULT '0.0000',
  `tax_amount` decimal(12,4) DEFAULT '0.0000',
  `base_tax_amount` decimal(12,4) DEFAULT '0.0000',
  `discount_percent` decimal(12,4) NOT NULL DEFAULT '0.0000',
  `discount_amount` decimal(12,4) NOT NULL DEFAULT '0.0000',
  `base_discount_amount` decimal(12,4) NOT NULL DEFAULT '0.0000',
  `additional` json DEFAULT NULL,
  `parent_id` int UNSIGNED DEFAULT NULL,
  `product_id` int UNSIGNED NOT NULL,
  `cart_id` int UNSIGNED NOT NULL,
  `tax_category_id` int UNSIGNED DEFAULT NULL,
  `created_at` timestamp NULL DEFAULT NULL,
  `updated_at` timestamp NULL DEFAULT NULL,
  `custom_price` decimal(12,4) DEFAULT NULL,
  `applied_cart_rule_ids` varchar(191) CHARACTER SET utf8 COLLATE utf8_unicode_ci DEFAULT NULL
) ENGINE=InnoDB DEFAULT CHARSET=utf8mb3 COLLATE=utf8_unicode_ci ROW_FORMAT=DYNAMIC;

--
-- Dumping data for table `cart_items`
--

INSERT INTO `cart_items` (`id`, `quantity`, `sku`, `type`, `name`, `coupon_code`, `weight`, `total_weight`, `base_total_weight`, `price`, `base_price`, `total`, `base_total`, `tax_percent`, `tax_amount`, `base_tax_amount`, `discount_percent`, `discount_amount`, `base_discount_amount`, `additional`, `parent_id`, `product_id`, `cart_id`, `tax_category_id`, `created_at`, `updated_at`, `custom_price`, `applied_cart_rule_ids`) VALUES
(28, 1, '9999', 'simple', 'Toy', NULL, '12.0000', '12.0000', '12.0000', '1000.0000', '1000.0000', '1000.0000', '1000.0000', '0.0000', '0.0000', '0.0000', '0.0000', '0.0000', '0.0000', '{\"_token\": \"zdYRHviSdxPW4So6dxf0XXrtQapU7XjBkAriJhrE\", \"quantity\": 1, \"product_id\": \"132\"}', NULL, 132, 14, NULL, '2021-12-02 08:40:18', '2021-12-02 09:01:50', NULL, ''),
(29, 3, '9999', 'simple', 'Toy', NULL, '12.0000', '36.0000', '36.0000', '1000.0000', '1000.0000', '3000.0000', '3000.0000', '0.0000', '0.0000', '0.0000', '0.0000', '0.0000', '0.0000', '{\"_token\": \"zdYRHviSdxPW4So6dxf0XXrtQapU7XjBkAriJhrE\", \"quantity\": 3, \"product_id\": \"132\"}', NULL, 132, 15, NULL, '2021-12-02 09:02:26', '2021-12-02 11:24:16', NULL, ''),
(30, 1, '12380', 'configurable', 'Configrable Product', NULL, '0.0000', '0.0000', '0.0000', '10.0000', '10.0000', '10.0000', '10.0000', '0.0000', '0.0000', '0.0000', '0.0000', '0.0000', '0.0000', '{\"_token\": \"zdYRHviSdxPW4So6dxf0XXrtQapU7XjBkAriJhrE\", \"quantity\": \"1\", \"attributes\": {\"Color\": {\"option_id\": 26, \"option_label\": \"Black\", \"attribute_name\": \"Color\"}, \"shopbyages\": {\"option_id\": 12, \"option_label\": \"0 to 2 years\", \"attribute_name\": \"Shop By Ages\"}}, \"is_buy_now\": \"0\", \"product_id\": \"153\", \"super_attribute\": {\"30\": \"12\", \"33\": \"26\"}, \"selected_configurable_option\": \"154\"}', NULL, 153, 15, NULL, '2021-12-02 11:24:16', '2021-12-02 11:24:16', NULL, ''),
(31, 0, '12380-variant-12-26', 'simple', 'Configrable Product', NULL, '0.0000', '0.0000', '0.0000', '1.0000', '0.0000', '0.0000', '0.0000', '0.0000', '0.0000', '0.0000', '0.0000', '0.0000', '0.0000', '{\"parent_id\": 153, \"product_id\": 154}', 30, 154, 15, NULL, '2021-12-02 11:24:16', '2021-12-02 11:24:16', NULL, NULL),
(32, 1, '12380', 'configurable', 'Configrable Product', NULL, '0.0000', '0.0000', '0.0000', '10.0000', '10.0000', '10.0000', '10.0000', '0.0000', '0.0000', '0.0000', '0.0000', '0.0000', '0.0000', '{\"_token\": \"5zX2KnycU8djvkZSP7exo2vImd8ZHv9dbsjfxJVn\", \"quantity\": \"1\", \"attributes\": {\"Color\": {\"option_id\": 27, \"option_label\": \"Blue\", \"attribute_name\": \"Color\"}, \"shopbyages\": {\"option_id\": 13, \"option_label\": \"03-04 Years\", \"attribute_name\": \"Shop By Ages\"}}, \"is_buy_now\": \"0\", \"product_id\": \"153\", \"super_attribute\": {\"30\": \"13\", \"33\": \"27\"}, \"selected_configurable_option\": \"160\"}', NULL, 153, 16, NULL, '2021-12-04 04:41:31', '2021-12-04 09:00:44', NULL, ''),
(33, 0, '12380-variant-13-27', 'simple', 'Configrable Product', NULL, '0.0000', '0.0000', '0.0000', '1.0000', '0.0000', '0.0000', '0.0000', '0.0000', '0.0000', '0.0000', '0.0000', '0.0000', '0.0000', '{\"parent_id\": 153, \"product_id\": 160}', 32, 160, 16, NULL, '2021-12-04 04:41:32', '2021-12-04 04:41:32', NULL, NULL),
(34, 9, '12380', 'configurable', 'Configrable Product', NULL, '0.0000', '0.0000', '0.0000', '10.0000', '10.0000', '90.0000', '90.0000', '0.0000', '0.0000', '0.0000', '0.0000', '0.0000', '0.0000', '{\"_token\": \"5zX2KnycU8djvkZSP7exo2vImd8ZHv9dbsjfxJVn\", \"quantity\": 9, \"attributes\": {\"Color\": {\"option_id\": 26, \"option_label\": \"Black\", \"attribute_name\": \"Color\"}, \"shopbyages\": {\"option_id\": 12, \"option_label\": \"0 to 2 years\", \"attribute_name\": \"Shop By Ages\"}}, \"is_buy_now\": \"0\", \"product_id\": \"153\", \"super_attribute\": {\"30\": \"12\", \"33\": \"26\"}, \"selected_configurable_option\": \"154\"}', NULL, 153, 16, NULL, '2021-12-04 05:07:36', '2021-12-04 09:00:44', NULL, ''),
(35, 0, '12380-variant-12-26', 'simple', 'Configrable Product', NULL, '0.0000', '0.0000', '0.0000', '1.0000', '0.0000', '0.0000', '0.0000', '0.0000', '0.0000', '0.0000', '0.0000', '0.0000', '0.0000', '{\"parent_id\": 153, \"product_id\": 154}', 34, 154, 16, NULL, '2021-12-04 05:07:37', '2021-12-04 05:07:37', NULL, NULL),
(36, 0, '12380-variant-12-26', 'simple', 'Configrable Product', NULL, '0.0000', '0.0000', '0.0000', '1.0000', '0.0000', '0.0000', '0.0000', '0.0000', '0.0000', '0.0000', '0.0000', '0.0000', '0.0000', '{\"parent_id\": 153, \"product_id\": 154}', 34, 154, 16, NULL, '2021-12-04 08:58:03', '2021-12-04 08:58:03', NULL, NULL),
(37, 0, '12380-variant-12-26', 'simple', 'Configrable Product', NULL, '0.0000', '0.0000', '0.0000', '1.0000', '0.0000', '0.0000', '0.0000', '0.0000', '0.0000', '0.0000', '0.0000', '0.0000', '0.0000', '{\"parent_id\": 153, \"product_id\": 154}', 34, 154, 16, NULL, '2021-12-04 08:58:05', '2021-12-04 08:58:05', NULL, NULL),
(38, 0, '12380-variant-12-26', 'simple', 'Configrable Product', NULL, '0.0000', '0.0000', '0.0000', '1.0000', '0.0000', '0.0000', '0.0000', '0.0000', '0.0000', '0.0000', '0.0000', '0.0000', '0.0000', '{\"parent_id\": 153, \"product_id\": 154}', 34, 154, 16, NULL, '2021-12-04 08:58:07', '2021-12-04 08:58:07', NULL, NULL),
(39, 0, '12380-variant-12-26', 'simple', 'Configrable Product', NULL, '0.0000', '0.0000', '0.0000', '1.0000', '0.0000', '0.0000', '0.0000', '0.0000', '0.0000', '0.0000', '0.0000', '0.0000', '0.0000', '{\"parent_id\": 153, \"product_id\": 154}', 34, 154, 16, NULL, '2021-12-04 08:58:28', '2021-12-04 08:58:28', NULL, NULL),
(40, 0, '12380-variant-12-26', 'simple', 'Configrable Product', NULL, '0.0000', '0.0000', '0.0000', '1.0000', '0.0000', '0.0000', '0.0000', '0.0000', '0.0000', '0.0000', '0.0000', '0.0000', '0.0000', '{\"parent_id\": 153, \"product_id\": 154}', 34, 154, 16, NULL, '2021-12-04 09:00:40', '2021-12-04 09:00:40', NULL, NULL),
(41, 0, '12380-variant-12-26', 'simple', 'Configrable Product', NULL, '0.0000', '0.0000', '0.0000', '1.0000', '0.0000', '0.0000', '0.0000', '0.0000', '0.0000', '0.0000', '0.0000', '0.0000', '0.0000', '{\"parent_id\": 153, \"product_id\": 154}', 34, 154, 16, NULL, '2021-12-04 09:00:42', '2021-12-04 09:00:42', NULL, NULL),
(42, 0, '12380-variant-12-26', 'simple', 'Configrable Product', NULL, '0.0000', '0.0000', '0.0000', '1.0000', '0.0000', '0.0000', '0.0000', '0.0000', '0.0000', '0.0000', '0.0000', '0.0000', '0.0000', '{\"parent_id\": 153, \"product_id\": 154}', 34, 154, 16, NULL, '2021-12-04 09:00:43', '2021-12-04 09:00:43', NULL, NULL),
(43, 0, '12380-variant-12-26', 'simple', 'Configrable Product', NULL, '0.0000', '0.0000', '0.0000', '1.0000', '0.0000', '0.0000', '0.0000', '0.0000', '0.0000', '0.0000', '0.0000', '0.0000', '0.0000', '{\"parent_id\": 153, \"product_id\": 154}', 34, 154, 16, NULL, '2021-12-04 09:00:44', '2021-12-04 09:00:44', NULL, NULL),
(44, 2, '9999', 'simple', 'Toy', NULL, '12.0000', '24.0000', '24.0000', '1000.0000', '1000.0000', '2000.0000', '2000.0000', '0.0000', '0.0000', '0.0000', '0.0000', '0.0000', '0.0000', '{\"_token\": \"9xCMB5DdzNNA9YNDxkllOwwmYHrHgfxQj5htma1k\", \"quantity\": 2, \"product_id\": \"132\"}', NULL, 132, 17, NULL, '2021-12-06 13:36:11', '2021-12-06 14:31:52', NULL, ''),
(45, 1, '9999', 'simple', 'Toy', NULL, '12.0000', '12.0000', '12.0000', '1000.0000', '1000.0000', '1000.0000', '1000.0000', '0.0000', '0.0000', '0.0000', '0.0000', '0.0000', '0.0000', '{\"_token\": \"u2754drUa2PRz56up6jGbVqygcDMYFDb7PyiDajd\", \"quantity\": 1, \"product_id\": \"132\"}', NULL, 132, 18, NULL, '2021-12-07 04:11:31', '2021-12-07 12:34:19', NULL, ''),
(46, 5, '9999', 'simple', 'Toy', NULL, '12.0000', '60.0000', '60.0000', '1000.0000', '1000.0000', '5000.0000', '5000.0000', '0.0000', '0.0000', '0.0000', '0.0000', '0.0000', '0.0000', '{\"_token\": \"u0MBDdqnfFuJtmEnwwvgU7ML0CoOg9b0IC3Ei02i\", \"quantity\": 5, \"is_buy_now\": \"0\", \"product_id\": \"132\"}', NULL, 132, 19, NULL, '2021-12-08 08:37:54', '2021-12-09 03:13:53', NULL, '');

-- --------------------------------------------------------

--
-- Table structure for table `cart_item_inventories`
--

CREATE TABLE `cart_item_inventories` (
  `id` int UNSIGNED NOT NULL,
  `qty` int UNSIGNED NOT NULL DEFAULT '0',
  `inventory_source_id` int UNSIGNED DEFAULT NULL,
  `cart_item_id` int UNSIGNED DEFAULT NULL,
  `created_at` timestamp NULL DEFAULT NULL,
  `updated_at` timestamp NULL DEFAULT NULL
) ENGINE=InnoDB DEFAULT CHARSET=utf8mb3 COLLATE=utf8_unicode_ci ROW_FORMAT=DYNAMIC;

-- --------------------------------------------------------

--
-- Table structure for table `cart_payment`
--

CREATE TABLE `cart_payment` (
  `id` int UNSIGNED NOT NULL,
  `method` varchar(191) CHARACTER SET utf8 COLLATE utf8_unicode_ci NOT NULL,
  `method_title` varchar(191) CHARACTER SET utf8 COLLATE utf8_unicode_ci DEFAULT NULL,
  `cart_id` int UNSIGNED DEFAULT NULL,
  `created_at` timestamp NULL DEFAULT NULL,
  `updated_at` timestamp NULL DEFAULT NULL
) ENGINE=InnoDB DEFAULT CHARSET=utf8mb3 COLLATE=utf8_unicode_ci ROW_FORMAT=DYNAMIC;

--
-- Dumping data for table `cart_payment`
--

INSERT INTO `cart_payment` (`id`, `method`, `method_title`, `cart_id`, `created_at`, `updated_at`) VALUES
(1, 'cashondelivery', NULL, 4, '2021-11-27 09:12:23', '2021-11-27 09:12:23'),
(2, 'cashondelivery', NULL, 5, '2021-11-27 10:10:03', '2021-11-27 10:10:03'),
(3, 'cashondelivery', NULL, 14, '2021-12-02 09:01:34', '2021-12-02 09:01:34'),
(4, 'cashondelivery', NULL, 19, '2021-12-08 11:28:18', '2021-12-08 11:28:18');

-- --------------------------------------------------------

--
-- Table structure for table `cart_rules`
--

CREATE TABLE `cart_rules` (
  `id` int UNSIGNED NOT NULL,
  `name` varchar(191) CHARACTER SET utf8 COLLATE utf8_unicode_ci DEFAULT NULL,
  `description` varchar(191) CHARACTER SET utf8 COLLATE utf8_unicode_ci DEFAULT NULL,
  `starts_from` datetime DEFAULT NULL,
  `ends_till` datetime DEFAULT NULL,
  `status` tinyint(1) NOT NULL DEFAULT '0',
  `coupon_type` int NOT NULL DEFAULT '1',
  `use_auto_generation` tinyint(1) NOT NULL DEFAULT '0',
  `usage_per_customer` int NOT NULL DEFAULT '0',
  `uses_per_coupon` int NOT NULL DEFAULT '0',
  `times_used` int UNSIGNED NOT NULL DEFAULT '0',
  `condition_type` tinyint(1) NOT NULL DEFAULT '1',
  `conditions` json DEFAULT NULL,
  `end_other_rules` tinyint(1) NOT NULL DEFAULT '0',
  `uses_attribute_conditions` tinyint(1) NOT NULL DEFAULT '0',
  `action_type` varchar(191) CHARACTER SET utf8 COLLATE utf8_unicode_ci DEFAULT NULL,
  `discount_amount` decimal(12,4) NOT NULL DEFAULT '0.0000',
  `discount_quantity` int NOT NULL DEFAULT '1',
  `discount_step` varchar(191) CHARACTER SET utf8 COLLATE utf8_unicode_ci NOT NULL DEFAULT '1',
  `apply_to_shipping` tinyint(1) NOT NULL DEFAULT '0',
  `free_shipping` tinyint(1) NOT NULL DEFAULT '0',
  `sort_order` int UNSIGNED NOT NULL DEFAULT '0',
  `created_at` timestamp NULL DEFAULT NULL,
  `updated_at` timestamp NULL DEFAULT NULL
) ENGINE=InnoDB DEFAULT CHARSET=utf8mb3 COLLATE=utf8_unicode_ci ROW_FORMAT=DYNAMIC;

-- --------------------------------------------------------

--
-- Table structure for table `cart_rule_channels`
--

CREATE TABLE `cart_rule_channels` (
  `cart_rule_id` int UNSIGNED NOT NULL,
  `channel_id` int UNSIGNED NOT NULL
) ENGINE=InnoDB DEFAULT CHARSET=utf8mb3 COLLATE=utf8_unicode_ci ROW_FORMAT=DYNAMIC;

-- --------------------------------------------------------

--
-- Table structure for table `cart_rule_coupons`
--

CREATE TABLE `cart_rule_coupons` (
  `id` int UNSIGNED NOT NULL,
  `code` varchar(191) CHARACTER SET utf8 COLLATE utf8_unicode_ci DEFAULT NULL,
  `usage_limit` int UNSIGNED NOT NULL DEFAULT '0',
  `usage_per_customer` int UNSIGNED NOT NULL DEFAULT '0',
  `times_used` int UNSIGNED NOT NULL DEFAULT '0',
  `type` int UNSIGNED NOT NULL DEFAULT '0',
  `is_primary` tinyint(1) NOT NULL DEFAULT '0',
  `expired_at` date DEFAULT NULL,
  `cart_rule_id` int UNSIGNED NOT NULL,
  `created_at` timestamp NULL DEFAULT NULL,
  `updated_at` timestamp NULL DEFAULT NULL
) ENGINE=InnoDB DEFAULT CHARSET=utf8mb3 COLLATE=utf8_unicode_ci ROW_FORMAT=DYNAMIC;

-- --------------------------------------------------------

--
-- Table structure for table `cart_rule_coupon_usage`
--

CREATE TABLE `cart_rule_coupon_usage` (
  `id` int UNSIGNED NOT NULL,
  `times_used` int NOT NULL DEFAULT '0',
  `cart_rule_coupon_id` int UNSIGNED NOT NULL,
  `customer_id` int UNSIGNED NOT NULL
) ENGINE=InnoDB DEFAULT CHARSET=utf8mb3 COLLATE=utf8_unicode_ci ROW_FORMAT=DYNAMIC;

-- --------------------------------------------------------

--
-- Table structure for table `cart_rule_customers`
--

CREATE TABLE `cart_rule_customers` (
  `id` int UNSIGNED NOT NULL,
  `times_used` bigint UNSIGNED NOT NULL DEFAULT '0',
  `cart_rule_id` int UNSIGNED NOT NULL,
  `customer_id` int UNSIGNED NOT NULL
) ENGINE=InnoDB DEFAULT CHARSET=utf8mb3 COLLATE=utf8_unicode_ci ROW_FORMAT=DYNAMIC;

-- --------------------------------------------------------

--
-- Table structure for table `cart_rule_customer_groups`
--

CREATE TABLE `cart_rule_customer_groups` (
  `cart_rule_id` int UNSIGNED NOT NULL,
  `customer_group_id` int UNSIGNED NOT NULL
) ENGINE=InnoDB DEFAULT CHARSET=utf8mb3 COLLATE=utf8_unicode_ci ROW_FORMAT=DYNAMIC;

-- --------------------------------------------------------

--
-- Table structure for table `cart_rule_translations`
--

CREATE TABLE `cart_rule_translations` (
  `id` int UNSIGNED NOT NULL,
  `locale` varchar(191) CHARACTER SET utf8 COLLATE utf8_unicode_ci NOT NULL,
  `label` text CHARACTER SET utf8 COLLATE utf8_unicode_ci,
  `cart_rule_id` int UNSIGNED NOT NULL
) ENGINE=InnoDB DEFAULT CHARSET=utf8mb3 COLLATE=utf8_unicode_ci ROW_FORMAT=DYNAMIC;

-- --------------------------------------------------------

--
-- Table structure for table `cart_shipping_rates`
--

CREATE TABLE `cart_shipping_rates` (
  `id` int UNSIGNED NOT NULL,
  `carrier` varchar(191) CHARACTER SET utf8 COLLATE utf8_unicode_ci NOT NULL,
  `carrier_title` varchar(191) CHARACTER SET utf8 COLLATE utf8_unicode_ci NOT NULL,
  `method` varchar(191) CHARACTER SET utf8 COLLATE utf8_unicode_ci NOT NULL,
  `method_title` varchar(191) CHARACTER SET utf8 COLLATE utf8_unicode_ci NOT NULL,
  `method_description` varchar(191) CHARACTER SET utf8 COLLATE utf8_unicode_ci DEFAULT NULL,
  `price` double DEFAULT '0',
  `base_price` double DEFAULT '0',
  `cart_address_id` int UNSIGNED DEFAULT NULL,
  `created_at` timestamp NULL DEFAULT NULL,
  `updated_at` timestamp NULL DEFAULT NULL,
  `discount_amount` decimal(12,4) NOT NULL DEFAULT '0.0000',
  `base_discount_amount` decimal(12,4) NOT NULL DEFAULT '0.0000',
  `is_calculate_tax` tinyint(1) NOT NULL DEFAULT '1'
) ENGINE=InnoDB DEFAULT CHARSET=utf8mb3 COLLATE=utf8_unicode_ci ROW_FORMAT=DYNAMIC;

--
-- Dumping data for table `cart_shipping_rates`
--

INSERT INTO `cart_shipping_rates` (`id`, `carrier`, `carrier_title`, `method`, `method_title`, `method_description`, `price`, `base_price`, `cart_address_id`, `created_at`, `updated_at`, `discount_amount`, `base_discount_amount`, `is_calculate_tax`) VALUES
(1, 'flatrate', 'Flat Rate', 'flatrate_flatrate', 'Flat Rate', 'Flat Rate Shipping', 10, 10, 162, '2021-11-27 09:12:13', '2021-11-27 09:12:13', '0.0000', '0.0000', 1),
(2, 'free', 'Free Shipping', 'free_free', 'Free Shipping', 'Free Shipping', 0, 0, 162, '2021-11-27 09:12:13', '2021-11-27 09:12:34', '0.0000', '0.0000', 1),
(3, 'flatrate', 'Flat Rate', 'flatrate_flatrate', 'Flat Rate', 'Flat Rate Shipping', 10, 10, 166, '2021-11-27 10:09:57', '2021-11-27 10:09:57', '0.0000', '0.0000', 1),
(4, 'free', 'Free Shipping', 'free_free', 'Free Shipping', 'Free Shipping', 0, 0, 166, '2021-11-27 10:09:57', '2021-11-27 13:41:46', '0.0000', '0.0000', 1),
(5, 'flatrate', 'Flat Rate', 'flatrate_flatrate', 'Flat Rate', 'Flat Rate Shipping', 10, 10, 168, '2021-12-02 09:01:24', '2021-12-02 09:01:24', '0.0000', '0.0000', 1),
(6, 'free', 'Free Shipping', 'free_free', 'Free Shipping', 'Free Shipping', 0, 0, 168, '2021-12-02 09:01:24', '2021-12-02 09:01:50', '0.0000', '0.0000', 1),
(7, 'flatrate', 'Flat Rate', 'flatrate_flatrate', 'Flat Rate', 'Flat Rate Shipping', 10, 10, 172, '2021-12-08 11:28:07', '2021-12-08 11:28:07', '0.0000', '0.0000', 1),
(8, 'free', 'Free Shipping', 'free_free', 'Free Shipping', 'Free Shipping', 0, 0, 172, '2021-12-08 11:28:07', '2021-12-09 03:13:53', '0.0000', '0.0000', 1);

-- --------------------------------------------------------

--
-- Table structure for table `catalog_rules`
--

CREATE TABLE `catalog_rules` (
  `id` int UNSIGNED NOT NULL,
  `name` varchar(191) CHARACTER SET utf8 COLLATE utf8_unicode_ci DEFAULT NULL,
  `description` varchar(191) CHARACTER SET utf8 COLLATE utf8_unicode_ci DEFAULT NULL,
  `starts_from` date DEFAULT NULL,
  `ends_till` date DEFAULT NULL,
  `status` tinyint(1) NOT NULL DEFAULT '0',
  `condition_type` tinyint(1) NOT NULL DEFAULT '1',
  `conditions` json DEFAULT NULL,
  `end_other_rules` tinyint(1) NOT NULL DEFAULT '0',
  `action_type` varchar(191) CHARACTER SET utf8 COLLATE utf8_unicode_ci DEFAULT NULL,
  `discount_amount` decimal(12,4) NOT NULL DEFAULT '0.0000',
  `sort_order` int UNSIGNED NOT NULL DEFAULT '0',
  `created_at` timestamp NULL DEFAULT NULL,
  `updated_at` timestamp NULL DEFAULT NULL
) ENGINE=InnoDB DEFAULT CHARSET=utf8mb3 COLLATE=utf8_unicode_ci ROW_FORMAT=DYNAMIC;

-- --------------------------------------------------------

--
-- Table structure for table `catalog_rule_channels`
--

CREATE TABLE `catalog_rule_channels` (
  `catalog_rule_id` int UNSIGNED NOT NULL,
  `channel_id` int UNSIGNED NOT NULL
) ENGINE=InnoDB DEFAULT CHARSET=utf8mb3 COLLATE=utf8_unicode_ci ROW_FORMAT=DYNAMIC;

-- --------------------------------------------------------

--
-- Table structure for table `catalog_rule_customer_groups`
--

CREATE TABLE `catalog_rule_customer_groups` (
  `catalog_rule_id` int UNSIGNED NOT NULL,
  `customer_group_id` int UNSIGNED NOT NULL
) ENGINE=InnoDB DEFAULT CHARSET=utf8mb3 COLLATE=utf8_unicode_ci ROW_FORMAT=DYNAMIC;

-- --------------------------------------------------------

--
-- Table structure for table `catalog_rule_products`
--

CREATE TABLE `catalog_rule_products` (
  `id` int UNSIGNED NOT NULL,
  `starts_from` datetime DEFAULT NULL,
  `ends_till` datetime DEFAULT NULL,
  `end_other_rules` tinyint(1) NOT NULL DEFAULT '0',
  `action_type` varchar(191) CHARACTER SET utf8 COLLATE utf8_unicode_ci DEFAULT NULL,
  `discount_amount` decimal(12,4) NOT NULL DEFAULT '0.0000',
  `sort_order` int UNSIGNED NOT NULL DEFAULT '0',
  `product_id` int UNSIGNED NOT NULL,
  `customer_group_id` int UNSIGNED NOT NULL,
  `catalog_rule_id` int UNSIGNED NOT NULL,
  `channel_id` int UNSIGNED NOT NULL
) ENGINE=InnoDB DEFAULT CHARSET=utf8mb3 COLLATE=utf8_unicode_ci ROW_FORMAT=DYNAMIC;

-- --------------------------------------------------------

--
-- Table structure for table `catalog_rule_product_prices`
--

CREATE TABLE `catalog_rule_product_prices` (
  `id` int UNSIGNED NOT NULL,
  `price` decimal(12,4) NOT NULL DEFAULT '0.0000',
  `rule_date` date NOT NULL,
  `starts_from` datetime DEFAULT NULL,
  `ends_till` datetime DEFAULT NULL,
  `product_id` int UNSIGNED NOT NULL,
  `customer_group_id` int UNSIGNED NOT NULL,
  `catalog_rule_id` int UNSIGNED NOT NULL,
  `channel_id` int UNSIGNED NOT NULL
) ENGINE=InnoDB DEFAULT CHARSET=utf8mb3 COLLATE=utf8_unicode_ci ROW_FORMAT=DYNAMIC;

-- --------------------------------------------------------

--
-- Table structure for table `categories`
--

CREATE TABLE `categories` (
  `id` int UNSIGNED NOT NULL,
  `position` int NOT NULL DEFAULT '0',
  `image` varchar(191) CHARACTER SET utf8 COLLATE utf8_unicode_ci DEFAULT NULL,
  `status` tinyint(1) NOT NULL DEFAULT '0',
  `_lft` int UNSIGNED NOT NULL DEFAULT '0',
  `_rgt` int UNSIGNED NOT NULL DEFAULT '0',
  `parent_id` int UNSIGNED DEFAULT NULL,
  `created_at` timestamp NULL DEFAULT NULL,
  `updated_at` timestamp NULL DEFAULT NULL,
  `display_mode` varchar(191) CHARACTER SET utf8 COLLATE utf8_unicode_ci DEFAULT 'products_and_description',
  `category_icon_path` text CHARACTER SET utf8 COLLATE utf8_unicode_ci,
  `additional` json DEFAULT NULL
) ENGINE=InnoDB DEFAULT CHARSET=utf8mb3 COLLATE=utf8_unicode_ci ROW_FORMAT=DYNAMIC;

--
-- Dumping data for table `categories`
--

INSERT INTO `categories` (`id`, `position`, `image`, `status`, `_lft`, `_rgt`, `parent_id`, `created_at`, `updated_at`, `display_mode`, `category_icon_path`, `additional`) VALUES
(1, 1, NULL, 1, 1, 30, NULL, '2021-11-14 09:18:23', '2021-11-28 05:41:58', 'products_and_description', NULL, NULL),
(9, 2, 'category/9/2HKHmrbGmvmhZ3H3Pcvnx5P1tgidNBG2HPneO9cO.png', 1, 20, 21, 1, '2021-12-07 09:10:50', '2021-12-07 09:10:52', 'products_and_description', 'velocity/category_icon_path/9/jzWiC0gwod2pJzUFMGDIO6ffzXGyu1u2G9Ydcn1A.png', NULL),
(10, 3, 'category/10/Wn9eCdlmO7L0VJPM4bcQgGCahgkLmZgVSJO4Z9yd.png', 1, 22, 23, 1, '2021-12-07 09:12:20', '2021-12-07 09:12:22', 'products_and_description', 'velocity/category_icon_path/10/Rixk7Q1bY5rbqOxuzs3hENebLUiCiaZtAvBqlcu1.png', NULL),
(11, 4, 'category/11/cS5uQJ4lsfzJsBDIRdx4M0lsC9ZpsQ9myMjq1lhN.png', 1, 24, 25, 1, '2021-12-07 09:13:10', '2021-12-07 09:13:12', 'products_and_description', 'velocity/category_icon_path/11/ERoJfhbUNFPzAejpjg2IcMGItE0UoT7VUrLff9ok.png', NULL),
(12, 5, 'category/12/E3cnNjiAT7Xg7tKqSQt1elTZXo7Ce7EHN0a6qils.png', 1, 26, 27, 1, '2021-12-07 09:13:55', '2021-12-07 09:13:57', 'products_and_description', 'velocity/category_icon_path/12/QtKhwKl6w4CQV6xIyvnJu3tSUVt3onCHnCcYIFDE.png', NULL),
(13, 7, 'category/13/9k8ymU0zU0kzFmHBE725E493JgkbaMdVnWwYN6Yn.png', 1, 28, 29, 1, '2021-12-07 09:14:37', '2021-12-07 09:14:40', 'products_and_description', 'velocity/category_icon_path/13/x7lEgCUv2oLJlZR7yqQ2me79lPVaGdmaugWrjRk6.png', NULL);

--
-- Triggers `categories`
--
DELIMITER $$
CREATE TRIGGER `trig_categories_insert` AFTER INSERT ON `categories` FOR EACH ROW BEGIN
                            DECLARE urlPath VARCHAR(255);
            DECLARE localeCode VARCHAR(255);
            DECLARE done INT;
            DECLARE curs CURSOR FOR (SELECT category_translations.locale
                    FROM category_translations
                    WHERE category_id = NEW.id);
            DECLARE CONTINUE HANDLER FOR NOT FOUND SET done = 1;


            IF EXISTS (
                SELECT *
                FROM category_translations
                WHERE category_id = NEW.id
            )
            THEN

                OPEN curs;

            	SET done = 0;
                REPEAT
                	FETCH curs INTO localeCode;

                    SELECT get_url_path_of_category(NEW.id, localeCode) INTO urlPath;

                    IF NEW.parent_id IS NULL
                    THEN
                        SET urlPath = '';
                    END IF;

                    UPDATE category_translations
                    SET url_path = urlPath
                    WHERE
                        category_translations.category_id = NEW.id
                        AND category_translations.locale = localeCode;

                UNTIL done END REPEAT;

                CLOSE curs;

            END IF;
            END
$$
DELIMITER ;
DELIMITER $$
CREATE TRIGGER `trig_categories_update` AFTER UPDATE ON `categories` FOR EACH ROW BEGIN
                            DECLARE urlPath VARCHAR(255);
            DECLARE localeCode VARCHAR(255);
            DECLARE done INT;
            DECLARE curs CURSOR FOR (SELECT category_translations.locale
                    FROM category_translations
                    WHERE category_id = NEW.id);
            DECLARE CONTINUE HANDLER FOR NOT FOUND SET done = 1;


            IF EXISTS (
                SELECT *
                FROM category_translations
                WHERE category_id = NEW.id
            )
            THEN

                OPEN curs;

            	SET done = 0;
                REPEAT
                	FETCH curs INTO localeCode;

                    SELECT get_url_path_of_category(NEW.id, localeCode) INTO urlPath;

                    IF NEW.parent_id IS NULL
                    THEN
                        SET urlPath = '';
                    END IF;

                    UPDATE category_translations
                    SET url_path = urlPath
                    WHERE
                        category_translations.category_id = NEW.id
                        AND category_translations.locale = localeCode;

                UNTIL done END REPEAT;

                CLOSE curs;

            END IF;
            END
$$
DELIMITER ;

-- --------------------------------------------------------

--
-- Table structure for table `category_filterable_attributes`
--

CREATE TABLE `category_filterable_attributes` (
  `category_id` int UNSIGNED NOT NULL,
  `attribute_id` int UNSIGNED NOT NULL
) ENGINE=InnoDB DEFAULT CHARSET=utf8mb3 COLLATE=utf8_unicode_ci ROW_FORMAT=DYNAMIC;

--
-- Dumping data for table `category_filterable_attributes`
--

INSERT INTO `category_filterable_attributes` (`category_id`, `attribute_id`) VALUES
(1, 11),
(1, 24),
(9, 11),
(9, 24),
(9, 30),
(9, 33),
(10, 11),
(10, 24),
(10, 30),
(10, 33),
(11, 11),
(11, 24),
(11, 30),
(11, 33),
(12, 11),
(12, 24),
(12, 30),
(12, 33),
(13, 11),
(13, 24),
(13, 30),
(13, 33);

-- --------------------------------------------------------

--
-- Table structure for table `category_translations`
--

CREATE TABLE `category_translations` (
  `id` int UNSIGNED NOT NULL,
  `name` text CHARACTER SET utf8 COLLATE utf8_unicode_ci NOT NULL,
  `slug` varchar(191) CHARACTER SET utf8 COLLATE utf8_unicode_ci NOT NULL,
  `description` text CHARACTER SET utf8 COLLATE utf8_unicode_ci,
  `meta_title` text CHARACTER SET utf8 COLLATE utf8_unicode_ci,
  `meta_description` text CHARACTER SET utf8 COLLATE utf8_unicode_ci,
  `meta_keywords` text CHARACTER SET utf8 COLLATE utf8_unicode_ci,
  `category_id` int UNSIGNED NOT NULL,
  `locale` varchar(191) CHARACTER SET utf8 COLLATE utf8_unicode_ci NOT NULL,
  `locale_id` int UNSIGNED DEFAULT NULL,
  `url_path` varchar(2048) CHARACTER SET utf8 COLLATE utf8_unicode_ci NOT NULL COMMENT 'maintained by database triggers'
) ENGINE=InnoDB DEFAULT CHARSET=utf8mb3 COLLATE=utf8_unicode_ci ROW_FORMAT=DYNAMIC;

--
-- Dumping data for table `category_translations`
--

INSERT INTO `category_translations` (`id`, `name`, `slug`, `description`, `meta_title`, `meta_description`, `meta_keywords`, `category_id`, `locale`, `locale_id`, `url_path`) VALUES
(1, 'Root', 'root', '<p>Root</p>', '', '', '', 1, 'en', NULL, ''),
(12, '', 'root', NULL, NULL, NULL, NULL, 1, 'fr', NULL, ''),
(13, '', 'root', NULL, NULL, NULL, NULL, 1, 'nl', NULL, ''),
(14, '', 'root', NULL, NULL, NULL, NULL, 1, 'tr', NULL, ''),
(15, '', 'root', NULL, NULL, NULL, NULL, 1, 'es', NULL, ''),
(29, 'Vehicles & Cars', 'vehicles-cars', '<p>Nice</p>', '', '', '', 9, 'en', 1, 'vehicles-cars'),
(30, 'Vehicles & Cars', 'vehicles-cars', '<p>Nice</p>', '', '', '', 9, 'fr', 2, 'vehicles-cars'),
(31, 'Vehicles & Cars', 'vehicles-cars', '<p>Nice</p>', '', '', '', 9, 'nl', 3, 'vehicles-cars'),
(32, 'Vehicles & Cars', 'vehicles-cars', '<p>Nice</p>', '', '', '', 9, 'tr', 4, 'vehicles-cars'),
(33, 'Vehicles & Cars', 'vehicles-cars', '<p>Nice</p>', '', '', '', 9, 'es', 5, 'vehicles-cars'),
(34, 'Riding Toys', 'riding-toys', '<p>Nice&nbsp;</p>', '', '', '', 10, 'en', 1, 'riding-toys'),
(35, 'Riding Toys', 'riding-toys', '<p>Nice&nbsp;</p>', '', '', '', 10, 'fr', 2, 'riding-toys'),
(36, 'Riding Toys', 'riding-toys', '<p>Nice&nbsp;</p>', '', '', '', 10, 'nl', 3, 'riding-toys'),
(37, 'Riding Toys', 'riding-toys', '<p>Nice&nbsp;</p>', '', '', '', 10, 'tr', 4, 'riding-toys'),
(38, 'Riding Toys', 'riding-toys', '<p>Nice&nbsp;</p>', '', '', '', 10, 'es', 5, 'riding-toys'),
(39, 'Dolls & Dollhouse', 'dolls-dollhouse', '<p>Nice&nbsp;</p>', '', '', '', 11, 'en', 1, 'dolls-dollhouse'),
(40, 'Dolls & Dollhouse', 'dolls-dollhouse', '<p>Nice&nbsp;</p>', '', '', '', 11, 'fr', 2, 'dolls-dollhouse'),
(41, 'Dolls & Dollhouse', 'dolls-dollhouse', '<p>Nice&nbsp;</p>', '', '', '', 11, 'nl', 3, 'dolls-dollhouse'),
(42, 'Dolls & Dollhouse', 'dolls-dollhouse', '<p>Nice&nbsp;</p>', '', '', '', 11, 'tr', 4, 'dolls-dollhouse'),
(43, 'Dolls & Dollhouse', 'dolls-dollhouse', '<p>Nice&nbsp;</p>', '', '', '', 11, 'es', 5, 'dolls-dollhouse'),
(44, 'Action Figures', 'action-figures', '<p>Nice</p>', '', '', '', 12, 'en', 1, 'action-figures'),
(45, 'Action Figures', 'action-figures', '<p>Nice</p>', '', '', '', 12, 'fr', 2, 'action-figures'),
(46, 'Action Figures', 'action-figures', '<p>Nice</p>', '', '', '', 12, 'nl', 3, 'action-figures'),
(47, 'Action Figures', 'action-figures', '<p>Nice</p>', '', '', '', 12, 'tr', 4, 'action-figures'),
(48, 'Action Figures', 'action-figures', '<p>Nice</p>', '', '', '', 12, 'es', 5, 'action-figures'),
(49, 'Stuffed Animals', 'stuffed-animals', '<p>Nice</p>', '', '', '', 13, 'en', 1, 'stuffed-animals'),
(50, 'Stuffed Animals', 'stuffed-animals', '<p>Nice</p>', '', '', '', 13, 'fr', 2, 'stuffed-animals'),
(51, 'Stuffed Animals', 'stuffed-animals', '<p>Nice</p>', '', '', '', 13, 'nl', 3, 'stuffed-animals'),
(52, 'Stuffed Animals', 'stuffed-animals', '<p>Nice</p>', '', '', '', 13, 'tr', 4, 'stuffed-animals'),
(53, 'Stuffed Animals', 'stuffed-animals', '<p>Nice</p>', '', '', '', 13, 'es', 5, 'stuffed-animals');

--
-- Triggers `category_translations`
--
DELIMITER $$
CREATE TRIGGER `trig_category_translations_insert` BEFORE INSERT ON `category_translations` FOR EACH ROW BEGIN
                            DECLARE parentUrlPath varchar(255);
            DECLARE urlPath varchar(255);

            IF NOT EXISTS (
                SELECT id
                FROM categories
                WHERE
                    id = NEW.category_id
                    AND parent_id IS NULL
            )
            THEN

                SELECT
                    GROUP_CONCAT(parent_translations.slug SEPARATOR '/') INTO parentUrlPath
                FROM
                    categories AS node,
                    categories AS parent
                    JOIN category_translations AS parent_translations ON parent.id = parent_translations.category_id
                WHERE
                    node._lft >= parent._lft
                    AND node._rgt <= parent._rgt
                    AND node.id = (SELECT parent_id FROM categories WHERE id = NEW.category_id)
                    AND node.parent_id IS NOT NULL
                    AND parent.parent_id IS NOT NULL
                    AND parent_translations.locale = NEW.locale
                GROUP BY
                    node.id;

                IF parentUrlPath IS NULL
                THEN
                    SET urlPath = NEW.slug;
                ELSE
                    SET urlPath = concat(parentUrlPath, '/', NEW.slug);
                END IF;

                SET NEW.url_path = urlPath;

            END IF;
            END
$$
DELIMITER ;
DELIMITER $$
CREATE TRIGGER `trig_category_translations_update` BEFORE UPDATE ON `category_translations` FOR EACH ROW BEGIN
                            DECLARE parentUrlPath varchar(255);
            DECLARE urlPath varchar(255);

            IF NOT EXISTS (
                SELECT id
                FROM categories
                WHERE
                    id = NEW.category_id
                    AND parent_id IS NULL
            )
            THEN

                SELECT
                    GROUP_CONCAT(parent_translations.slug SEPARATOR '/') INTO parentUrlPath
                FROM
                    categories AS node,
                    categories AS parent
                    JOIN category_translations AS parent_translations ON parent.id = parent_translations.category_id
                WHERE
                    node._lft >= parent._lft
                    AND node._rgt <= parent._rgt
                    AND node.id = (SELECT parent_id FROM categories WHERE id = NEW.category_id)
                    AND node.parent_id IS NOT NULL
                    AND parent.parent_id IS NOT NULL
                    AND parent_translations.locale = NEW.locale
                GROUP BY
                    node.id;

                IF parentUrlPath IS NULL
                THEN
                    SET urlPath = NEW.slug;
                ELSE
                    SET urlPath = concat(parentUrlPath, '/', NEW.slug);
                END IF;

                SET NEW.url_path = urlPath;

            END IF;
            END
$$
DELIMITER ;

-- --------------------------------------------------------

--
-- Table structure for table `channels`
--

CREATE TABLE `channels` (
  `id` int UNSIGNED NOT NULL,
  `code` varchar(191) CHARACTER SET utf8 COLLATE utf8_unicode_ci NOT NULL,
  `timezone` varchar(191) CHARACTER SET utf8 COLLATE utf8_unicode_ci DEFAULT NULL,
  `theme` varchar(191) CHARACTER SET utf8 COLLATE utf8_unicode_ci DEFAULT NULL,
  `hostname` varchar(191) CHARACTER SET utf8 COLLATE utf8_unicode_ci DEFAULT NULL,
  `logo` varchar(191) CHARACTER SET utf8 COLLATE utf8_unicode_ci DEFAULT NULL,
  `favicon` varchar(191) CHARACTER SET utf8 COLLATE utf8_unicode_ci DEFAULT NULL,
  `is_maintenance_on` tinyint(1) NOT NULL DEFAULT '0',
  `allowed_ips` text CHARACTER SET utf8 COLLATE utf8_unicode_ci,
  `default_locale_id` int UNSIGNED NOT NULL,
  `base_currency_id` int UNSIGNED NOT NULL,
  `created_at` timestamp NULL DEFAULT NULL,
  `updated_at` timestamp NULL DEFAULT NULL,
  `root_category_id` int UNSIGNED DEFAULT NULL
) ENGINE=InnoDB DEFAULT CHARSET=utf8mb3 COLLATE=utf8_unicode_ci ROW_FORMAT=DYNAMIC;

--
-- Dumping data for table `channels`
--

INSERT INTO `channels` (`id`, `code`, `timezone`, `theme`, `hostname`, `logo`, `favicon`, `is_maintenance_on`, `allowed_ips`, `default_locale_id`, `base_currency_id`, `created_at`, `updated_at`, `root_category_id`) VALUES
(1, 'default', NULL, 'kiddyzone', 'http://localhost', NULL, NULL, 0, '', 1, 1, NULL, '2021-11-25 13:47:30', 1);

-- --------------------------------------------------------

--
-- Table structure for table `channel_currencies`
--

CREATE TABLE `channel_currencies` (
  `channel_id` int UNSIGNED NOT NULL,
  `currency_id` int UNSIGNED NOT NULL
) ENGINE=InnoDB DEFAULT CHARSET=utf8mb3 COLLATE=utf8_unicode_ci ROW_FORMAT=DYNAMIC;

--
-- Dumping data for table `channel_currencies`
--

INSERT INTO `channel_currencies` (`channel_id`, `currency_id`) VALUES
(1, 1);

-- --------------------------------------------------------

--
-- Table structure for table `channel_inventory_sources`
--

CREATE TABLE `channel_inventory_sources` (
  `channel_id` int UNSIGNED NOT NULL,
  `inventory_source_id` int UNSIGNED NOT NULL
) ENGINE=InnoDB DEFAULT CHARSET=utf8mb3 COLLATE=utf8_unicode_ci ROW_FORMAT=DYNAMIC;

--
-- Dumping data for table `channel_inventory_sources`
--

INSERT INTO `channel_inventory_sources` (`channel_id`, `inventory_source_id`) VALUES
(1, 1);

-- --------------------------------------------------------

--
-- Table structure for table `channel_locales`
--

CREATE TABLE `channel_locales` (
  `channel_id` int UNSIGNED NOT NULL,
  `locale_id` int UNSIGNED NOT NULL
) ENGINE=InnoDB DEFAULT CHARSET=utf8mb3 COLLATE=utf8_unicode_ci ROW_FORMAT=DYNAMIC;

--
-- Dumping data for table `channel_locales`
--

INSERT INTO `channel_locales` (`channel_id`, `locale_id`) VALUES
(1, 1);

-- --------------------------------------------------------

--
-- Table structure for table `channel_translations`
--

CREATE TABLE `channel_translations` (
  `id` bigint UNSIGNED NOT NULL,
  `channel_id` int UNSIGNED NOT NULL,
  `locale` varchar(191) CHARACTER SET utf8 COLLATE utf8_unicode_ci NOT NULL,
  `name` varchar(191) CHARACTER SET utf8 COLLATE utf8_unicode_ci NOT NULL,
  `description` text CHARACTER SET utf8 COLLATE utf8_unicode_ci,
  `home_page_content` text CHARACTER SET utf8 COLLATE utf8_unicode_ci,
  `footer_content` text CHARACTER SET utf8 COLLATE utf8_unicode_ci,
  `maintenance_mode_text` text CHARACTER SET utf8 COLLATE utf8_unicode_ci,
  `home_seo` json DEFAULT NULL,
  `created_at` timestamp NULL DEFAULT NULL,
  `updated_at` timestamp NULL DEFAULT NULL
) ENGINE=InnoDB DEFAULT CHARSET=utf8mb3 COLLATE=utf8_unicode_ci ROW_FORMAT=DYNAMIC;

--
-- Dumping data for table `channel_translations`
--

INSERT INTO `channel_translations` (`id`, `channel_id`, `locale`, `name`, `description`, `home_page_content`, `footer_content`, `maintenance_mode_text`, `home_seo`, `created_at`, `updated_at`) VALUES
(1, 1, 'en', 'Default', '', '<p>@include(\"shop::home.slider\") @include(\"shop::home.featured-products\") @include(\"shop::home.new-products\")</p>\r\n<div class=\"banner-container\">\r\n<div class=\"left-banner\"><img src=\"../../../../../themes/default/assets/images/1.webp\" data-src=\"http://localhost/themes/default/assets/images/1.webp\" class=\"lazyload\" alt=\"test\" width=\"720\" height=\"720\" /></div>\r\n<div class=\"right-banner\"><img src=\"../../../../../themes/default/assets/images/2.webp\" data-src=\"http://localhost/themes/default/assets/images/2.webp\" class=\"lazyload\" alt=\"test\" width=\"460\" height=\"330\" /> <img src=\"../../../../../themes/default/assets/images/3.webp\" data-src=\"http://localhost/themes/default/assets/images/3.webp\" class=\"lazyload\" alt=\"test\" width=\"460\" height=\"330\" /></div>\r\n</div>', '<p>Lorem ipsum dolor sit amet, consetetur sadipscing elitr, sed diam nonumy eirmod tempor invidunt ut labore et dolore magna aliquyam erat, sed diam voluptua. At vero eos et accusam et justo duo dolores et ea rebum.</p>\r\n<div class=\"list-container\"><span class=\"list-heading\">Quick Links</span>\r\n<ul class=\"list-group\">\r\n<li><a href=\"@php echo route(\'shop.cms.page\', \'about-us\') @endphp\">About Us</a></li>\r\n<li><a href=\"@php echo route(\'shop.cms.page\', \'return-policy\') @endphp\">Return Policy</a></li>\r\n<li><a href=\"@php echo route(\'shop.cms.page\', \'refund-policy\') @endphp\">Refund Policy</a></li>\r\n<li><a href=\"@php echo route(\'shop.cms.page\', \'terms-conditions\') @endphp\">Terms and conditions</a></li>\r\n<li><a href=\"@php echo route(\'shop.cms.page\', \'terms-of-use\') @endphp\">Terms of Use</a></li>\r\n<li><a href=\"@php echo route(\'shop.cms.page\', \'contact-us\') @endphp\">Contact Us</a></li>\r\n</ul>\r\n</div>\r\n<div class=\"list-container\"><span class=\"list-heading\">Connect With Us</span>\r\n<ul class=\"list-group\">\r\n<li><a href=\"#\"><span class=\"icon icon-facebook\"></span>Facebook </a></li>\r\n<li><a href=\"#\"><span class=\"icon icon-twitter\"></span> Twitter </a></li>\r\n<li><a href=\"#\"><span class=\"icon icon-instagram\"></span> Instagram </a></li>\r\n<li><a href=\"#\"> <span class=\"icon icon-google-plus\"></span>Google+ </a></li>\r\n<li><a href=\"#\"> <span class=\"icon icon-linkedin\"></span>LinkedIn </a></li>\r\n</ul>\r\n</div>\r\n<div class=\"list-container\"><span class=\"list-heading\">Connect Us</span>\r\n<ul class=\"list-group\">\r\n<li><a href=\"#\"><span class=\"icon icon-facebook\"></span>Facebook </a></li>\r\n<li><a href=\"#\"><span class=\"icon icon-twitter\"></span> Twitter </a></li>\r\n<li><a href=\"#\"><span class=\"icon icon-instagram\"></span> Instagram </a></li>\r\n<li><a href=\"#\"> <span class=\"icon icon-google-plus\"></span>Google+ </a></li>\r\n<li><a href=\"#\"> <span class=\"icon icon-linkedin\"></span>LinkedIn </a></li>\r\n</ul>\r\n</div>', '', '{\"meta_title\": \"Demo store\", \"meta_keywords\": \"Demo store meta keyword\", \"meta_description\": \"Demo store meta description\"}', NULL, '2021-11-25 13:47:31'),
(2, 1, 'fr', 'Default', NULL, '\n                    <p>@include(\"shop::home.slider\") @include(\"shop::home.featured-products\") @include(\"shop::home.new-products\")</p>\n                        <div class=\"banner-container\">\n                        <div class=\"left-banner\">\n                            <img src=http://localhost/themes/default/assets/images/1.webp data-src=http://localhost/themes/default/assets/images/1.webp class=\"lazyload\" alt=\"test\" width=\"720\" height=\"720\" />\n                        </div>\n                        <div class=\"right-banner\">\n                            <img src=http://localhost/themes/default/assets/images/2.webp data-src=http://localhost/themes/default/assets/images/2.webp class=\"lazyload\" alt=\"test\" width=\"460\" height=\"330\" />\n                            <img src=http://localhost/themes/default/assets/images/3.webp data-src=http://localhost/themes/default/assets/images/3.webp  class=\"lazyload\" alt=\"test\" width=\"460\" height=\"330\" />\n                        </div>\n                    </div>\n                ', '\n                    <div class=\"list-container\">\n                        <span class=\"list-heading\">Quick Links</span>\n                        <ul class=\"list-group\">\n                            <li><a href=\"@php echo route(\'shop.cms.page\', \'about-us\') @endphp\">About Us</a></li>\n                            <li><a href=\"@php echo route(\'shop.cms.page\', \'return-policy\') @endphp\">Return Policy</a></li>\n                            <li><a href=\"@php echo route(\'shop.cms.page\', \'refund-policy\') @endphp\">Refund Policy</a></li>\n                            <li><a href=\"@php echo route(\'shop.cms.page\', \'terms-conditions\') @endphp\">Terms and conditions</a></li>\n                            <li><a href=\"@php echo route(\'shop.cms.page\', \'terms-of-use\') @endphp\">Terms of Use</a></li><li><a href=\"@php echo route(\'shop.cms.page\', \'contact-us\') @endphp\">Contact Us</a></li>\n                        </ul>\n                    </div>\n                    <div class=\"list-container\">\n                        <span class=\"list-heading\">Connect With Us</span>\n                            <ul class=\"list-group\">\n                                <li><a href=\"#\"><span class=\"icon icon-facebook\"></span>Facebook </a></li>\n                                <li><a href=\"#\"><span class=\"icon icon-twitter\"></span> Twitter </a></li>\n                                <li><a href=\"#\"><span class=\"icon icon-instagram\"></span> Instagram </a></li>\n                                <li><a href=\"#\"> <span class=\"icon icon-google-plus\"></span>Google+ </a></li>\n                                <li><a href=\"#\"> <span class=\"icon icon-linkedin\"></span>LinkedIn </a></li>\n                            </ul>\n                        </div>\n                ', NULL, '{\"meta_title\": \"Demo store\", \"meta_keywords\": \"Demo store meta keyword\", \"meta_description\": \"Demo store meta description\"}', NULL, NULL),
(3, 1, 'nl', 'Default', NULL, '\n                    <p>@include(\"shop::home.slider\") @include(\"shop::home.featured-products\") @include(\"shop::home.new-products\")</p>\n                        <div class=\"banner-container\">\n                        <div class=\"left-banner\">\n                            <img src=http://localhost/themes/default/assets/images/1.webp data-src=http://localhost/themes/default/assets/images/1.webp class=\"lazyload\" alt=\"test\" width=\"720\" height=\"720\" />\n                        </div>\n                        <div class=\"right-banner\">\n                            <img src=http://localhost/themes/default/assets/images/2.webp data-src=http://localhost/themes/default/assets/images/2.webp class=\"lazyload\" alt=\"test\" width=\"460\" height=\"330\" />\n                            <img src=http://localhost/themes/default/assets/images/3.webp data-src=http://localhost/themes/default/assets/images/3.webp  class=\"lazyload\" alt=\"test\" width=\"460\" height=\"330\" />\n                        </div>\n                    </div>\n                ', '\n                    <div class=\"list-container\">\n                        <span class=\"list-heading\">Quick Links</span>\n                        <ul class=\"list-group\">\n                            <li><a href=\"@php echo route(\'shop.cms.page\', \'about-us\') @endphp\">About Us</a></li>\n                            <li><a href=\"@php echo route(\'shop.cms.page\', \'return-policy\') @endphp\">Return Policy</a></li>\n                            <li><a href=\"@php echo route(\'shop.cms.page\', \'refund-policy\') @endphp\">Refund Policy</a></li>\n                            <li><a href=\"@php echo route(\'shop.cms.page\', \'terms-conditions\') @endphp\">Terms and conditions</a></li>\n                            <li><a href=\"@php echo route(\'shop.cms.page\', \'terms-of-use\') @endphp\">Terms of Use</a></li><li><a href=\"@php echo route(\'shop.cms.page\', \'contact-us\') @endphp\">Contact Us</a></li>\n                        </ul>\n                    </div>\n                    <div class=\"list-container\">\n                        <span class=\"list-heading\">Connect With Us</span>\n                            <ul class=\"list-group\">\n                                <li><a href=\"#\"><span class=\"icon icon-facebook\"></span>Facebook </a></li>\n                                <li><a href=\"#\"><span class=\"icon icon-twitter\"></span> Twitter </a></li>\n                                <li><a href=\"#\"><span class=\"icon icon-instagram\"></span> Instagram </a></li>\n                                <li><a href=\"#\"> <span class=\"icon icon-google-plus\"></span>Google+ </a></li>\n                                <li><a href=\"#\"> <span class=\"icon icon-linkedin\"></span>LinkedIn </a></li>\n                            </ul>\n                        </div>\n                ', NULL, '{\"meta_title\": \"Demo store\", \"meta_keywords\": \"Demo store meta keyword\", \"meta_description\": \"Demo store meta description\"}', NULL, NULL),
(4, 1, 'tr', 'Default', NULL, '\n                    <p>@include(\"shop::home.slider\") @include(\"shop::home.featured-products\") @include(\"shop::home.new-products\")</p>\n                        <div class=\"banner-container\">\n                        <div class=\"left-banner\">\n                            <img src=http://localhost/themes/default/assets/images/1.webp data-src=http://localhost/themes/default/assets/images/1.webp class=\"lazyload\" alt=\"test\" width=\"720\" height=\"720\" />\n                        </div>\n                        <div class=\"right-banner\">\n                            <img src=http://localhost/themes/default/assets/images/2.webp data-src=http://localhost/themes/default/assets/images/2.webp class=\"lazyload\" alt=\"test\" width=\"460\" height=\"330\" />\n                            <img src=http://localhost/themes/default/assets/images/3.webp data-src=http://localhost/themes/default/assets/images/3.webp  class=\"lazyload\" alt=\"test\" width=\"460\" height=\"330\" />\n                        </div>\n                    </div>\n                ', '\n                    <div class=\"list-container\">\n                        <span class=\"list-heading\">Quick Links</span>\n                        <ul class=\"list-group\">\n                            <li><a href=\"@php echo route(\'shop.cms.page\', \'about-us\') @endphp\">About Us</a></li>\n                            <li><a href=\"@php echo route(\'shop.cms.page\', \'return-policy\') @endphp\">Return Policy</a></li>\n                            <li><a href=\"@php echo route(\'shop.cms.page\', \'refund-policy\') @endphp\">Refund Policy</a></li>\n                            <li><a href=\"@php echo route(\'shop.cms.page\', \'terms-conditions\') @endphp\">Terms and conditions</a></li>\n                            <li><a href=\"@php echo route(\'shop.cms.page\', \'terms-of-use\') @endphp\">Terms of Use</a></li><li><a href=\"@php echo route(\'shop.cms.page\', \'contact-us\') @endphp\">Contact Us</a></li>\n                        </ul>\n                    </div>\n                    <div class=\"list-container\">\n                        <span class=\"list-heading\">Connect With Us</span>\n                            <ul class=\"list-group\">\n                                <li><a href=\"#\"><span class=\"icon icon-facebook\"></span>Facebook </a></li>\n                                <li><a href=\"#\"><span class=\"icon icon-twitter\"></span> Twitter </a></li>\n                                <li><a href=\"#\"><span class=\"icon icon-instagram\"></span> Instagram </a></li>\n                                <li><a href=\"#\"> <span class=\"icon icon-google-plus\"></span>Google+ </a></li>\n                                <li><a href=\"#\"> <span class=\"icon icon-linkedin\"></span>LinkedIn </a></li>\n                            </ul>\n                        </div>\n                ', NULL, '{\"meta_title\": \"Demo store\", \"meta_keywords\": \"Demo store meta keyword\", \"meta_description\": \"Demo store meta description\"}', NULL, NULL),
(5, 1, 'es', 'Default', NULL, '\n                    <p>@include(\"shop::home.slider\") @include(\"shop::home.featured-products\") @include(\"shop::home.new-products\")</p>\n                        <div class=\"banner-container\">\n                        <div class=\"left-banner\">\n                            <img src=http://localhost/themes/default/assets/images/1.webp data-src=http://localhost/themes/default/assets/images/1.webp class=\"lazyload\" alt=\"test\" width=\"720\" height=\"720\" />\n                        </div>\n                        <div class=\"right-banner\">\n                            <img src=http://localhost/themes/default/assets/images/2.webp data-src=http://localhost/themes/default/assets/images/2.webp class=\"lazyload\" alt=\"test\" width=\"460\" height=\"330\" />\n                            <img src=http://localhost/themes/default/assets/images/3.webp data-src=http://localhost/themes/default/assets/images/3.webp  class=\"lazyload\" alt=\"test\" width=\"460\" height=\"330\" />\n                        </div>\n                    </div>\n                ', '\n                    <div class=\"list-container\">\n                        <span class=\"list-heading\">Quick Links</span>\n                        <ul class=\"list-group\">\n                            <li><a href=\"@php echo route(\'shop.cms.page\', \'about-us\') @endphp\">About Us</a></li>\n                            <li><a href=\"@php echo route(\'shop.cms.page\', \'return-policy\') @endphp\">Return Policy</a></li>\n                            <li><a href=\"@php echo route(\'shop.cms.page\', \'refund-policy\') @endphp\">Refund Policy</a></li>\n                            <li><a href=\"@php echo route(\'shop.cms.page\', \'terms-conditions\') @endphp\">Terms and conditions</a></li>\n                            <li><a href=\"@php echo route(\'shop.cms.page\', \'terms-of-use\') @endphp\">Terms of Use</a></li><li><a href=\"@php echo route(\'shop.cms.page\', \'contact-us\') @endphp\">Contact Us</a></li>\n                        </ul>\n                    </div>\n                    <div class=\"list-container\">\n                        <span class=\"list-heading\">Connect With Us</span>\n                            <ul class=\"list-group\">\n                                <li><a href=\"#\"><span class=\"icon icon-facebook\"></span>Facebook </a></li>\n                                <li><a href=\"#\"><span class=\"icon icon-twitter\"></span> Twitter </a></li>\n                                <li><a href=\"#\"><span class=\"icon icon-instagram\"></span> Instagram </a></li>\n                                <li><a href=\"#\"> <span class=\"icon icon-google-plus\"></span>Google+ </a></li>\n                                <li><a href=\"#\"> <span class=\"icon icon-linkedin\"></span>LinkedIn </a></li>\n                            </ul>\n                        </div>\n                ', NULL, '{\"meta_title\": \"Demo store\", \"meta_keywords\": \"Demo store meta keyword\", \"meta_description\": \"Demo store meta description\"}', NULL, NULL);

-- --------------------------------------------------------

--
-- Table structure for table `cms_pages`
--

CREATE TABLE `cms_pages` (
  `id` int UNSIGNED NOT NULL,
  `layout` varchar(191) CHARACTER SET utf8 COLLATE utf8_unicode_ci DEFAULT NULL,
  `created_at` timestamp NULL DEFAULT NULL,
  `updated_at` timestamp NULL DEFAULT NULL
) ENGINE=InnoDB DEFAULT CHARSET=utf8mb3 COLLATE=utf8_unicode_ci ROW_FORMAT=DYNAMIC;

--
-- Dumping data for table `cms_pages`
--

INSERT INTO `cms_pages` (`id`, `layout`, `created_at`, `updated_at`) VALUES
(1, NULL, '2021-11-14 09:18:32', '2021-11-14 09:18:32'),
(2, NULL, '2021-11-14 09:18:32', '2021-11-14 09:18:32'),
(3, NULL, '2021-11-14 09:18:32', '2021-11-14 09:18:32'),
(4, NULL, '2021-11-14 09:18:32', '2021-11-14 09:18:32'),
(5, NULL, '2021-11-14 09:18:32', '2021-11-14 09:18:32'),
(6, NULL, '2021-11-14 09:18:32', '2021-11-14 09:18:32'),
(7, NULL, '2021-11-14 09:18:32', '2021-11-14 09:18:32'),
(8, NULL, '2021-11-14 09:18:32', '2021-11-14 09:18:32'),
(9, NULL, '2021-11-14 09:18:32', '2021-11-14 09:18:32'),
(10, NULL, '2021-11-14 09:18:32', '2021-11-14 09:18:32'),
(11, NULL, '2021-11-14 09:18:32', '2021-11-14 09:18:32');

-- --------------------------------------------------------

--
-- Table structure for table `cms_page_channels`
--

CREATE TABLE `cms_page_channels` (
  `cms_page_id` int UNSIGNED NOT NULL,
  `channel_id` int UNSIGNED NOT NULL
) ENGINE=InnoDB DEFAULT CHARSET=utf8mb3 COLLATE=utf8_unicode_ci ROW_FORMAT=DYNAMIC;

-- --------------------------------------------------------

--
-- Table structure for table `cms_page_translations`
--

CREATE TABLE `cms_page_translations` (
  `id` int UNSIGNED NOT NULL,
  `page_title` varchar(191) CHARACTER SET utf8 COLLATE utf8_unicode_ci NOT NULL,
  `url_key` varchar(191) CHARACTER SET utf8 COLLATE utf8_unicode_ci NOT NULL,
  `html_content` longtext CHARACTER SET utf8 COLLATE utf8_unicode_ci,
  `meta_title` text CHARACTER SET utf8 COLLATE utf8_unicode_ci,
  `meta_description` text CHARACTER SET utf8 COLLATE utf8_unicode_ci,
  `meta_keywords` text CHARACTER SET utf8 COLLATE utf8_unicode_ci,
  `locale` varchar(191) CHARACTER SET utf8 COLLATE utf8_unicode_ci NOT NULL,
  `cms_page_id` int UNSIGNED NOT NULL
) ENGINE=InnoDB DEFAULT CHARSET=utf8mb3 COLLATE=utf8_unicode_ci ROW_FORMAT=DYNAMIC;

--
-- Dumping data for table `cms_page_translations`
--

INSERT INTO `cms_page_translations` (`id`, `page_title`, `url_key`, `html_content`, `meta_title`, `meta_description`, `meta_keywords`, `locale`, `cms_page_id`) VALUES
(1, 'About Us', 'about-us', '<div class=\"static-container\"><div class=\"mb-5\">About us page content</div></div>', 'about us', '', 'aboutus', 'en', 1),
(2, 'Return Policy', 'return-policy', '<div class=\"static-container\"><div class=\"mb-5\">Return policy page content</div></div>', 'return policy', '', 'return, policy', 'en', 2),
(3, 'Refund Policy', 'refund-policy', '<div class=\"static-container\"><div class=\"mb-5\">Refund policy page content</div></div>', 'Refund policy', '', 'refund, policy', 'en', 3),
(4, 'Terms & Conditions', 'terms-conditions', '<div class=\"static-container\"><div class=\"mb-5\">Terms & conditions page content</div></div>', 'Terms & Conditions', '', 'term, conditions', 'en', 4),
(5, 'Terms of use', 'terms-of-use', '<div class=\"static-container\"><div class=\"mb-5\">Terms of use page content</div></div>', 'Terms of use', '', 'term, use', 'en', 5),
(6, 'Contact Us', 'contact-us', '<div class=\"static-container\"><div class=\"mb-5\">Contact us page content</div></div>', 'Contact Us', '', 'contact, us', 'en', 6),
(7, 'Customer Service', 'cutomer-service', '<div class=\"static-container\"><div class=\"mb-5\">Customer service  page content</div></div>', 'Customer Service', '', 'customer, service', 'en', 7),
(8, 'What\'s New', 'whats-new', '<div class=\"static-container\"><div class=\"mb-5\">What\'s New page content</div></div>', 'What\'s New', '', 'new', 'en', 8),
(9, 'Payment Policy', 'payment-policy', '<div class=\"static-container\"><div class=\"mb-5\">Payment Policy page content</div></div>', 'Payment Policy', '', 'payment, policy', 'en', 9),
(10, 'Shipping Policy', 'shipping-policy', '<div class=\"static-container\"><div class=\"mb-5\">Shipping Policy  page content</div></div>', 'Shipping Policy', '', 'shipping, policy', 'en', 10),
(11, 'Privacy Policy', 'privacy-policy', '<div class=\"static-container\"><div class=\"mb-5\">Privacy Policy  page content</div></div>', 'Privacy Policy', '', 'privacy, policy', 'en', 11);

-- --------------------------------------------------------

--
-- Table structure for table `core_config`
--

CREATE TABLE `core_config` (
  `id` int UNSIGNED NOT NULL,
  `code` varchar(191) CHARACTER SET utf8 COLLATE utf8_unicode_ci NOT NULL,
  `value` text CHARACTER SET utf8 COLLATE utf8_unicode_ci NOT NULL,
  `channel_code` varchar(191) CHARACTER SET utf8 COLLATE utf8_unicode_ci DEFAULT NULL,
  `locale_code` varchar(191) CHARACTER SET utf8 COLLATE utf8_unicode_ci DEFAULT NULL,
  `created_at` timestamp NULL DEFAULT NULL,
  `updated_at` timestamp NULL DEFAULT NULL
) ENGINE=InnoDB DEFAULT CHARSET=utf8mb3 COLLATE=utf8_unicode_ci ROW_FORMAT=DYNAMIC;

--
-- Dumping data for table `core_config`
--

INSERT INTO `core_config` (`id`, `code`, `value`, `channel_code`, `locale_code`, `created_at`, `updated_at`) VALUES
(1, 'catalog.products.guest-checkout.allow-guest-checkout', '1', NULL, NULL, '2021-11-14 09:18:28', '2021-11-14 09:18:28'),
(2, 'emails.general.notifications.emails.general.notifications.verification', '1', NULL, NULL, '2021-11-14 09:18:28', '2021-11-14 09:18:28'),
(3, 'emails.general.notifications.emails.general.notifications.registration', '1', NULL, NULL, '2021-11-14 09:18:28', '2021-11-14 09:18:28'),
(4, 'emails.general.notifications.emails.general.notifications.customer', '1', NULL, NULL, '2021-11-14 09:18:28', '2021-11-14 09:18:28'),
(5, 'emails.general.notifications.emails.general.notifications.new-order', '1', NULL, NULL, '2021-11-14 09:18:28', '2021-11-14 09:18:28'),
(6, 'emails.general.notifications.emails.general.notifications.new-admin', '1', NULL, NULL, '2021-11-14 09:18:28', '2021-11-14 09:18:28'),
(7, 'emails.general.notifications.emails.general.notifications.new-invoice', '1', NULL, NULL, '2021-11-14 09:18:28', '2021-11-14 09:18:28'),
(8, 'emails.general.notifications.emails.general.notifications.new-refund', '1', NULL, NULL, '2021-11-14 09:18:28', '2021-11-14 09:18:28'),
(9, 'emails.general.notifications.emails.general.notifications.new-shipment', '1', NULL, NULL, '2021-11-14 09:18:28', '2021-11-14 09:18:28'),
(10, 'emails.general.notifications.emails.general.notifications.new-inventory-source', '1', NULL, NULL, '2021-11-14 09:18:28', '2021-11-14 09:18:28'),
(11, 'emails.general.notifications.emails.general.notifications.cancel-order', '1', NULL, NULL, '2021-11-14 09:18:28', '2021-11-14 09:18:28'),
(12, 'catalog.products.homepage.out_of_stock_items', '1', NULL, NULL, '2021-11-14 09:18:28', '2021-11-14 09:18:28'),
(13, 'customer.settings.social_login.enable_facebook', '1', 'default', NULL, '2021-11-14 09:18:32', '2021-11-14 09:18:32'),
(14, 'customer.settings.social_login.enable_twitter', '1', 'default', NULL, '2021-11-14 09:18:32', '2021-11-14 09:18:32'),
(15, 'customer.settings.social_login.enable_google', '1', 'default', NULL, '2021-11-14 09:18:32', '2021-11-14 09:18:32'),
(16, 'customer.settings.social_login.enable_linkedin', '1', 'default', NULL, '2021-11-14 09:18:32', '2021-11-14 09:18:32'),
(17, 'customer.settings.social_login.enable_github', '1', 'default', NULL, '2021-11-14 09:18:32', '2021-11-14 09:18:32'),
(18, 'general.content.shop.compare_option', '1', 'default', 'en', '2021-11-14 09:18:33', '2021-11-14 09:18:33'),
(19, 'general.content.shop.compare_option', '1', 'default', 'fr', '2021-11-14 09:18:33', '2021-11-14 09:18:33'),
(20, 'general.content.shop.compare_option', '1', 'default', 'ar', '2021-11-14 09:18:33', '2021-11-14 09:18:33'),
(21, 'general.content.shop.compare_option', '1', 'default', 'de', '2021-11-14 09:18:33', '2021-11-14 09:18:33'),
(22, 'general.content.shop.compare_option', '1', 'default', 'es', '2021-11-14 09:18:33', '2021-11-14 09:18:33'),
(23, 'general.content.shop.compare_option', '1', 'default', 'fa', '2021-11-14 09:18:33', '2021-11-14 09:18:33'),
(24, 'general.content.shop.compare_option', '1', 'default', 'it', '2021-11-14 09:18:33', '2021-11-14 09:18:33'),
(25, 'general.content.shop.compare_option', '1', 'default', 'ja', '2021-11-14 09:18:33', '2021-11-14 09:18:33'),
(26, 'general.content.shop.compare_option', '1', 'default', 'nl', '2021-11-14 09:18:33', '2021-11-14 09:18:33'),
(27, 'general.content.shop.compare_option', '1', 'default', 'pl', '2021-11-14 09:18:33', '2021-11-14 09:18:33'),
(28, 'general.content.shop.compare_option', '1', 'default', 'pt_BR', '2021-11-14 09:18:33', '2021-11-14 09:18:33'),
(29, 'general.content.shop.compare_option', '1', 'default', 'tr', '2021-11-14 09:18:33', '2021-11-14 09:18:33'),
(30, 'general.content.shop.wishlist_option', '1', 'default', 'en', '2021-11-14 09:18:33', '2021-11-14 09:18:33'),
(31, 'general.content.shop.wishlist_option', '1', 'default', 'fr', '2021-11-14 09:18:33', '2021-11-14 09:18:33'),
(32, 'general.content.shop.wishlist_option', '1', 'default', 'ar', '2021-11-14 09:18:33', '2021-11-14 09:18:33'),
(33, 'general.content.shop.wishlist_option', '1', 'default', 'de', '2021-11-14 09:18:33', '2021-11-14 09:18:33'),
(34, 'general.content.shop.wishlist_option', '1', 'default', 'es', '2021-11-14 09:18:33', '2021-11-14 09:18:33'),
(35, 'general.content.shop.wishlist_option', '1', 'default', 'fa', '2021-11-14 09:18:33', '2021-11-14 09:18:33'),
(36, 'general.content.shop.wishlist_option', '1', 'default', 'it', '2021-11-14 09:18:33', '2021-11-14 09:18:33'),
(37, 'general.content.shop.wishlist_option', '1', 'default', 'ja', '2021-11-14 09:18:33', '2021-11-14 09:18:33'),
(38, 'general.content.shop.wishlist_option', '1', 'default', 'nl', '2021-11-14 09:18:33', '2021-11-14 09:18:33'),
(39, 'general.content.shop.wishlist_option', '1', 'default', 'pl', '2021-11-14 09:18:33', '2021-11-14 09:18:33'),
(40, 'general.content.shop.wishlist_option', '1', 'default', 'pt_BR', '2021-11-14 09:18:33', '2021-11-14 09:18:33'),
(41, 'general.content.shop.wishlist_option', '1', 'default', 'tr', '2021-11-14 09:18:33', '2021-11-14 09:18:33'),
(42, 'general.content.shop.image_search', '1', 'default', 'en', '2021-11-14 09:18:33', '2021-11-14 09:18:33'),
(43, 'general.content.shop.image_search', '1', 'default', 'fr', '2021-11-14 09:18:33', '2021-11-14 09:18:33'),
(44, 'general.content.shop.image_search', '1', 'default', 'ar', '2021-11-14 09:18:33', '2021-11-14 09:18:33'),
(45, 'general.content.shop.image_search', '1', 'default', 'de', '2021-11-14 09:18:33', '2021-11-14 09:18:33'),
(46, 'general.content.shop.image_search', '1', 'default', 'es', '2021-11-14 09:18:33', '2021-11-14 09:18:33'),
(47, 'general.content.shop.image_search', '1', 'default', 'fa', '2021-11-14 09:18:33', '2021-11-14 09:18:33'),
(48, 'general.content.shop.image_search', '1', 'default', 'it', '2021-11-14 09:18:33', '2021-11-14 09:18:33'),
(49, 'general.content.shop.image_search', '1', 'default', 'ja', '2021-11-14 09:18:33', '2021-11-14 09:18:33'),
(50, 'general.content.shop.image_search', '1', 'default', 'nl', '2021-11-14 09:18:33', '2021-11-14 09:18:33'),
(51, 'general.content.shop.image_search', '1', 'default', 'pl', '2021-11-14 09:18:33', '2021-11-14 09:18:33'),
(52, 'general.content.shop.image_search', '1', 'default', 'pt_BR', '2021-11-14 09:18:33', '2021-11-14 09:18:33'),
(53, 'general.content.shop.image_search', '1', 'default', 'tr', '2021-11-14 09:18:33', '2021-11-14 09:18:33'),
(54, 'catalog.rich_snippets.products.enable', '1', NULL, NULL, '2021-11-27 10:15:13', '2021-11-27 10:15:13'),
(55, 'catalog.rich_snippets.products.show_sku', '0', NULL, NULL, '2021-11-27 10:15:13', '2021-11-27 10:15:13'),
(56, 'catalog.rich_snippets.products.show_weight', '0', NULL, NULL, '2021-11-27 10:15:14', '2021-11-27 10:15:14'),
(57, 'catalog.rich_snippets.products.show_categories', '1', NULL, NULL, '2021-11-27 10:15:14', '2021-11-27 10:15:14'),
(58, 'catalog.rich_snippets.products.show_images', '0', NULL, NULL, '2021-11-27 10:15:14', '2021-11-27 10:15:14'),
(59, 'catalog.rich_snippets.products.show_reviews', '1', NULL, NULL, '2021-11-27 10:15:14', '2021-11-27 10:15:14'),
(60, 'catalog.rich_snippets.products.show_ratings', '1', NULL, NULL, '2021-11-27 10:15:14', '2021-11-27 10:15:14'),
(61, 'catalog.rich_snippets.products.show_offers', '0', NULL, NULL, '2021-11-27 10:15:14', '2021-11-27 10:15:14'),
(62, 'catalog.rich_snippets.categories.enable', '0', NULL, NULL, '2021-11-27 10:15:15', '2021-11-27 10:15:15'),
(63, 'catalog.rich_snippets.categories.show_search_input_field', '0', NULL, NULL, '2021-11-27 10:15:15', '2021-11-27 10:15:15'),
(64, 'catalog.products.homepage.no_of_new_product_homepage', '', NULL, NULL, '2021-11-27 10:19:54', '2021-11-27 10:19:54'),
(65, 'catalog.products.homepage.no_of_featured_product_homepage', '', NULL, NULL, '2021-11-27 10:19:55', '2021-11-27 10:19:55'),
(66, 'catalog.products.storefront.mode', 'grid', 'default', NULL, '2021-11-27 10:19:55', '2021-11-27 10:19:55'),
(67, 'catalog.products.storefront.products_per_page', '', 'default', NULL, '2021-11-27 10:19:55', '2021-11-27 10:19:55'),
(68, 'catalog.products.storefront.sort_by', 'name-desc', 'default', NULL, '2021-11-27 10:19:55', '2021-11-27 10:19:55'),
(69, 'catalog.products.storefront.buy_now_button_display', '0', NULL, NULL, '2021-11-27 10:19:55', '2021-11-27 10:19:55'),
(70, 'catalog.products.cache-small-image.width', '', NULL, NULL, '2021-11-27 10:19:55', '2021-11-27 10:19:55'),
(71, 'catalog.products.cache-small-image.height', '', NULL, NULL, '2021-11-27 10:19:56', '2021-11-27 10:19:56'),
(72, 'catalog.products.cache-medium-image.width', '', NULL, NULL, '2021-11-27 10:19:56', '2021-11-27 10:19:56'),
(73, 'catalog.products.cache-medium-image.height', '', NULL, NULL, '2021-11-27 10:19:56', '2021-11-27 10:19:56'),
(74, 'catalog.products.cache-large-image.width', '', NULL, NULL, '2021-11-27 10:19:56', '2021-11-27 10:19:56'),
(75, 'catalog.products.cache-large-image.height', '', NULL, NULL, '2021-11-27 10:19:56', '2021-11-27 10:19:56'),
(76, 'catalog.products.review.guest_review', '1', NULL, NULL, '2021-11-27 10:19:57', '2021-11-27 10:19:57'),
(77, 'catalog.products.attribute.image_attribute_upload_size', '', NULL, NULL, '2021-11-27 10:19:57', '2021-11-27 10:19:57'),
(78, 'catalog.products.attribute.file_attribute_upload_size', '', NULL, NULL, '2021-11-27 10:19:57', '2021-11-27 10:19:57'),
(79, 'catalog.products.social_share.enabled', '0', NULL, NULL, '2021-11-27 10:19:57', '2021-11-27 10:19:57'),
(80, 'catalog.products.social_share.facebook', '0', NULL, NULL, '2021-11-27 10:19:57', '2021-11-27 10:19:57'),
(81, 'catalog.products.social_share.twitter', '0', NULL, NULL, '2021-11-27 10:19:57', '2021-11-27 10:19:57'),
(82, 'catalog.products.social_share.pinterest', '0', NULL, NULL, '2021-11-27 10:19:57', '2021-11-27 10:19:57'),
(83, 'catalog.products.social_share.whatsapp', '0', NULL, NULL, '2021-11-27 10:19:58', '2021-11-27 10:19:58'),
(84, 'catalog.products.social_share.linkedin', '0', NULL, NULL, '2021-11-27 10:19:58', '2021-11-27 10:19:58'),
(85, 'catalog.products.social_share.email', '0', NULL, NULL, '2021-11-27 10:19:58', '2021-11-27 10:19:58'),
(86, 'catalog.products.social_share.share_message', '', NULL, NULL, '2021-11-27 10:19:58', '2021-11-27 10:19:58'),
(87, 'customer.settings.address.street_lines', '', 'default', NULL, '2021-11-27 10:20:29', '2021-11-27 10:20:29'),
(88, 'customer.settings.newsletter.subscription', '1', NULL, NULL, '2021-11-27 10:20:29', '2021-11-27 10:20:29'),
(89, 'customer.settings.email.verification', '1', NULL, NULL, '2021-11-27 10:20:29', '2021-11-27 10:20:29'),
(90, 'general.general.locale_options.weight_unit', 'lbs', 'default', NULL, '2021-11-27 10:20:50', '2021-11-27 10:20:50');

-- --------------------------------------------------------

--
-- Table structure for table `countries`
--

CREATE TABLE `countries` (
  `id` int UNSIGNED NOT NULL,
  `code` varchar(191) CHARACTER SET utf8 COLLATE utf8_unicode_ci NOT NULL,
  `name` varchar(191) CHARACTER SET utf8 COLLATE utf8_unicode_ci NOT NULL
) ENGINE=InnoDB DEFAULT CHARSET=utf8mb3 COLLATE=utf8_unicode_ci ROW_FORMAT=DYNAMIC;

--
-- Dumping data for table `countries`
--

INSERT INTO `countries` (`id`, `code`, `name`) VALUES
(1, 'AF', 'Afghanistan'),
(2, 'AX', 'land Islands'),
(3, 'AL', 'Albania'),
(4, 'DZ', 'Algeria'),
(5, 'AS', 'American Samoa'),
(6, 'AD', 'Andorra'),
(7, 'AO', 'Angola'),
(8, 'AI', 'Anguilla'),
(9, 'AQ', 'Antarctica'),
(10, 'AG', 'Antigua & Barbuda'),
(11, 'AR', 'Argentina'),
(12, 'AM', 'Armenia'),
(13, 'AW', 'Aruba'),
(14, 'AC', 'Ascension Island'),
(15, 'AU', 'Australia'),
(16, 'AT', 'Austria'),
(17, 'AZ', 'Azerbaijan'),
(18, 'BS', 'Bahamas'),
(19, 'BH', 'Bahrain'),
(20, 'BD', 'Bangladesh'),
(21, 'BB', 'Barbados'),
(22, 'BY', 'Belarus'),
(23, 'BE', 'Belgium'),
(24, 'BZ', 'Belize'),
(25, 'BJ', 'Benin'),
(26, 'BM', 'Bermuda'),
(27, 'BT', 'Bhutan'),
(28, 'BO', 'Bolivia'),
(29, 'BA', 'Bosnia & Herzegovina'),
(30, 'BW', 'Botswana'),
(31, 'BR', 'Brazil'),
(32, 'IO', 'British Indian Ocean Territory'),
(33, 'VG', 'British Virgin Islands'),
(34, 'BN', 'Brunei'),
(35, 'BG', 'Bulgaria'),
(36, 'BF', 'Burkina Faso'),
(37, 'BI', 'Burundi'),
(38, 'KH', 'Cambodia'),
(39, 'CM', 'Cameroon'),
(40, 'CA', 'Canada'),
(41, 'IC', 'Canary Islands'),
(42, 'CV', 'Cape Verde'),
(43, 'BQ', 'Caribbean Netherlands'),
(44, 'KY', 'Cayman Islands'),
(45, 'CF', 'Central African Republic'),
(46, 'EA', 'Ceuta & Melilla'),
(47, 'TD', 'Chad'),
(48, 'CL', 'Chile'),
(49, 'CN', 'China'),
(50, 'CX', 'Christmas Island'),
(51, 'CC', 'Cocos (Keeling) Islands'),
(52, 'CO', 'Colombia'),
(53, 'KM', 'Comoros'),
(54, 'CG', 'Congo - Brazzaville'),
(55, 'CD', 'Congo - Kinshasa'),
(56, 'CK', 'Cook Islands'),
(57, 'CR', 'Costa Rica'),
(58, 'CI', 'Cte dIvoire'),
(59, 'HR', 'Croatia'),
(60, 'CU', 'Cuba'),
(61, 'CW', 'Curaao'),
(62, 'CY', 'Cyprus'),
(63, 'CZ', 'Czechia'),
(64, 'DK', 'Denmark'),
(65, 'DG', 'Diego Garcia'),
(66, 'DJ', 'Djibouti'),
(67, 'DM', 'Dominica'),
(68, 'DO', 'Dominican Republic'),
(69, 'EC', 'Ecuador'),
(70, 'EG', 'Egypt'),
(71, 'SV', 'El Salvador'),
(72, 'GQ', 'Equatorial Guinea'),
(73, 'ER', 'Eritrea'),
(74, 'EE', 'Estonia'),
(75, 'ET', 'Ethiopia'),
(76, 'EZ', 'Eurozone'),
(77, 'FK', 'Falkland Islands'),
(78, 'FO', 'Faroe Islands'),
(79, 'FJ', 'Fiji'),
(80, 'FI', 'Finland'),
(81, 'FR', 'France'),
(82, 'GF', 'French Guiana'),
(83, 'PF', 'French Polynesia'),
(84, 'TF', 'French Southern Territories'),
(85, 'GA', 'Gabon'),
(86, 'GM', 'Gambia'),
(87, 'GE', 'Georgia'),
(88, 'DE', 'Germany'),
(89, 'GH', 'Ghana'),
(90, 'GI', 'Gibraltar'),
(91, 'GR', 'Greece'),
(92, 'GL', 'Greenland'),
(93, 'GD', 'Grenada'),
(94, 'GP', 'Guadeloupe'),
(95, 'GU', 'Guam'),
(96, 'GT', 'Guatemala'),
(97, 'GG', 'Guernsey'),
(98, 'GN', 'Guinea'),
(99, 'GW', 'Guinea-Bissau'),
(100, 'GY', 'Guyana'),
(101, 'HT', 'Haiti'),
(102, 'HN', 'Honduras'),
(103, 'HK', 'Hong Kong SAR China'),
(104, 'HU', 'Hungary'),
(105, 'IS', 'Iceland'),
(106, 'IN', 'India'),
(107, 'ID', 'Indonesia'),
(108, 'IR', 'Iran'),
(109, 'IQ', 'Iraq'),
(110, 'IE', 'Ireland'),
(111, 'IM', 'Isle of Man'),
(112, 'IL', 'Israel'),
(113, 'IT', 'Italy'),
(114, 'JM', 'Jamaica'),
(115, 'JP', 'Japan'),
(116, 'JE', 'Jersey'),
(117, 'JO', 'Jordan'),
(118, 'KZ', 'Kazakhstan'),
(119, 'KE', 'Kenya'),
(120, 'KI', 'Kiribati'),
(121, 'XK', 'Kosovo'),
(122, 'KW', 'Kuwait'),
(123, 'KG', 'Kyrgyzstan'),
(124, 'LA', 'Laos'),
(125, 'LV', 'Latvia'),
(126, 'LB', 'Lebanon'),
(127, 'LS', 'Lesotho'),
(128, 'LR', 'Liberia'),
(129, 'LY', 'Libya'),
(130, 'LI', 'Liechtenstein'),
(131, 'LT', 'Lithuania'),
(132, 'LU', 'Luxembourg'),
(133, 'MO', 'Macau SAR China'),
(134, 'MK', 'Macedonia'),
(135, 'MG', 'Madagascar'),
(136, 'MW', 'Malawi'),
(137, 'MY', 'Malaysia'),
(138, 'MV', 'Maldives'),
(139, 'ML', 'Mali'),
(140, 'MT', 'Malta'),
(141, 'MH', 'Marshall Islands'),
(142, 'MQ', 'Martinique'),
(143, 'MR', 'Mauritania'),
(144, 'MU', 'Mauritius'),
(145, 'YT', 'Mayotte'),
(146, 'MX', 'Mexico'),
(147, 'FM', 'Micronesia'),
(148, 'MD', 'Moldova'),
(149, 'MC', 'Monaco'),
(150, 'MN', 'Mongolia'),
(151, 'ME', 'Montenegro'),
(152, 'MS', 'Montserrat'),
(153, 'MA', 'Morocco'),
(154, 'MZ', 'Mozambique'),
(155, 'MM', 'Myanmar (Burma)'),
(156, 'NA', 'Namibia'),
(157, 'NR', 'Nauru'),
(158, 'NP', 'Nepal'),
(159, 'NL', 'Netherlands'),
(160, 'NC', 'New Caledonia'),
(161, 'NZ', 'New Zealand'),
(162, 'NI', 'Nicaragua'),
(163, 'NE', 'Niger'),
(164, 'NG', 'Nigeria'),
(165, 'NU', 'Niue'),
(166, 'NF', 'Norfolk Island'),
(167, 'KP', 'North Korea'),
(168, 'MP', 'Northern Mariana Islands'),
(169, 'NO', 'Norway'),
(170, 'OM', 'Oman'),
(171, 'PK', 'Pakistan'),
(172, 'PW', 'Palau'),
(173, 'PS', 'Palestinian Territories'),
(174, 'PA', 'Panama'),
(175, 'PG', 'Papua New Guinea'),
(176, 'PY', 'Paraguay'),
(177, 'PE', 'Peru'),
(178, 'PH', 'Philippines'),
(179, 'PN', 'Pitcairn Islands'),
(180, 'PL', 'Poland'),
(181, 'PT', 'Portugal'),
(182, 'PR', 'Puerto Rico'),
(183, 'QA', 'Qatar'),
(184, 'RE', 'Runion'),
(185, 'RO', 'Romania'),
(186, 'RU', 'Russia'),
(187, 'RW', 'Rwanda'),
(188, 'WS', 'Samoa'),
(189, 'SM', 'San Marino'),
(190, 'ST', 'So Tom & Prncipe'),
(191, 'SA', 'Saudi Arabia'),
(192, 'SN', 'Senegal'),
(193, 'RS', 'Serbia'),
(194, 'SC', 'Seychelles'),
(195, 'SL', 'Sierra Leone'),
(196, 'SG', 'Singapore'),
(197, 'SX', 'Sint Maarten'),
(198, 'SK', 'Slovakia'),
(199, 'SI', 'Slovenia'),
(200, 'SB', 'Solomon Islands'),
(201, 'SO', 'Somalia'),
(202, 'ZA', 'South Africa'),
(203, 'GS', 'South Georgia & South Sandwich Islands'),
(204, 'KR', 'South Korea'),
(205, 'SS', 'South Sudan'),
(206, 'ES', 'Spain'),
(207, 'LK', 'Sri Lanka'),
(208, 'BL', 'St. Barthlemy'),
(209, 'SH', 'St. Helena'),
(210, 'KN', 'St. Kitts & Nevis'),
(211, 'LC', 'St. Lucia'),
(212, 'MF', 'St. Martin'),
(213, 'PM', 'St. Pierre & Miquelon'),
(214, 'VC', 'St. Vincent & Grenadines'),
(215, 'SD', 'Sudan'),
(216, 'SR', 'Suriname'),
(217, 'SJ', 'Svalbard & Jan Mayen'),
(218, 'SZ', 'Swaziland'),
(219, 'SE', 'Sweden'),
(220, 'CH', 'Switzerland'),
(221, 'SY', 'Syria'),
(222, 'TW', 'Taiwan'),
(223, 'TJ', 'Tajikistan'),
(224, 'TZ', 'Tanzania'),
(225, 'TH', 'Thailand'),
(226, 'TL', 'Timor-Leste'),
(227, 'TG', 'Togo'),
(228, 'TK', 'Tokelau'),
(229, 'TO', 'Tonga'),
(230, 'TT', 'Trinidad & Tobago'),
(231, 'TA', 'Tristan da Cunha'),
(232, 'TN', 'Tunisia'),
(233, 'TR', 'Turkey'),
(234, 'TM', 'Turkmenistan'),
(235, 'TC', 'Turks & Caicos Islands'),
(236, 'TV', 'Tuvalu'),
(237, 'UM', 'U.S. Outlying Islands'),
(238, 'VI', 'U.S. Virgin Islands'),
(239, 'UG', 'Uganda'),
(240, 'UA', 'Ukraine'),
(241, 'AE', 'United Arab Emirates'),
(242, 'GB', 'United Kingdom'),
(243, 'UN', 'United Nations'),
(244, 'US', 'United States'),
(245, 'UY', 'Uruguay'),
(246, 'UZ', 'Uzbekistan'),
(247, 'VU', 'Vanuatu'),
(248, 'VA', 'Vatican City'),
(249, 'VE', 'Venezuela'),
(250, 'VN', 'Vietnam'),
(251, 'WF', 'Wallis & Futuna'),
(252, 'EH', 'Western Sahara'),
(253, 'YE', 'Yemen'),
(254, 'ZM', 'Zambia'),
(255, 'ZW', 'Zimbabwe');

-- --------------------------------------------------------

--
-- Table structure for table `country_states`
--

CREATE TABLE `country_states` (
  `id` int UNSIGNED NOT NULL,
  `country_code` varchar(191) CHARACTER SET utf8 COLLATE utf8_unicode_ci DEFAULT NULL,
  `code` varchar(191) CHARACTER SET utf8 COLLATE utf8_unicode_ci DEFAULT NULL,
  `default_name` varchar(191) CHARACTER SET utf8 COLLATE utf8_unicode_ci DEFAULT NULL,
  `country_id` int UNSIGNED DEFAULT NULL
) ENGINE=InnoDB DEFAULT CHARSET=utf8mb3 COLLATE=utf8_unicode_ci ROW_FORMAT=DYNAMIC;

--
-- Dumping data for table `country_states`
--

INSERT INTO `country_states` (`id`, `country_code`, `code`, `default_name`, `country_id`) VALUES
(1, 'US', 'AL', 'Alabama', 244),
(2, 'US', 'AK', 'Alaska', 244),
(3, 'US', 'AS', 'American Samoa', 244),
(4, 'US', 'AZ', 'Arizona', 244),
(5, 'US', 'AR', 'Arkansas', 244),
(6, 'US', 'AE', 'Armed Forces Africa', 244),
(7, 'US', 'AA', 'Armed Forces Americas', 244),
(8, 'US', 'AE', 'Armed Forces Canada', 244),
(9, 'US', 'AE', 'Armed Forces Europe', 244),
(10, 'US', 'AE', 'Armed Forces Middle East', 244),
(11, 'US', 'AP', 'Armed Forces Pacific', 244),
(12, 'US', 'CA', 'California', 244),
(13, 'US', 'CO', 'Colorado', 244),
(14, 'US', 'CT', 'Connecticut', 244),
(15, 'US', 'DE', 'Delaware', 244),
(16, 'US', 'DC', 'District of Columbia', 244),
(17, 'US', 'FM', 'Federated States Of Micronesia', 244),
(18, 'US', 'FL', 'Florida', 244),
(19, 'US', 'GA', 'Georgia', 244),
(20, 'US', 'GU', 'Guam', 244),
(21, 'US', 'HI', 'Hawaii', 244),
(22, 'US', 'ID', 'Idaho', 244),
(23, 'US', 'IL', 'Illinois', 244),
(24, 'US', 'IN', 'Indiana', 244),
(25, 'US', 'IA', 'Iowa', 244),
(26, 'US', 'KS', 'Kansas', 244),
(27, 'US', 'KY', 'Kentucky', 244),
(28, 'US', 'LA', 'Louisiana', 244),
(29, 'US', 'ME', 'Maine', 244),
(30, 'US', 'MH', 'Marshall Islands', 244),
(31, 'US', 'MD', 'Maryland', 244),
(32, 'US', 'MA', 'Massachusetts', 244),
(33, 'US', 'MI', 'Michigan', 244),
(34, 'US', 'MN', 'Minnesota', 244),
(35, 'US', 'MS', 'Mississippi', 244),
(36, 'US', 'MO', 'Missouri', 244),
(37, 'US', 'MT', 'Montana', 244),
(38, 'US', 'NE', 'Nebraska', 244),
(39, 'US', 'NV', 'Nevada', 244),
(40, 'US', 'NH', 'New Hampshire', 244),
(41, 'US', 'NJ', 'New Jersey', 244),
(42, 'US', 'NM', 'New Mexico', 244),
(43, 'US', 'NY', 'New York', 244),
(44, 'US', 'NC', 'North Carolina', 244),
(45, 'US', 'ND', 'North Dakota', 244),
(46, 'US', 'MP', 'Northern Mariana Islands', 244),
(47, 'US', 'OH', 'Ohio', 244),
(48, 'US', 'OK', 'Oklahoma', 244),
(49, 'US', 'OR', 'Oregon', 244),
(50, 'US', 'PW', 'Palau', 244),
(51, 'US', 'PA', 'Pennsylvania', 244),
(52, 'US', 'PR', 'Puerto Rico', 244),
(53, 'US', 'RI', 'Rhode Island', 244),
(54, 'US', 'SC', 'South Carolina', 244),
(55, 'US', 'SD', 'South Dakota', 244),
(56, 'US', 'TN', 'Tennessee', 244),
(57, 'US', 'TX', 'Texas', 244),
(58, 'US', 'UT', 'Utah', 244),
(59, 'US', 'VT', 'Vermont', 244),
(60, 'US', 'VI', 'Virgin Islands', 244),
(61, 'US', 'VA', 'Virginia', 244),
(62, 'US', 'WA', 'Washington', 244),
(63, 'US', 'WV', 'West Virginia', 244),
(64, 'US', 'WI', 'Wisconsin', 244),
(65, 'US', 'WY', 'Wyoming', 244),
(66, 'CA', 'AB', 'Alberta', 40),
(67, 'CA', 'BC', 'British Columbia', 40),
(68, 'CA', 'MB', 'Manitoba', 40),
(69, 'CA', 'NL', 'Newfoundland and Labrador', 40),
(70, 'CA', 'NB', 'New Brunswick', 40),
(71, 'CA', 'NS', 'Nova Scotia', 40),
(72, 'CA', 'NT', 'Northwest Territories', 40),
(73, 'CA', 'NU', 'Nunavut', 40),
(74, 'CA', 'ON', 'Ontario', 40),
(75, 'CA', 'PE', 'Prince Edward Island', 40),
(76, 'CA', 'QC', 'Quebec', 40),
(77, 'CA', 'SK', 'Saskatchewan', 40),
(78, 'CA', 'YT', 'Yukon Territory', 40),
(79, 'DE', 'NDS', 'Niedersachsen', 88),
(80, 'DE', 'BAW', 'Baden-Wrttemberg', 88),
(81, 'DE', 'BAY', 'Bayern', 88),
(82, 'DE', 'BER', 'Berlin', 88),
(83, 'DE', 'BRG', 'Brandenburg', 88),
(84, 'DE', 'BRE', 'Bremen', 88),
(85, 'DE', 'HAM', 'Hamburg', 88),
(86, 'DE', 'HES', 'Hessen', 88),
(87, 'DE', 'MEC', 'Mecklenburg-Vorpommern', 88),
(88, 'DE', 'NRW', 'Nordrhein-Westfalen', 88),
(89, 'DE', 'RHE', 'Rheinland-Pfalz', 88),
(90, 'DE', 'SAR', 'Saarland', 88),
(91, 'DE', 'SAS', 'Sachsen', 88),
(92, 'DE', 'SAC', 'Sachsen-Anhalt', 88),
(93, 'DE', 'SCN', 'Schleswig-Holstein', 88),
(94, 'DE', 'THE', 'Thringen', 88),
(95, 'AT', 'WI', 'Wien', 16),
(96, 'AT', 'NO', 'Niedersterreich', 16),
(97, 'AT', 'OO', 'Obersterreich', 16),
(98, 'AT', 'SB', 'Salzburg', 16),
(99, 'AT', 'KN', 'Krnten', 16),
(100, 'AT', 'ST', 'Steiermark', 16),
(101, 'AT', 'TI', 'Tirol', 16),
(102, 'AT', 'BL', 'Burgenland', 16),
(103, 'AT', 'VB', 'Vorarlberg', 16),
(104, 'CH', 'AG', 'Aargau', 220),
(105, 'CH', 'AI', 'Appenzell Innerrhoden', 220),
(106, 'CH', 'AR', 'Appenzell Ausserrhoden', 220),
(107, 'CH', 'BE', 'Bern', 220),
(108, 'CH', 'BL', 'Basel-Landschaft', 220),
(109, 'CH', 'BS', 'Basel-Stadt', 220),
(110, 'CH', 'FR', 'Freiburg', 220),
(111, 'CH', 'GE', 'Genf', 220),
(112, 'CH', 'GL', 'Glarus', 220),
(113, 'CH', 'GR', 'Graubnden', 220),
(114, 'CH', 'JU', 'Jura', 220),
(115, 'CH', 'LU', 'Luzern', 220),
(116, 'CH', 'NE', 'Neuenburg', 220),
(117, 'CH', 'NW', 'Nidwalden', 220),
(118, 'CH', 'OW', 'Obwalden', 220),
(119, 'CH', 'SG', 'St. Gallen', 220),
(120, 'CH', 'SH', 'Schaffhausen', 220),
(121, 'CH', 'SO', 'Solothurn', 220),
(122, 'CH', 'SZ', 'Schwyz', 220),
(123, 'CH', 'TG', 'Thurgau', 220),
(124, 'CH', 'TI', 'Tessin', 220),
(125, 'CH', 'UR', 'Uri', 220),
(126, 'CH', 'VD', 'Waadt', 220),
(127, 'CH', 'VS', 'Wallis', 220),
(128, 'CH', 'ZG', 'Zug', 220),
(129, 'CH', 'ZH', 'Zrich', 220),
(130, 'ES', 'A Corua', 'A Corua', 206),
(131, 'ES', 'Alava', 'Alava', 206),
(132, 'ES', 'Albacete', 'Albacete', 206),
(133, 'ES', 'Alicante', 'Alicante', 206),
(134, 'ES', 'Almeria', 'Almeria', 206),
(135, 'ES', 'Asturias', 'Asturias', 206),
(136, 'ES', 'Avila', 'Avila', 206),
(137, 'ES', 'Badajoz', 'Badajoz', 206),
(138, 'ES', 'Baleares', 'Baleares', 206),
(139, 'ES', 'Barcelona', 'Barcelona', 206),
(140, 'ES', 'Burgos', 'Burgos', 206),
(141, 'ES', 'Caceres', 'Caceres', 206),
(142, 'ES', 'Cadiz', 'Cadiz', 206),
(143, 'ES', 'Cantabria', 'Cantabria', 206),
(144, 'ES', 'Castellon', 'Castellon', 206),
(145, 'ES', 'Ceuta', 'Ceuta', 206),
(146, 'ES', 'Ciudad Real', 'Ciudad Real', 206),
(147, 'ES', 'Cordoba', 'Cordoba', 206),
(148, 'ES', 'Cuenca', 'Cuenca', 206),
(149, 'ES', 'Girona', 'Girona', 206),
(150, 'ES', 'Granada', 'Granada', 206),
(151, 'ES', 'Guadalajara', 'Guadalajara', 206),
(152, 'ES', 'Guipuzcoa', 'Guipuzcoa', 206),
(153, 'ES', 'Huelva', 'Huelva', 206),
(154, 'ES', 'Huesca', 'Huesca', 206),
(155, 'ES', 'Jaen', 'Jaen', 206),
(156, 'ES', 'La Rioja', 'La Rioja', 206),
(157, 'ES', 'Las Palmas', 'Las Palmas', 206),
(158, 'ES', 'Leon', 'Leon', 206),
(159, 'ES', 'Lleida', 'Lleida', 206),
(160, 'ES', 'Lugo', 'Lugo', 206),
(161, 'ES', 'Madrid', 'Madrid', 206),
(162, 'ES', 'Malaga', 'Malaga', 206),
(163, 'ES', 'Melilla', 'Melilla', 206),
(164, 'ES', 'Murcia', 'Murcia', 206),
(165, 'ES', 'Navarra', 'Navarra', 206),
(166, 'ES', 'Ourense', 'Ourense', 206),
(167, 'ES', 'Palencia', 'Palencia', 206),
(168, 'ES', 'Pontevedra', 'Pontevedra', 206),
(169, 'ES', 'Salamanca', 'Salamanca', 206),
(170, 'ES', 'Santa Cruz de Tenerife', 'Santa Cruz de Tenerife', 206),
(171, 'ES', 'Segovia', 'Segovia', 206),
(172, 'ES', 'Sevilla', 'Sevilla', 206),
(173, 'ES', 'Soria', 'Soria', 206),
(174, 'ES', 'Tarragona', 'Tarragona', 206),
(175, 'ES', 'Teruel', 'Teruel', 206),
(176, 'ES', 'Toledo', 'Toledo', 206),
(177, 'ES', 'Valencia', 'Valencia', 206),
(178, 'ES', 'Valladolid', 'Valladolid', 206),
(179, 'ES', 'Vizcaya', 'Vizcaya', 206),
(180, 'ES', 'Zamora', 'Zamora', 206),
(181, 'ES', 'Zaragoza', 'Zaragoza', 206),
(182, 'FR', '1', 'Ain', 81),
(183, 'FR', '2', 'Aisne', 81),
(184, 'FR', '3', 'Allier', 81),
(185, 'FR', '4', 'Alpes-de-Haute-Provence', 81),
(186, 'FR', '5', 'Hautes-Alpes', 81),
(187, 'FR', '6', 'Alpes-Maritimes', 81),
(188, 'FR', '7', 'Ardche', 81),
(189, 'FR', '8', 'Ardennes', 81),
(190, 'FR', '9', 'Arige', 81),
(191, 'FR', '10', 'Aube', 81),
(192, 'FR', '11', 'Aude', 81),
(193, 'FR', '12', 'Aveyron', 81),
(194, 'FR', '13', 'Bouches-du-Rhne', 81),
(195, 'FR', '14', 'Calvados', 81),
(196, 'FR', '15', 'Cantal', 81),
(197, 'FR', '16', 'Charente', 81),
(198, 'FR', '17', 'Charente-Maritime', 81),
(199, 'FR', '18', 'Cher', 81),
(200, 'FR', '19', 'Corrze', 81),
(201, 'FR', '2A', 'Corse-du-Sud', 81),
(202, 'FR', '2B', 'Haute-Corse', 81),
(203, 'FR', '21', 'Cte-d\'Or', 81),
(204, 'FR', '22', 'Ctes-d\'Armor', 81),
(205, 'FR', '23', 'Creuse', 81),
(206, 'FR', '24', 'Dordogne', 81),
(207, 'FR', '25', 'Doubs', 81),
(208, 'FR', '26', 'Drme', 81),
(209, 'FR', '27', 'Eure', 81),
(210, 'FR', '28', 'Eure-et-Loir', 81),
(211, 'FR', '29', 'Finistre', 81),
(212, 'FR', '30', 'Gard', 81),
(213, 'FR', '31', 'Haute-Garonne', 81),
(214, 'FR', '32', 'Gers', 81),
(215, 'FR', '33', 'Gironde', 81),
(216, 'FR', '34', 'Hrault', 81),
(217, 'FR', '35', 'Ille-et-Vilaine', 81),
(218, 'FR', '36', 'Indre', 81),
(219, 'FR', '37', 'Indre-et-Loire', 81),
(220, 'FR', '38', 'Isre', 81),
(221, 'FR', '39', 'Jura', 81),
(222, 'FR', '40', 'Landes', 81),
(223, 'FR', '41', 'Loir-et-Cher', 81),
(224, 'FR', '42', 'Loire', 81),
(225, 'FR', '43', 'Haute-Loire', 81),
(226, 'FR', '44', 'Loire-Atlantique', 81),
(227, 'FR', '45', 'Loiret', 81),
(228, 'FR', '46', 'Lot', 81),
(229, 'FR', '47', 'Lot-et-Garonne', 81),
(230, 'FR', '48', 'Lozre', 81),
(231, 'FR', '49', 'Maine-et-Loire', 81),
(232, 'FR', '50', 'Manche', 81),
(233, 'FR', '51', 'Marne', 81),
(234, 'FR', '52', 'Haute-Marne', 81),
(235, 'FR', '53', 'Mayenne', 81),
(236, 'FR', '54', 'Meurthe-et-Moselle', 81),
(237, 'FR', '55', 'Meuse', 81),
(238, 'FR', '56', 'Morbihan', 81),
(239, 'FR', '57', 'Moselle', 81),
(240, 'FR', '58', 'Nivre', 81),
(241, 'FR', '59', 'Nord', 81),
(242, 'FR', '60', 'Oise', 81),
(243, 'FR', '61', 'Orne', 81),
(244, 'FR', '62', 'Pas-de-Calais', 81),
(245, 'FR', '63', 'Puy-de-Dme', 81),
(246, 'FR', '64', 'Pyrnes-Atlantiques', 81),
(247, 'FR', '65', 'Hautes-Pyrnes', 81),
(248, 'FR', '66', 'Pyrnes-Orientales', 81),
(249, 'FR', '67', 'Bas-Rhin', 81),
(250, 'FR', '68', 'Haut-Rhin', 81),
(251, 'FR', '69', 'Rhne', 81),
(252, 'FR', '70', 'Haute-Sane', 81),
(253, 'FR', '71', 'Sane-et-Loire', 81),
(254, 'FR', '72', 'Sarthe', 81),
(255, 'FR', '73', 'Savoie', 81),
(256, 'FR', '74', 'Haute-Savoie', 81),
(257, 'FR', '75', 'Paris', 81),
(258, 'FR', '76', 'Seine-Maritime', 81),
(259, 'FR', '77', 'Seine-et-Marne', 81),
(260, 'FR', '78', 'Yvelines', 81),
(261, 'FR', '79', 'Deux-Svres', 81),
(262, 'FR', '80', 'Somme', 81),
(263, 'FR', '81', 'Tarn', 81),
(264, 'FR', '82', 'Tarn-et-Garonne', 81),
(265, 'FR', '83', 'Var', 81),
(266, 'FR', '84', 'Vaucluse', 81),
(267, 'FR', '85', 'Vende', 81),
(268, 'FR', '86', 'Vienne', 81),
(269, 'FR', '87', 'Haute-Vienne', 81),
(270, 'FR', '88', 'Vosges', 81),
(271, 'FR', '89', 'Yonne', 81),
(272, 'FR', '90', 'Territoire-de-Belfort', 81),
(273, 'FR', '91', 'Essonne', 81),
(274, 'FR', '92', 'Hauts-de-Seine', 81),
(275, 'FR', '93', 'Seine-Saint-Denis', 81),
(276, 'FR', '94', 'Val-de-Marne', 81),
(277, 'FR', '95', 'Val-d\'Oise', 81),
(278, 'RO', 'AB', 'Alba', 185),
(279, 'RO', 'AR', 'Arad', 185),
(280, 'RO', 'AG', 'Arge', 185),
(281, 'RO', 'BC', 'Bacu', 185),
(282, 'RO', 'BH', 'Bihor', 185),
(283, 'RO', 'BN', 'Bistria-Nsud', 185),
(284, 'RO', 'BT', 'Botoani', 185),
(285, 'RO', 'BV', 'Braov', 185),
(286, 'RO', 'BR', 'Brila', 185),
(287, 'RO', 'B', 'Bucureti', 185),
(288, 'RO', 'BZ', 'Buzu', 185),
(289, 'RO', 'CS', 'Cara-Severin', 185),
(290, 'RO', 'CL', 'Clrai', 185),
(291, 'RO', 'CJ', 'Cluj', 185),
(292, 'RO', 'CT', 'Constana', 185),
(293, 'RO', 'CV', 'Covasna', 185),
(294, 'RO', 'DB', 'Dmbovia', 185),
(295, 'RO', 'DJ', 'Dolj', 185),
(296, 'RO', 'GL', 'Galai', 185),
(297, 'RO', 'GR', 'Giurgiu', 185),
(298, 'RO', 'GJ', 'Gorj', 185),
(299, 'RO', 'HR', 'Harghita', 185),
(300, 'RO', 'HD', 'Hunedoara', 185),
(301, 'RO', 'IL', 'Ialomia', 185),
(302, 'RO', 'IS', 'Iai', 185),
(303, 'RO', 'IF', 'Ilfov', 185),
(304, 'RO', 'MM', 'Maramure', 185),
(305, 'RO', 'MH', 'Mehedini', 185),
(306, 'RO', 'MS', 'Mure', 185),
(307, 'RO', 'NT', 'Neam', 185),
(308, 'RO', 'OT', 'Olt', 185),
(309, 'RO', 'PH', 'Prahova', 185),
(310, 'RO', 'SM', 'Satu-Mare', 185),
(311, 'RO', 'SJ', 'Slaj', 185),
(312, 'RO', 'SB', 'Sibiu', 185),
(313, 'RO', 'SV', 'Suceava', 185),
(314, 'RO', 'TR', 'Teleorman', 185),
(315, 'RO', 'TM', 'Timi', 185),
(316, 'RO', 'TL', 'Tulcea', 185),
(317, 'RO', 'VS', 'Vaslui', 185),
(318, 'RO', 'VL', 'Vlcea', 185),
(319, 'RO', 'VN', 'Vrancea', 185),
(320, 'FI', 'Lappi', 'Lappi', 80),
(321, 'FI', 'Pohjois-Pohjanmaa', 'Pohjois-Pohjanmaa', 80),
(322, 'FI', 'Kainuu', 'Kainuu', 80),
(323, 'FI', 'Pohjois-Karjala', 'Pohjois-Karjala', 80),
(324, 'FI', 'Pohjois-Savo', 'Pohjois-Savo', 80),
(325, 'FI', 'Etel-Savo', 'Etel-Savo', 80),
(326, 'FI', 'Etel-Pohjanmaa', 'Etel-Pohjanmaa', 80),
(327, 'FI', 'Pohjanmaa', 'Pohjanmaa', 80),
(328, 'FI', 'Pirkanmaa', 'Pirkanmaa', 80),
(329, 'FI', 'Satakunta', 'Satakunta', 80),
(330, 'FI', 'Keski-Pohjanmaa', 'Keski-Pohjanmaa', 80),
(331, 'FI', 'Keski-Suomi', 'Keski-Suomi', 80),
(332, 'FI', 'Varsinais-Suomi', 'Varsinais-Suomi', 80),
(333, 'FI', 'Etel-Karjala', 'Etel-Karjala', 80),
(334, 'FI', 'Pijt-Hme', 'Pijt-Hme', 80),
(335, 'FI', 'Kanta-Hme', 'Kanta-Hme', 80),
(336, 'FI', 'Uusimaa', 'Uusimaa', 80),
(337, 'FI', 'It-Uusimaa', 'It-Uusimaa', 80),
(338, 'FI', 'Kymenlaakso', 'Kymenlaakso', 80),
(339, 'FI', 'Ahvenanmaa', 'Ahvenanmaa', 80),
(340, 'EE', 'EE-37', 'Harjumaa', 74),
(341, 'EE', 'EE-39', 'Hiiumaa', 74),
(342, 'EE', 'EE-44', 'Ida-Virumaa', 74),
(343, 'EE', 'EE-49', 'Jgevamaa', 74),
(344, 'EE', 'EE-51', 'Jrvamaa', 74),
(345, 'EE', 'EE-57', 'Lnemaa', 74),
(346, 'EE', 'EE-59', 'Lne-Virumaa', 74),
(347, 'EE', 'EE-65', 'Plvamaa', 74),
(348, 'EE', 'EE-67', 'Prnumaa', 74),
(349, 'EE', 'EE-70', 'Raplamaa', 74),
(350, 'EE', 'EE-74', 'Saaremaa', 74),
(351, 'EE', 'EE-78', 'Tartumaa', 74),
(352, 'EE', 'EE-82', 'Valgamaa', 74),
(353, 'EE', 'EE-84', 'Viljandimaa', 74),
(354, 'EE', 'EE-86', 'Vrumaa', 74),
(355, 'LV', 'LV-DGV', 'Daugavpils', 125),
(356, 'LV', 'LV-JEL', 'Jelgava', 125),
(357, 'LV', 'Jkabpils', 'Jkabpils', 125),
(358, 'LV', 'LV-JUR', 'Jrmala', 125),
(359, 'LV', 'LV-LPX', 'Liepja', 125),
(360, 'LV', 'LV-LE', 'Liepjas novads', 125),
(361, 'LV', 'LV-REZ', 'Rzekne', 125),
(362, 'LV', 'LV-RIX', 'Rga', 125),
(363, 'LV', 'LV-RI', 'Rgas novads', 125),
(364, 'LV', 'Valmiera', 'Valmiera', 125),
(365, 'LV', 'LV-VEN', 'Ventspils', 125),
(366, 'LV', 'Aglonas novads', 'Aglonas novads', 125),
(367, 'LV', 'LV-AI', 'Aizkraukles novads', 125),
(368, 'LV', 'Aizputes novads', 'Aizputes novads', 125),
(369, 'LV', 'Aknstes novads', 'Aknstes novads', 125),
(370, 'LV', 'Alojas novads', 'Alojas novads', 125),
(371, 'LV', 'Alsungas novads', 'Alsungas novads', 125),
(372, 'LV', 'LV-AL', 'Alksnes novads', 125),
(373, 'LV', 'Amatas novads', 'Amatas novads', 125),
(374, 'LV', 'Apes novads', 'Apes novads', 125),
(375, 'LV', 'Auces novads', 'Auces novads', 125),
(376, 'LV', 'Babtes novads', 'Babtes novads', 125),
(377, 'LV', 'Baldones novads', 'Baldones novads', 125),
(378, 'LV', 'Baltinavas novads', 'Baltinavas novads', 125),
(379, 'LV', 'LV-BL', 'Balvu novads', 125),
(380, 'LV', 'LV-BU', 'Bauskas novads', 125),
(381, 'LV', 'Bevernas novads', 'Bevernas novads', 125),
(382, 'LV', 'Brocnu novads', 'Brocnu novads', 125),
(383, 'LV', 'Burtnieku novads', 'Burtnieku novads', 125),
(384, 'LV', 'Carnikavas novads', 'Carnikavas novads', 125),
(385, 'LV', 'Cesvaines novads', 'Cesvaines novads', 125),
(386, 'LV', 'Ciblas novads', 'Ciblas novads', 125),
(387, 'LV', 'LV-CE', 'Csu novads', 125),
(388, 'LV', 'Dagdas novads', 'Dagdas novads', 125),
(389, 'LV', 'LV-DA', 'Daugavpils novads', 125),
(390, 'LV', 'LV-DO', 'Dobeles novads', 125),
(391, 'LV', 'Dundagas novads', 'Dundagas novads', 125),
(392, 'LV', 'Durbes novads', 'Durbes novads', 125),
(393, 'LV', 'Engures novads', 'Engures novads', 125),
(394, 'LV', 'Garkalnes novads', 'Garkalnes novads', 125),
(395, 'LV', 'Grobias novads', 'Grobias novads', 125),
(396, 'LV', 'LV-GU', 'Gulbenes novads', 125),
(397, 'LV', 'Iecavas novads', 'Iecavas novads', 125),
(398, 'LV', 'Ikiles novads', 'Ikiles novads', 125),
(399, 'LV', 'Ilkstes novads', 'Ilkstes novads', 125),
(400, 'LV', 'Inukalna novads', 'Inukalna novads', 125),
(401, 'LV', 'Jaunjelgavas novads', 'Jaunjelgavas novads', 125),
(402, 'LV', 'Jaunpiebalgas novads', 'Jaunpiebalgas novads', 125),
(403, 'LV', 'Jaunpils novads', 'Jaunpils novads', 125),
(404, 'LV', 'LV-JL', 'Jelgavas novads', 125),
(405, 'LV', 'LV-JK', 'Jkabpils novads', 125),
(406, 'LV', 'Kandavas novads', 'Kandavas novads', 125),
(407, 'LV', 'Kokneses novads', 'Kokneses novads', 125),
(408, 'LV', 'Krimuldas novads', 'Krimuldas novads', 125),
(409, 'LV', 'Krustpils novads', 'Krustpils novads', 125),
(410, 'LV', 'LV-KR', 'Krslavas novads', 125),
(411, 'LV', 'LV-KU', 'Kuldgas novads', 125),
(412, 'LV', 'Krsavas novads', 'Krsavas novads', 125),
(413, 'LV', 'Lielvrdes novads', 'Lielvrdes novads', 125),
(414, 'LV', 'LV-LM', 'Limbau novads', 125),
(415, 'LV', 'Lubnas novads', 'Lubnas novads', 125),
(416, 'LV', 'LV-LU', 'Ludzas novads', 125),
(417, 'LV', 'Lgatnes novads', 'Lgatnes novads', 125),
(418, 'LV', 'Lvnu novads', 'Lvnu novads', 125),
(419, 'LV', 'LV-MA', 'Madonas novads', 125),
(420, 'LV', 'Mazsalacas novads', 'Mazsalacas novads', 125),
(421, 'LV', 'Mlpils novads', 'Mlpils novads', 125),
(422, 'LV', 'Mrupes novads', 'Mrupes novads', 125),
(423, 'LV', 'Nauknu novads', 'Nauknu novads', 125),
(424, 'LV', 'Neretas novads', 'Neretas novads', 125),
(425, 'LV', 'Ncas novads', 'Ncas novads', 125),
(426, 'LV', 'LV-OG', 'Ogres novads', 125),
(427, 'LV', 'Olaines novads', 'Olaines novads', 125),
(428, 'LV', 'Ozolnieku novads', 'Ozolnieku novads', 125),
(429, 'LV', 'LV-PR', 'Preiu novads', 125),
(430, 'LV', 'Priekules novads', 'Priekules novads', 125),
(431, 'LV', 'Priekuu novads', 'Priekuu novads', 125),
(432, 'LV', 'Prgaujas novads', 'Prgaujas novads', 125),
(433, 'LV', 'Pvilostas novads', 'Pvilostas novads', 125),
(434, 'LV', 'Paviu novads', 'Paviu novads', 125),
(435, 'LV', 'Raunas novads', 'Raunas novads', 125),
(436, 'LV', 'Riebiu novads', 'Riebiu novads', 125),
(437, 'LV', 'Rojas novads', 'Rojas novads', 125),
(438, 'LV', 'Ropau novads', 'Ropau novads', 125),
(439, 'LV', 'Rucavas novads', 'Rucavas novads', 125),
(440, 'LV', 'Rugju novads', 'Rugju novads', 125),
(441, 'LV', 'Rundles novads', 'Rundles novads', 125),
(442, 'LV', 'LV-RE', 'Rzeknes novads', 125),
(443, 'LV', 'Rjienas novads', 'Rjienas novads', 125),
(444, 'LV', 'Salacgrvas novads', 'Salacgrvas novads', 125),
(445, 'LV', 'Salas novads', 'Salas novads', 125),
(446, 'LV', 'Salaspils novads', 'Salaspils novads', 125),
(447, 'LV', 'LV-SA', 'Saldus novads', 125),
(448, 'LV', 'Saulkrastu novads', 'Saulkrastu novads', 125),
(449, 'LV', 'Siguldas novads', 'Siguldas novads', 125),
(450, 'LV', 'Skrundas novads', 'Skrundas novads', 125),
(451, 'LV', 'Skrveru novads', 'Skrveru novads', 125),
(452, 'LV', 'Smiltenes novads', 'Smiltenes novads', 125),
(453, 'LV', 'Stopiu novads', 'Stopiu novads', 125),
(454, 'LV', 'Strenu novads', 'Strenu novads', 125),
(455, 'LV', 'Sjas novads', 'Sjas novads', 125),
(456, 'LV', 'LV-TA', 'Talsu novads', 125),
(457, 'LV', 'LV-TU', 'Tukuma novads', 125),
(458, 'LV', 'Trvetes novads', 'Trvetes novads', 125),
(459, 'LV', 'Vaiodes novads', 'Vaiodes novads', 125),
(460, 'LV', 'LV-VK', 'Valkas novads', 125),
(461, 'LV', 'LV-VM', 'Valmieras novads', 125),
(462, 'LV', 'Varaknu novads', 'Varaknu novads', 125),
(463, 'LV', 'Vecpiebalgas novads', 'Vecpiebalgas novads', 125),
(464, 'LV', 'Vecumnieku novads', 'Vecumnieku novads', 125),
(465, 'LV', 'LV-VE', 'Ventspils novads', 125),
(466, 'LV', 'Viestes novads', 'Viestes novads', 125),
(467, 'LV', 'Viakas novads', 'Viakas novads', 125),
(468, 'LV', 'Vinu novads', 'Vinu novads', 125),
(469, 'LV', 'Vrkavas novads', 'Vrkavas novads', 125),
(470, 'LV', 'Zilupes novads', 'Zilupes novads', 125),
(471, 'LV', 'dau novads', 'dau novads', 125),
(472, 'LV', 'rgu novads', 'rgu novads', 125),
(473, 'LV', 'eguma novads', 'eguma novads', 125),
(474, 'LV', 'ekavas novads', 'ekavas novads', 125),
(475, 'LT', 'LT-AL', 'Alytaus Apskritis', 131),
(476, 'LT', 'LT-KU', 'Kauno Apskritis', 131),
(477, 'LT', 'LT-KL', 'Klaipdos Apskritis', 131),
(478, 'LT', 'LT-MR', 'Marijampols Apskritis', 131),
(479, 'LT', 'LT-PN', 'Panevio Apskritis', 131),
(480, 'LT', 'LT-SA', 'iauli Apskritis', 131),
(481, 'LT', 'LT-TA', 'Taurags Apskritis', 131),
(482, 'LT', 'LT-TE', 'Teli Apskritis', 131),
(483, 'LT', 'LT-UT', 'Utenos Apskritis', 131),
(484, 'LT', 'LT-VL', 'Vilniaus Apskritis', 131),
(485, 'BR', 'AC', 'Acre', 31),
(486, 'BR', 'AL', 'Alagoas', 31),
(487, 'BR', 'AP', 'Amap', 31),
(488, 'BR', 'AM', 'Amazonas', 31),
(489, 'BR', 'BA', 'Bahia', 31),
(490, 'BR', 'CE', 'Cear', 31),
(491, 'BR', 'ES', 'Esprito Santo', 31),
(492, 'BR', 'GO', 'Gois', 31),
(493, 'BR', 'MA', 'Maranho', 31),
(494, 'BR', 'MT', 'Mato Grosso', 31),
(495, 'BR', 'MS', 'Mato Grosso do Sul', 31),
(496, 'BR', 'MG', 'Minas Gerais', 31),
(497, 'BR', 'PA', 'Par', 31),
(498, 'BR', 'PB', 'Paraba', 31),
(499, 'BR', 'PR', 'Paran', 31),
(500, 'BR', 'PE', 'Pernambuco', 31),
(501, 'BR', 'PI', 'Piau', 31),
(502, 'BR', 'RJ', 'Rio de Janeiro', 31),
(503, 'BR', 'RN', 'Rio Grande do Norte', 31),
(504, 'BR', 'RS', 'Rio Grande do Sul', 31),
(505, 'BR', 'RO', 'Rondnia', 31),
(506, 'BR', 'RR', 'Roraima', 31),
(507, 'BR', 'SC', 'Santa Catarina', 31),
(508, 'BR', 'SP', 'So Paulo', 31),
(509, 'BR', 'SE', 'Sergipe', 31),
(510, 'BR', 'TO', 'Tocantins', 31),
(511, 'BR', 'DF', 'Distrito Federal', 31),
(512, 'HR', 'HR-01', 'Zagrebaka upanija', 59),
(513, 'HR', 'HR-02', 'Krapinsko-zagorska upanija', 59),
(514, 'HR', 'HR-03', 'Sisako-moslavaka upanija', 59),
(515, 'HR', 'HR-04', 'Karlovaka upanija', 59),
(516, 'HR', 'HR-05', 'Varadinska upanija', 59),
(517, 'HR', 'HR-06', 'Koprivniko-krievaka upanija', 59),
(518, 'HR', 'HR-07', 'Bjelovarsko-bilogorska upanija', 59),
(519, 'HR', 'HR-08', 'Primorsko-goranska upanija', 59),
(520, 'HR', 'HR-09', 'Liko-senjska upanija', 59),
(521, 'HR', 'HR-10', 'Virovitiko-podravska upanija', 59),
(522, 'HR', 'HR-11', 'Poeko-slavonska upanija', 59),
(523, 'HR', 'HR-12', 'Brodsko-posavska upanija', 59),
(524, 'HR', 'HR-13', 'Zadarska upanija', 59),
(525, 'HR', 'HR-14', 'Osjeko-baranjska upanija', 59),
(526, 'HR', 'HR-15', 'ibensko-kninska upanija', 59),
(527, 'HR', 'HR-16', 'Vukovarsko-srijemska upanija', 59),
(528, 'HR', 'HR-17', 'Splitsko-dalmatinska upanija', 59),
(529, 'HR', 'HR-18', 'Istarska upanija', 59),
(530, 'HR', 'HR-19', 'Dubrovako-neretvanska upanija', 59),
(531, 'HR', 'HR-20', 'Meimurska upanija', 59),
(532, 'HR', 'HR-21', 'Grad Zagreb', 59),
(533, 'IN', 'AN', 'Andaman and Nicobar Islands', 106),
(534, 'IN', 'AP', 'Andhra Pradesh', 106),
(535, 'IN', 'AR', 'Arunachal Pradesh', 106),
(536, 'IN', 'AS', 'Assam', 106),
(537, 'IN', 'BR', 'Bihar', 106),
(538, 'IN', 'CH', 'Chandigarh', 106),
(539, 'IN', 'CT', 'Chhattisgarh', 106),
(540, 'IN', 'DN', 'Dadra and Nagar Haveli', 106),
(541, 'IN', 'DD', 'Daman and Diu', 106),
(542, 'IN', 'DL', 'Delhi', 106),
(543, 'IN', 'GA', 'Goa', 106),
(544, 'IN', 'GJ', 'Gujarat', 106),
(545, 'IN', 'HR', 'Haryana', 106),
(546, 'IN', 'HP', 'Himachal Pradesh', 106),
(547, 'IN', 'JK', 'Jammu and Kashmir', 106),
(548, 'IN', 'JH', 'Jharkhand', 106),
(549, 'IN', 'KA', 'Karnataka', 106),
(550, 'IN', 'KL', 'Kerala', 106),
(551, 'IN', 'LD', 'Lakshadweep', 106),
(552, 'IN', 'MP', 'Madhya Pradesh', 106),
(553, 'IN', 'MH', 'Maharashtra', 106),
(554, 'IN', 'MN', 'Manipur', 106),
(555, 'IN', 'ML', 'Meghalaya', 106),
(556, 'IN', 'MZ', 'Mizoram', 106),
(557, 'IN', 'NL', 'Nagaland', 106),
(558, 'IN', 'OR', 'Odisha', 106),
(559, 'IN', 'PY', 'Puducherry', 106),
(560, 'IN', 'PB', 'Punjab', 106),
(561, 'IN', 'RJ', 'Rajasthan', 106),
(562, 'IN', 'SK', 'Sikkim', 106),
(563, 'IN', 'TN', 'Tamil Nadu', 106),
(564, 'IN', 'TG', 'Telangana', 106),
(565, 'IN', 'TR', 'Tripura', 106),
(566, 'IN', 'UP', 'Uttar Pradesh', 106),
(567, 'IN', 'UT', 'Uttarakhand', 106),
(568, 'IN', 'WB', 'West Bengal', 106),
(569, 'PY', 'PY-16', 'Alto Paraguay', 176),
(570, 'PY', 'PY-10', 'Alto Paran', 176),
(571, 'PY', 'PY-13', 'Amambay', 176),
(572, 'PY', 'PY-ASU', 'Asuncin', 176),
(573, 'PY', 'PY-19', 'Boquern', 176),
(574, 'PY', 'PY-5', 'Caaguaz', 176),
(575, 'PY', 'PY-6', 'Caazap', 176),
(576, 'PY', 'PY-14', 'Canindey', 176),
(577, 'PY', 'PY-11', 'Central', 176),
(578, 'PY', 'PY-1', 'Concepcin', 176),
(579, 'PY', 'PY-3', 'Cordillera', 176),
(580, 'PY', 'PY-4', 'Guair', 176),
(581, 'PY', 'PY-7', 'Itapa', 176),
(582, 'PY', 'PY-8', 'Misiones', 176),
(583, 'PY', 'PY-9', 'Paraguar', 176),
(584, 'PY', 'PY-15', 'Presidente Hayes', 176),
(585, 'PY', 'PY-2', 'San Pedro', 176),
(586, 'PY', 'PY-12', 'eembuc', 176);

-- --------------------------------------------------------

--
-- Table structure for table `country_state_translations`
--

CREATE TABLE `country_state_translations` (
  `id` int UNSIGNED NOT NULL,
  `locale` varchar(191) CHARACTER SET utf8 COLLATE utf8_unicode_ci NOT NULL,
  `default_name` text CHARACTER SET utf8 COLLATE utf8_unicode_ci,
  `country_state_id` int UNSIGNED NOT NULL
) ENGINE=InnoDB DEFAULT CHARSET=utf8mb3 COLLATE=utf8_unicode_ci ROW_FORMAT=DYNAMIC;

--
-- Dumping data for table `country_state_translations`
--

INSERT INTO `country_state_translations` (`id`, `locale`, `default_name`, `country_state_id`) VALUES
(1, 'ar', '', 1),
(2, 'ar', '', 2),
(3, 'ar', ' ', 3),
(4, 'ar', '', 4),
(5, 'ar', '', 5),
(6, 'ar', '  ', 6),
(7, 'ar', '  ', 7),
(8, 'ar', '  ', 8),
(9, 'ar', '  ', 9),
(10, 'ar', '   ', 10),
(11, 'ar', '    ', 11),
(12, 'ar', '', 12),
(13, 'ar', '', 13),
(14, 'ar', '', 14),
(15, 'ar', '', 15),
(16, 'ar', ' ', 16),
(17, 'ar', '  ', 17),
(18, 'ar', '', 18),
(19, 'ar', '', 19),
(20, 'ar', '', 20),
(21, 'ar', '', 21),
(22, 'ar', '', 22),
(23, 'ar', '', 23),
(24, 'ar', '', 24),
(25, 'ar', '', 25),
(26, 'ar', '', 26),
(27, 'ar', '', 27),
(28, 'ar', '', 28),
(29, 'ar', '', 29),
(30, 'ar', ' ', 30),
(31, 'ar', '', 31),
(32, 'ar', '', 32),
(33, 'ar', '', 33),
(34, 'ar', '', 34),
(35, 'ar', '', 35),
(36, 'ar', '', 36),
(37, 'ar', '', 37),
(38, 'ar', '', 38),
(39, 'ar', '', 39),
(40, 'ar', ' ', 40),
(41, 'ar', ' ', 41),
(42, 'ar', ' ', 42),
(43, 'ar', '', 43),
(44, 'ar', ' ', 44),
(45, 'ar', ' ', 45),
(46, 'ar', '  ', 46),
(47, 'ar', '', 47),
(48, 'ar', '', 48),
(49, 'ar', ' ', 49),
(50, 'ar', '', 50),
(51, 'ar', '', 51),
(52, 'ar', '', 52),
(53, 'ar', ' ', 53),
(54, 'ar', ' ', 54),
(55, 'ar', ' ', 55),
(56, 'ar', '', 56),
(57, 'ar', '', 57),
(58, 'ar', '', 58),
(59, 'ar', '', 59),
(60, 'ar', ' ', 60),
(61, 'ar', '', 61),
(62, 'ar', '', 62),
(63, 'ar', ' ', 63),
(64, 'ar', ' ', 64),
(65, 'ar', '', 65),
(66, 'ar', '', 66),
(67, 'ar', ' ', 67),
(68, 'ar', '', 68),
(69, 'ar', ' ', 69),
(70, 'ar', ' ', 70),
(71, 'ar', '  ', 71),
(72, 'ar', '  ', 72),
(73, 'ar', '', 73),
(74, 'ar', '', 74),
(75, 'ar', '  ', 75),
(76, 'ar', '', 76),
(77, 'ar', '', 77),
(78, 'ar', ' ', 78),
(79, 'ar', 'Niedersachsen', 79),
(80, 'ar', ' ', 80),
(81, 'ar', ' ', 81),
(82, 'ar', '', 82),
(83, 'ar', '', 83),
(84, 'ar', '', 84),
(85, 'ar', '', 85),
(86, 'ar', '', 86),
(87, 'ar', '-', 87),
(88, 'ar', ' ', 88),
(89, 'ar', '-', 89),
(90, 'ar', '', 90),
(91, 'ar', '', 91),
(92, 'ar', ' ', 92),
(93, 'ar', ' ', 93),
(94, 'ar', '', 94),
(95, 'ar', '', 95),
(96, 'ar', ' ', 96),
(97, 'ar', ' ', 97),
(98, 'ar', '', 98),
(99, 'ar', '', 99),
(100, 'ar', 'STEIERMARK', 100),
(101, 'ar', '', 101),
(102, 'ar', '', 102),
(103, 'ar', '', 103),
(104, 'ar', '', 104),
(105, 'ar', 'Appenzell Innerrhoden', 105),
(106, 'ar', ' ', 106),
(107, 'ar', '', 107),
(108, 'ar', '  ', 108),
(109, 'ar', ' ', 109),
(110, 'ar', '', 110),
(111, 'ar', 'Genf', 111),
(112, 'ar', '', 112),
(113, 'ar', '', 113),
(114, 'ar', '   ', 114),
(115, 'ar', '', 115),
(116, 'ar', ' Neuenburg', 116),
(117, 'ar', '', 117),
(118, 'ar', '', 118),
(119, 'ar', ' ', 119),
(120, 'ar', '', 120),
(121, 'ar', '', 121),
(122, 'ar', '', 122),
(123, 'ar', '', 123),
(124, 'ar', '', 124),
(125, 'ar', '', 125),
(126, 'ar', '', 126),
(127, 'ar', '', 127),
(128, 'ar', '', 128),
(129, 'ar', '', 129),
(130, 'ar', 'Corunha', 130),
(131, 'ar', '', 131),
(132, 'ar', '', 132),
(133, 'ar', '', 133),
(134, 'ar', '', 134),
(135, 'ar', '', 135),
(136, 'ar', '', 136),
(137, 'ar', '', 137),
(138, 'ar', '', 138),
(139, 'ar', '', 139),
(140, 'ar', '', 140),
(141, 'ar', '', 141),
(142, 'ar', '', 142),
(143, 'ar', '', 143),
(144, 'ar', '', 144),
(145, 'ar', '', 145),
(146, 'ar', ' ', 146),
(147, 'ar', '', 147),
(148, 'ar', '', 148),
(149, 'ar', '', 149),
(150, 'ar', '', 150),
(151, 'ar', '', 151),
(152, 'ar', '', 152),
(153, 'ar', '', 153),
(154, 'ar', '', 154),
(155, 'ar', '', 155),
(156, 'ar', '', 156),
(157, 'ar', ' ', 157),
(158, 'ar', '', 158),
(159, 'ar', '', 159),
(160, 'ar', '', 160),
(161, 'ar', '', 161),
(162, 'ar', '', 162),
(163, 'ar', '', 163),
(164, 'ar', '', 164),
(165, 'ar', '', 165),
(166, 'ar', '', 166),
(167, 'ar', '', 167),
(168, 'ar', '', 168),
(169, 'ar', '', 169),
(170, 'ar', '   ', 170),
(171, 'ar', '', 171),
(172, 'ar', '', 172),
(173, 'ar', '', 173),
(174, 'ar', '', 174),
(175, 'ar', '', 175),
(176, 'ar', '', 176),
(177, 'ar', '', 177),
(178, 'ar', ' ', 178),
(179, 'ar', '', 179),
(180, 'ar', '', 180),
(181, 'ar', '', 181),
(182, 'ar', '', 182),
(183, 'ar', '', 183),
(184, 'ar', '', 184),
(185, 'ar', '  ', 185),
(186, 'ar', ' ', 186),
(187, 'ar', ' ', 187),
(188, 'ar', 'ARDECHE', 188),
(189, 'ar', 'Ardennes', 189),
(190, 'ar', '', 190),
(191, 'ar', '', 191),
(192, 'ar', '', 192),
(193, 'ar', '', 193),
(194, 'ar', '  ', 194),
(195, 'ar', '', 195),
(196, 'ar', '', 196),
(197, 'ar', '', 197),
(198, 'ar', '  ', 198),
(199, 'ar', '', 199),
(200, 'ar', '', 200),
(201, 'ar', ' --', 201),
(202, 'ar', ' ', 202),
(203, 'ar', ' ', 203),
(204, 'ar', ' ', 204),
(205, 'ar', '', 205),
(206, 'ar', '', 206),
(207, 'ar', '', 207),
(208, 'ar', 'DrmeFinistre', 208),
(209, 'ar', '', 209),
(210, 'ar', ' ', 210),
(211, 'ar', '', 211),
(212, 'ar', '', 212),
(213, 'ar', ' ', 213),
(214, 'ar', '', 214),
(215, 'ar', '', 215),
(216, 'ar', '', 216),
(217, 'ar', ' ', 217),
(218, 'ar', '', 218),
(219, 'ar', ' ', 219),
(220, 'ar', '', 220),
(221, 'ar', '   ', 221),
(222, 'ar', '', 222),
(223, 'ar', ' ', 223),
(224, 'ar', '', 224),
(225, 'ar', '-', 225),
(226, 'ar', ' ', 226),
(227, 'ar', '', 227),
(228, 'ar', '', 228),
(229, 'ar', ' ', 229),
(230, 'ar', '', 230),
(231, 'ar', '--', 231),
(232, 'ar', '', 232),
(233, 'ar', '', 233),
(234, 'ar', ' ', 234),
(235, 'ar', '', 235),
(236, 'ar', ' ', 236),
(237, 'ar', '', 237),
(238, 'ar', '', 238),
(239, 'ar', '', 239),
(240, 'ar', '', 240),
(241, 'ar', '', 241),
(242, 'ar', '  ', 242),
(243, 'ar', '', 243),
(244, 'ar', '--', 244),
(245, 'ar', '  ', 245),
(246, 'ar', ' ', 246),
(247, 'ar', '-s', 247),
(248, 'ar', '-', 248),
(249, 'ar', ' ', 249),
(250, 'ar', ' ', 250),
(251, 'ar', ' [3]', 251),
(252, 'ar', '-', 252),
(253, 'ar', ' ', 253),
(254, 'ar', '', 254),
(255, 'ar', '', 255),
(256, 'ar', ' ', 256),
(257, 'ar', '', 257),
(258, 'ar', ' ', 258),
(259, 'ar', '  ', 259),
(260, 'ar', '', 260),
(261, 'ar', ' ', 261),
(262, 'ar', '', 262),
(263, 'ar', '', 263),
(264, 'ar', ' ', 264),
(265, 'ar', '', 265),
(266, 'ar', '', 266),
(267, 'ar', '', 267),
(268, 'ar', '', 268),
(269, 'ar', ' ', 269),
(270, 'ar', '', 270),
(271, 'ar', '', 271),
(272, 'ar', '--', 272),
(273, 'ar', '', 273),
(274, 'ar', '  ', 274),
(275, 'ar', '  ', 275),
(276, 'ar', '  ', 276),
(277, 'ar', ' ', 277),
(278, 'ar', '', 278),
(279, 'ar', '', 279),
(280, 'ar', 'ARGES', 280),
(281, 'ar', '', 281),
(282, 'ar', '', 282),
(283, 'ar', ' ', 283),
(284, 'ar', '', 284),
(285, 'ar', '', 285),
(286, 'ar', '', 286),
(287, 'ar', '', 287),
(288, 'ar', '', 288),
(289, 'ar', ' ', 289),
(290, 'ar', '', 290),
(291, 'ar', '', 291),
(292, 'ar', '', 292),
(293, 'ar', '', 293),
(294, 'ar', '', 294),
(295, 'ar', '', 295),
(296, 'ar', '', 296),
(297, 'ar', 'Giurgiu', 297),
(298, 'ar', '', 298),
(299, 'ar', '', 299),
(300, 'ar', '', 300),
(301, 'ar', '', 301),
(302, 'ar', '', 302),
(303, 'ar', '', 303),
(304, 'ar', '', 304),
(305, 'ar', 'MEHEDINTI', 305),
(306, 'ar', '', 306),
(307, 'ar', '', 307),
(308, 'ar', '', 308),
(309, 'ar', '', 309),
(310, 'ar', ' ', 310),
(311, 'ar', '', 311),
(312, 'ar', '', 312),
(313, 'ar', '', 313),
(314, 'ar', '', 314),
(315, 'ar', ' ', 315),
(316, 'ar', '', 316),
(317, 'ar', '', 317),
(318, 'ar', '', 318),
(319, 'ar', '', 319),
(320, 'ar', 'Lappi', 320),
(321, 'ar', 'Pohjois-Pohjanmaa', 321),
(322, 'ar', '', 322),
(323, 'ar', 'Pohjois-', 323),
(324, 'ar', 'Pohjois-', 324),
(325, 'ar', 'Etel-', 325),
(326, 'ar', 'Etel-Pohjanmaa', 326),
(327, 'ar', 'Pohjanmaa', 327),
(328, 'ar', '', 328),
(329, 'ar', ' ', 329),
(330, 'ar', '-Pohjanmaa', 330),
(331, 'ar', '-', 331),
(332, 'ar', 'Varsinais-', 332),
(333, 'ar', 'Etel-', 333),
(334, 'ar', 'Pijt-Hme', 334),
(335, 'ar', '-HAME', 335),
(336, 'ar', '', 336),
(337, 'ar', '', 337),
(338, 'ar', '', 338),
(339, 'ar', 'Ahvenanmaa', 339),
(340, 'ar', 'Harjumaa', 340),
(341, 'ar', '', 341),
(342, 'ar', '   ', 342),
(343, 'ar', '', 343),
(344, 'ar', '', 344),
(345, 'ar', '', 345),
(346, 'ar', ' ', 346),
(347, 'ar', '', 347),
(348, 'ar', '', 348),
(349, 'ar', 'Raplamaa', 349),
(350, 'ar', 'Saaremaa', 350),
(351, 'ar', 'Tartumaa', 351),
(352, 'ar', 'Valgamaa', 352),
(353, 'ar', 'Viljandimaa', 353),
(354, 'ar', ' Salacgr novvas', 354),
(355, 'ar', '', 355),
(356, 'ar', '', 356),
(357, 'ar', '', 357),
(358, 'ar', '', 358),
(359, 'ar', '', 359),
(360, 'ar', ' ', 360),
(361, 'ar', '', 361),
(362, 'ar', '', 362),
(363, 'ar', ' ', 363),
(364, 'ar', '', 364),
(365, 'ar', '', 365),
(366, 'ar', ' Aglonas', 366),
(367, 'ar', 'Aizkraukles novads', 367),
(368, 'ar', 'Aizkraukles novads', 368),
(369, 'ar', 'Aknstes novads', 369),
(370, 'ar', 'Alojas novads', 370),
(371, 'ar', ' Alsungas', 371),
(372, 'ar', ' ', 372),
(373, 'ar', ' ', 373),
(374, 'ar', ' ', 374),
(375, 'ar', ' ', 375),
(376, 'ar', ' ', 376),
(377, 'ar', 'Baldones ', 377),
(378, 'ar', ' ', 378),
(379, 'ar', ' ', 379),
(380, 'ar', 'Bauskas ', 380),
(381, 'ar', 'Bevernas novads', 381),
(382, 'ar', 'Novads Brocnu', 382),
(383, 'ar', 'Novads Burtnieku', 383),
(384, 'ar', 'Carnikavas novads', 384),
(385, 'ar', 'Cesvaines novads', 385),
(386, 'ar', 'Ciblas novads', 386),
(387, 'ar', ' ', 387),
(388, 'ar', 'Dagdas novads', 388),
(389, 'ar', 'Daugavpils novads', 389),
(390, 'ar', ' ', 390),
(391, 'ar', ' ', 391),
(392, 'ar', ' ', 392),
(393, 'ar', ' ', 393),
(394, 'ar', 'Garkalnes novads', 394),
(395, 'ar', 'Grobias novads', 395),
(396, 'ar', ' ', 396),
(397, 'ar', ' ', 397),
(398, 'ar', 'Ikkiles novads', 398),
(399, 'ar', 'Ilkstes novads', 399),
(400, 'ar', ' Inukalna', 400),
(401, 'ar', 'Jaunjelgavas novads', 401),
(402, 'ar', 'Jaunpiebalgas novads', 402),
(403, 'ar', ' Jaunpiebalgas', 403),
(404, 'ar', 'Jelgavas novads', 404),
(405, 'ar', ' ', 405),
(406, 'ar', ' ', 406),
(407, 'ar', 'Kokneses ', 407),
(408, 'ar', 'Krimuldas novads', 408),
(409, 'ar', 'Krustpils ', 409),
(410, 'ar', 'Krslavas Apriis', 410),
(411, 'ar', ' ', 411),
(412, 'ar', 'Krsavas novads', 412),
(413, 'ar', ' ', 413),
(414, 'ar', ' ', 414),
(415, 'ar', ' ', 415),
(416, 'ar', ' ', 416),
(417, 'ar', ' ', 417),
(418, 'ar', ' ', 418),
(419, 'ar', ' ', 419),
(420, 'ar', 'Mazsalacas novads', 420),
(421, 'ar', ' ', 421),
(422, 'ar', 'Mrupes novads', 422),
(423, 'ar', ' ', 423),
(424, 'ar', ' ', 424),
(425, 'ar', ' ', 425),
(426, 'ar', ' ', 426),
(427, 'ar', ' ', 427),
(428, 'ar', ' Ozolnieku', 428),
(429, 'ar', ' ', 429),
(430, 'ar', 'Priekules ', 430),
(431, 'ar', '  ', 431),
(432, 'ar', 'Prgaujas novads', 432),
(433, 'ar', ' ', 433),
(434, 'ar', ' ', 434),
(435, 'ar', ' ', 435),
(436, 'ar', 'Riebiu novads', 436),
(437, 'ar', ' ', 437),
(438, 'ar', 'Novads ', 438),
(439, 'ar', ' ', 439),
(440, 'ar', ' ', 440),
(441, 'ar', ' ', 441),
(442, 'ar', 'Radzeknes novads', 442),
(443, 'ar', 'Rjienas novads', 443),
(444, 'ar', ' ', 444),
(445, 'ar', ' ', 445),
(446, 'ar', 'Salaspils novads', 446),
(447, 'ar', ' ', 447),
(448, 'ar', 'Novuls Saulkrastu', 448),
(449, 'ar', ' ', 449),
(450, 'ar', 'Skrundas novads', 450),
(451, 'ar', ' Skrveri', 451),
(452, 'ar', ' ', 452),
(453, 'ar', ' Stopiu', 453),
(454, 'ar', ' Stren novu', 454),
(455, 'ar', ' ', 455),
(456, 'ar', ' ', 456),
(457, 'ar', ' ', 457),
(458, 'ar', 'Trvetes novads', 458),
(459, 'ar', 'Vaiodes novads', 459),
(460, 'ar', ' ', 460),
(461, 'ar', ' ', 461),
(462, 'ar', ' ', 462),
(463, 'ar', 'Vecpiebalgas novads', 463),
(464, 'ar', ' Vecumnieku', 464),
(465, 'ar', ' ', 465),
(466, 'ar', 'Viestes Novads', 466),
(467, 'ar', 'Viakas novads', 467),
(468, 'ar', ' ', 468),
(469, 'ar', 'Vrkavas novads', 469),
(470, 'ar', ' ', 470),
(471, 'ar', ' ', 471),
(472, 'ar', ' Erglu', 472),
(473, 'ar', ' ', 473),
(474, 'ar', ' ', 474),
(475, 'ar', 'Alytaus Apskritis', 475),
(476, 'ar', ' ', 476),
(477, 'ar', 'Klaipdos apskritis', 477),
(478, 'ar', 'Marijampol\'s apskritis', 478),
(479, 'ar', 'Panevio apskritis', 479),
(480, 'ar', 'uliauli apskritis', 480),
(481, 'ar', 'Taurag\'s apskritis', 481),
(482, 'ar', 'Teli apskritis', 482),
(483, 'ar', 'Utenos apskritis', 483),
(484, 'ar', ' ', 484),
(485, 'ar', '', 485),
(486, 'ar', '', 486),
(487, 'ar', '', 487),
(488, 'ar', '', 488),
(489, 'ar', '', 489),
(490, 'ar', '', 490),
(491, 'ar', ' ', 491),
(492, 'ar', '', 492),
(493, 'ar', '', 493),
(494, 'ar', ' ', 494),
(495, 'ar', '   ', 495),
(496, 'ar', ' ', 496),
(497, 'ar', '', 497),
(498, 'ar', '', 498),
(499, 'ar', '', 499),
(500, 'ar', '', 500),
(501, 'ar', '', 501),
(502, 'ar', '  ', 502),
(503, 'ar', '   ', 503),
(504, 'ar', '   ', 504),
(505, 'ar', '', 505),
(506, 'ar', '', 506),
(507, 'ar', ' ', 507),
(508, 'ar', ' ', 508),
(509, 'ar', '', 509),
(510, 'ar', '', 510),
(511, 'ar', '  ', 511),
(512, 'ar', 'Zagrebaka ', 512),
(513, 'ar', 'Krapinsko-zagorska ', 513),
(514, 'ar', 'Sisako-moslavaka ', 514),
(515, 'ar', ' ', 515),
(516, 'ar', ' ', 516),
(517, 'ar', 'Koprivniko-krievaka ', 517),
(518, 'ar', '-', 518),
(519, 'ar', '  ', 519),
(520, 'ar', '  ', 520),
(521, 'ar', 'Virovitiko-podravska ', 521),
(522, 'ar', 'Poeko-slavonska upanija', 522),
(523, 'ar', 'Brodsko-posavska upanija', 523),
(524, 'ar', ' ', 524),
(525, 'ar', 'Osjeko-baranjska upanija', 525),
(526, 'ar', '- ', 526),
(527, 'ar', 'Virovitiko-podravska ', 527),
(528, 'ar', 'Splitsko-dalmatinska ', 528),
(529, 'ar', 'Istarska ', 529),
(530, 'ar', 'Dubrovako-neretvanska ', 530),
(531, 'ar', 'Meimurska ', 531),
(532, 'ar', ' ', 532),
(533, 'ar', '  ', 533),
(534, 'ar', '  ', 534),
(535, 'ar', ' ', 535),
(536, 'ar', '', 536),
(537, 'ar', '', 537),
(538, 'ar', '', 538),
(539, 'ar', '', 539),
(540, 'ar', '  ', 540),
(541, 'ar', ' ', 541),
(542, 'ar', '', 542),
(543, 'ar', '', 543),
(544, 'ar', '', 544),
(545, 'ar', '', 545),
(546, 'ar', ' ', 546),
(547, 'ar', ' ', 547),
(548, 'ar', '', 548),
(549, 'ar', '', 549),
(550, 'ar', ' ', 550),
(551, 'ar', '', 551),
(552, 'ar', ' ', 552),
(553, 'ar', '', 553),
(554, 'ar', '', 554),
(555, 'ar', '', 555),
(556, 'ar', '', 556),
(557, 'ar', '', 557),
(558, 'ar', '', 558),
(559, 'ar', '', 559),
(560, 'ar', '', 560),
(561, 'ar', '', 561),
(562, 'ar', '', 562),
(563, 'ar', ' ', 563),
(564, 'ar', '', 564),
(565, 'ar', '', 565),
(566, 'ar', '  ', 566),
(567, 'ar', '', 567),
(568, 'ar', ' ', 568),
(569, 'es', 'Alabama', 1),
(570, 'es', 'Alaska', 2),
(571, 'es', 'American Samoa', 3),
(572, 'es', 'Arizona', 4),
(573, 'es', 'Arkansas', 5),
(574, 'es', 'Armed Forces Africa', 6),
(575, 'es', 'Armed Forces Americas', 7),
(576, 'es', 'Armed Forces Canada', 8),
(577, 'es', 'Armed Forces Europe', 9),
(578, 'es', 'Armed Forces Middle East', 10),
(579, 'es', 'Armed Forces Pacific', 11),
(580, 'es', 'California', 12),
(581, 'es', 'Colorado', 13),
(582, 'es', 'Connecticut', 14),
(583, 'es', 'Delaware', 15),
(584, 'es', 'District of Columbia', 16),
(585, 'es', 'Federated States Of Micronesia', 17),
(586, 'es', 'Florida', 18),
(587, 'es', 'Georgia', 19),
(588, 'es', 'Guam', 20),
(589, 'es', 'Hawaii', 21),
(590, 'es', 'Idaho', 22),
(591, 'es', 'Illinois', 23),
(592, 'es', 'Indiana', 24),
(593, 'es', 'Iowa', 25),
(594, 'es', 'Kansas', 26),
(595, 'es', 'Kentucky', 27),
(596, 'es', 'Louisiana', 28),
(597, 'es', 'Maine', 29),
(598, 'es', 'Marshall Islands', 30),
(599, 'es', 'Maryland', 31),
(600, 'es', 'Massachusetts', 32),
(601, 'es', 'Michigan', 33),
(602, 'es', 'Minnesota', 34),
(603, 'es', 'Mississippi', 35),
(604, 'es', 'Missouri', 36),
(605, 'es', 'Montana', 37),
(606, 'es', 'Nebraska', 38),
(607, 'es', 'Nevada', 39),
(608, 'es', 'New Hampshire', 40),
(609, 'es', 'New Jersey', 41),
(610, 'es', 'New Mexico', 42),
(611, 'es', 'New York', 43),
(612, 'es', 'North Carolina', 44),
(613, 'es', 'North Dakota', 45),
(614, 'es', 'Northern Mariana Islands', 46),
(615, 'es', 'Ohio', 47),
(616, 'es', 'Oklahoma', 48),
(617, 'es', 'Oregon', 49),
(618, 'es', 'Palau', 50),
(619, 'es', 'Pennsylvania', 51),
(620, 'es', 'Puerto Rico', 52),
(621, 'es', 'Rhode Island', 53),
(622, 'es', 'South Carolina', 54),
(623, 'es', 'South Dakota', 55),
(624, 'es', 'Tennessee', 56),
(625, 'es', 'Texas', 57),
(626, 'es', 'Utah', 58),
(627, 'es', 'Vermont', 59),
(628, 'es', 'Virgin Islands', 60),
(629, 'es', 'Virginia', 61),
(630, 'es', 'Washington', 62),
(631, 'es', 'West Virginia', 63),
(632, 'es', 'Wisconsin', 64),
(633, 'es', 'Wyoming', 65),
(634, 'es', 'Alberta', 66),
(635, 'es', 'British Columbia', 67),
(636, 'es', 'Manitoba', 68),
(637, 'es', 'Newfoundland and Labrador', 69),
(638, 'es', 'New Brunswick', 70),
(639, 'es', 'Nova Scotia', 71),
(640, 'es', 'Northwest Territories', 72),
(641, 'es', 'Nunavut', 73),
(642, 'es', 'Ontario', 74),
(643, 'es', 'Prince Edward Island', 75),
(644, 'es', 'Quebec', 76),
(645, 'es', 'Saskatchewan', 77),
(646, 'es', 'Yukon Territory', 78),
(647, 'es', 'Niedersachsen', 79),
(648, 'es', 'Baden-Wrttemberg', 80),
(649, 'es', 'Bayern', 81),
(650, 'es', 'Berlin', 82),
(651, 'es', 'Brandenburg', 83),
(652, 'es', 'Bremen', 84),
(653, 'es', 'Hamburg', 85),
(654, 'es', 'Hessen', 86),
(655, 'es', 'Mecklenburg-Vorpommern', 87),
(656, 'es', 'Nordrhein-Westfalen', 88),
(657, 'es', 'Rheinland-Pfalz', 89),
(658, 'es', 'Saarland', 90),
(659, 'es', 'Sachsen', 91),
(660, 'es', 'Sachsen-Anhalt', 92),
(661, 'es', 'Schleswig-Holstein', 93),
(662, 'es', 'Thringen', 94),
(663, 'es', 'Wien', 95),
(664, 'es', 'Niedersterreich', 96),
(665, 'es', 'Obersterreich', 97),
(666, 'es', 'Salzburg', 98),
(667, 'es', 'Krnten', 99),
(668, 'es', 'Steiermark', 100),
(669, 'es', 'Tirol', 101),
(670, 'es', 'Burgenland', 102),
(671, 'es', 'Vorarlberg', 103),
(672, 'es', 'Aargau', 104),
(673, 'es', 'Appenzell Innerrhoden', 105),
(674, 'es', 'Appenzell Ausserrhoden', 106),
(675, 'es', 'Bern', 107),
(676, 'es', 'Basel-Landschaft', 108),
(677, 'es', 'Basel-Stadt', 109),
(678, 'es', 'Freiburg', 110),
(679, 'es', 'Genf', 111),
(680, 'es', 'Glarus', 112),
(681, 'es', 'Graubnden', 113),
(682, 'es', 'Jura', 114),
(683, 'es', 'Luzern', 115),
(684, 'es', 'Neuenburg', 116),
(685, 'es', 'Nidwalden', 117),
(686, 'es', 'Obwalden', 118),
(687, 'es', 'St. Gallen', 119),
(688, 'es', 'Schaffhausen', 120),
(689, 'es', 'Solothurn', 121),
(690, 'es', 'Schwyz', 122),
(691, 'es', 'Thurgau', 123),
(692, 'es', 'Tessin', 124),
(693, 'es', 'Uri', 125),
(694, 'es', 'Waadt', 126),
(695, 'es', 'Wallis', 127),
(696, 'es', 'Zug', 128),
(697, 'es', 'Zrich', 129),
(698, 'es', 'La Corua', 130),
(699, 'es', 'lava', 131),
(700, 'es', 'Albacete', 132),
(701, 'es', 'Alicante', 133),
(702, 'es', 'Almera', 134),
(703, 'es', 'Asturias', 135),
(704, 'es', 'vila', 136),
(705, 'es', 'Badajoz', 137),
(706, 'es', 'Baleares', 138),
(707, 'es', 'Barcelona', 139),
(708, 'es', 'Burgos', 140),
(709, 'es', 'Cceres', 141),
(710, 'es', 'Cdiz', 142),
(711, 'es', 'Cantabria', 143),
(712, 'es', 'Castelln', 144),
(713, 'es', 'Ceuta', 145),
(714, 'es', 'Ciudad Real', 146),
(715, 'es', 'Crdoba', 147),
(716, 'es', 'Cuenca', 148),
(717, 'es', 'Gerona', 149),
(718, 'es', 'Granada', 150),
(719, 'es', 'Guadalajara', 151),
(720, 'es', 'Guipzcoa', 152),
(721, 'es', 'Huelva', 153),
(722, 'es', 'Huesca', 154),
(723, 'es', 'Jan', 155),
(724, 'es', 'La Rioja', 156),
(725, 'es', 'Las Palmas', 157),
(726, 'es', 'Len', 158),
(727, 'es', 'Lrida', 159),
(728, 'es', 'Lugo', 160),
(729, 'es', 'Madrid', 161),
(730, 'es', 'Mlaga', 162),
(731, 'es', 'Melilla', 163),
(732, 'es', 'Murcia', 164),
(733, 'es', 'Navarra', 165),
(734, 'es', 'Orense', 166),
(735, 'es', 'Palencia', 167),
(736, 'es', 'Pontevedra', 168),
(737, 'es', 'Salamanca', 169),
(738, 'es', 'Santa Cruz de Tenerife', 170),
(739, 'es', 'Segovia', 171),
(740, 'es', 'Sevilla', 172),
(741, 'es', 'Soria', 173),
(742, 'es', 'Tarragona', 174),
(743, 'es', 'Teruel', 175),
(744, 'es', 'Toledo', 176),
(745, 'es', 'Valencia', 177),
(746, 'es', 'Valladolid', 178),
(747, 'es', 'Vizcaya', 179),
(748, 'es', 'Zamora', 180),
(749, 'es', 'Zaragoza', 181),
(750, 'es', 'Ain', 182),
(751, 'es', 'Aisne', 183),
(752, 'es', 'Allier', 184),
(753, 'es', 'Alpes-de-Haute-Provence', 185),
(754, 'es', 'Hautes-Alpes', 186),
(755, 'es', 'Alpes-Maritimes', 187),
(756, 'es', 'Ardche', 188),
(757, 'es', 'Ardennes', 189),
(758, 'es', 'Arige', 190),
(759, 'es', 'Aube', 191),
(760, 'es', 'Aude', 192),
(761, 'es', 'Aveyron', 193),
(762, 'es', 'Bouches-du-Rhne', 194),
(763, 'es', 'Calvados', 195),
(764, 'es', 'Cantal', 196),
(765, 'es', 'Charente', 197),
(766, 'es', 'Charente-Maritime', 198),
(767, 'es', 'Cher', 199),
(768, 'es', 'Corrze', 200),
(769, 'es', 'Corse-du-Sud', 201),
(770, 'es', 'Haute-Corse', 202),
(771, 'es', 'Cte-d\'Or', 203),
(772, 'es', 'Ctes-d\'Armor', 204),
(773, 'es', 'Creuse', 205),
(774, 'es', 'Dordogne', 206),
(775, 'es', 'Doubs', 207),
(776, 'es', 'Drme', 208),
(777, 'es', 'Eure', 209),
(778, 'es', 'Eure-et-Loir', 210),
(779, 'es', 'Finistre', 211),
(780, 'es', 'Gard', 212),
(781, 'es', 'Haute-Garonne', 213),
(782, 'es', 'Gers', 214),
(783, 'es', 'Gironde', 215),
(784, 'es', 'Hrault', 216),
(785, 'es', 'Ille-et-Vilaine', 217),
(786, 'es', 'Indre', 218),
(787, 'es', 'Indre-et-Loire', 219),
(788, 'es', 'Isre', 220),
(789, 'es', 'Jura', 221),
(790, 'es', 'Landes', 222),
(791, 'es', 'Loir-et-Cher', 223),
(792, 'es', 'Loire', 224),
(793, 'es', 'Haute-Loire', 225),
(794, 'es', 'Loire-Atlantique', 226),
(795, 'es', 'Loiret', 227),
(796, 'es', 'Lot', 228),
(797, 'es', 'Lot-et-Garonne', 229),
(798, 'es', 'Lozre', 230),
(799, 'es', 'Maine-et-Loire', 231),
(800, 'es', 'Manche', 232),
(801, 'es', 'Marne', 233),
(802, 'es', 'Haute-Marne', 234),
(803, 'es', 'Mayenne', 235),
(804, 'es', 'Meurthe-et-Moselle', 236),
(805, 'es', 'Meuse', 237),
(806, 'es', 'Morbihan', 238),
(807, 'es', 'Moselle', 239),
(808, 'es', 'Nivre', 240),
(809, 'es', 'Nord', 241),
(810, 'es', 'Oise', 242),
(811, 'es', 'Orne', 243),
(812, 'es', 'Pas-de-Calais', 244),
(813, 'es', 'Puy-de-Dme', 245),
(814, 'es', 'Pyrnes-Atlantiques', 246),
(815, 'es', 'Hautes-Pyrnes', 247),
(816, 'es', 'Pyrnes-Orientales', 248),
(817, 'es', 'Bas-Rhin', 249),
(818, 'es', 'Haut-Rhin', 250),
(819, 'es', 'Rhne', 251),
(820, 'es', 'Haute-Sane', 252),
(821, 'es', 'Sane-et-Loire', 253),
(822, 'es', 'Sarthe', 254),
(823, 'es', 'Savoie', 255),
(824, 'es', 'Haute-Savoie', 256),
(825, 'es', 'Paris', 257),
(826, 'es', 'Seine-Maritime', 258),
(827, 'es', 'Seine-et-Marne', 259),
(828, 'es', 'Yvelines', 260),
(829, 'es', 'Deux-Svres', 261),
(830, 'es', 'Somme', 262),
(831, 'es', 'Tarn', 263),
(832, 'es', 'Tarn-et-Garonne', 264),
(833, 'es', 'Var', 265),
(834, 'es', 'Vaucluse', 266),
(835, 'es', 'Vende', 267),
(836, 'es', 'Vienne', 268),
(837, 'es', 'Haute-Vienne', 269),
(838, 'es', 'Vosges', 270),
(839, 'es', 'Yonne', 271),
(840, 'es', 'Territoire-de-Belfort', 272),
(841, 'es', 'Essonne', 273),
(842, 'es', 'Hauts-de-Seine', 274),
(843, 'es', 'Seine-Saint-Denis', 275),
(844, 'es', 'Val-de-Marne', 276),
(845, 'es', 'Val-d\'Oise', 277),
(846, 'es', 'Alba', 278),
(847, 'es', 'Arad', 279),
(848, 'es', 'Arge', 280),
(849, 'es', 'Bacu', 281),
(850, 'es', 'Bihor', 282),
(851, 'es', 'Bistria-Nsud', 283),
(852, 'es', 'Botoani', 284),
(853, 'es', 'Braov', 285),
(854, 'es', 'Brila', 286),
(855, 'es', 'Bucureti', 287),
(856, 'es', 'Buzu', 288),
(857, 'es', 'Cara-Severin', 289),
(858, 'es', 'Clrai', 290),
(859, 'es', 'Cluj', 291),
(860, 'es', 'Constana', 292),
(861, 'es', 'Covasna', 293),
(862, 'es', 'Dmbovia', 294),
(863, 'es', 'Dolj', 295),
(864, 'es', 'Galai', 296),
(865, 'es', 'Giurgiu', 297),
(866, 'es', 'Gorj', 298),
(867, 'es', 'Harghita', 299),
(868, 'es', 'Hunedoara', 300),
(869, 'es', 'Ialomia', 301),
(870, 'es', 'Iai', 302),
(871, 'es', 'Ilfov', 303),
(872, 'es', 'Maramure', 304),
(873, 'es', 'Mehedini', 305),
(874, 'es', 'Mure', 306),
(875, 'es', 'Neam', 307),
(876, 'es', 'Olt', 308),
(877, 'es', 'Prahova', 309),
(878, 'es', 'Satu-Mare', 310),
(879, 'es', 'Slaj', 311),
(880, 'es', 'Sibiu', 312),
(881, 'es', 'Suceava', 313),
(882, 'es', 'Teleorman', 314),
(883, 'es', 'Timi', 315),
(884, 'es', 'Tulcea', 316),
(885, 'es', 'Vaslui', 317),
(886, 'es', 'Vlcea', 318),
(887, 'es', 'Vrancea', 319),
(888, 'es', 'Lappi', 320),
(889, 'es', 'Pohjois-Pohjanmaa', 321),
(890, 'es', 'Kainuu', 322),
(891, 'es', 'Pohjois-Karjala', 323),
(892, 'es', 'Pohjois-Savo', 324),
(893, 'es', 'Etel-Savo', 325),
(894, 'es', 'Etel-Pohjanmaa', 326),
(895, 'es', 'Pohjanmaa', 327),
(896, 'es', 'Pirkanmaa', 328),
(897, 'es', 'Satakunta', 329),
(898, 'es', 'Keski-Pohjanmaa', 330),
(899, 'es', 'Keski-Suomi', 331),
(900, 'es', 'Varsinais-Suomi', 332),
(901, 'es', 'Etel-Karjala', 333),
(902, 'es', 'Pijt-Hme', 334),
(903, 'es', 'Kanta-Hme', 335),
(904, 'es', 'Uusimaa', 336),
(905, 'es', 'It-Uusimaa', 337),
(906, 'es', 'Kymenlaakso', 338),
(907, 'es', 'Ahvenanmaa', 339),
(908, 'es', 'Harjumaa', 340),
(909, 'es', 'Hiiumaa', 341),
(910, 'es', 'country_state_ida-Virumaa', 342),
(911, 'es', 'Jgevamaa', 343),
(912, 'es', 'Jrvamaa', 344),
(913, 'es', 'Lnemaa', 345),
(914, 'es', 'Lne-Virumaa', 346),
(915, 'es', 'Plvamaa', 347),
(916, 'es', 'Prnumaa', 348),
(917, 'es', 'Raplamaa', 349),
(918, 'es', 'Saaremaa', 350),
(919, 'es', 'Tartumaa', 351),
(920, 'es', 'Valgamaa', 352),
(921, 'es', 'Viljandimaa', 353),
(922, 'es', 'Vrumaa', 354),
(923, 'es', 'Daugavpils', 355),
(924, 'es', 'Jelgava', 356),
(925, 'es', 'Jkabpils', 357),
(926, 'es', 'Jrmala', 358),
(927, 'es', 'Liepja', 359),
(928, 'es', 'Liepjas novads', 360),
(929, 'es', 'Rzekne', 361),
(930, 'es', 'Rga', 362),
(931, 'es', 'Rgas novads', 363),
(932, 'es', 'Valmiera', 364),
(933, 'es', 'Ventspils', 365),
(934, 'es', 'Aglonas novads', 366),
(935, 'es', 'Aizkraukles novads', 367),
(936, 'es', 'Aizputes novads', 368),
(937, 'es', 'Aknstes novads', 369),
(938, 'es', 'Alojas novads', 370),
(939, 'es', 'Alsungas novads', 371),
(940, 'es', 'Alksnes novads', 372),
(941, 'es', 'Amatas novads', 373),
(942, 'es', 'Apes novads', 374),
(943, 'es', 'Auces novads', 375),
(944, 'es', 'Babtes novads', 376),
(945, 'es', 'Baldones novads', 377),
(946, 'es', 'Baltinavas novads', 378),
(947, 'es', 'Balvu novads', 379),
(948, 'es', 'Bauskas novads', 380),
(949, 'es', 'Bevernas novads', 381),
(950, 'es', 'Brocnu novads', 382),
(951, 'es', 'Burtnieku novads', 383),
(952, 'es', 'Carnikavas novads', 384),
(953, 'es', 'Cesvaines novads', 385),
(954, 'es', 'Ciblas novads', 386),
(955, 'es', 'Csu novads', 387),
(956, 'es', 'Dagdas novads', 388),
(957, 'es', 'Daugavpils novads', 389),
(958, 'es', 'Dobeles novads', 390),
(959, 'es', 'Dundagas novads', 391),
(960, 'es', 'Durbes novads', 392),
(961, 'es', 'Engures novads', 393),
(962, 'es', 'Garkalnes novads', 394),
(963, 'es', 'Grobias novads', 395),
(964, 'es', 'Gulbenes novads', 396),
(965, 'es', 'Iecavas novads', 397),
(966, 'es', 'Ikiles novads', 398),
(967, 'es', 'Ilkstes novads', 399),
(968, 'es', 'Inukalna novads', 400),
(969, 'es', 'Jaunjelgavas novads', 401),
(970, 'es', 'Jaunpiebalgas novads', 402),
(971, 'es', 'Jaunpils novads', 403),
(972, 'es', 'Jelgavas novads', 404),
(973, 'es', 'Jkabpils novads', 405),
(974, 'es', 'Kandavas novads', 406),
(975, 'es', 'Kokneses novads', 407),
(976, 'es', 'Krimuldas novads', 408),
(977, 'es', 'Krustpils novads', 409),
(978, 'es', 'Krslavas novads', 410),
(979, 'es', 'Kuldgas novads', 411),
(980, 'es', 'Krsavas novads', 412),
(981, 'es', 'Lielvrdes novads', 413),
(982, 'es', 'Limbau novads', 414),
(983, 'es', 'Lubnas novads', 415),
(984, 'es', 'Ludzas novads', 416),
(985, 'es', 'Lgatnes novads', 417),
(986, 'es', 'Lvnu novads', 418),
(987, 'es', 'Madonas novads', 419),
(988, 'es', 'Mazsalacas novads', 420),
(989, 'es', 'Mlpils novads', 421),
(990, 'es', 'Mrupes novads', 422),
(991, 'es', 'Nauknu novads', 423),
(992, 'es', 'Neretas novads', 424),
(993, 'es', 'Ncas novads', 425),
(994, 'es', 'Ogres novads', 426),
(995, 'es', 'Olaines novads', 427),
(996, 'es', 'Ozolnieku novads', 428),
(997, 'es', 'Preiu novads', 429),
(998, 'es', 'Priekules novads', 430),
(999, 'es', 'Priekuu novads', 431),
(1000, 'es', 'Prgaujas novads', 432),
(1001, 'es', 'Pvilostas novads', 433),
(1002, 'es', 'Paviu novads', 434),
(1003, 'es', 'Raunas novads', 435),
(1004, 'es', 'Riebiu novads', 436),
(1005, 'es', 'Rojas novads', 437),
(1006, 'es', 'Ropau novads', 438),
(1007, 'es', 'Rucavas novads', 439),
(1008, 'es', 'Rugju novads', 440),
(1009, 'es', 'Rundles novads', 441),
(1010, 'es', 'Rzeknes novads', 442),
(1011, 'es', 'Rjienas novads', 443),
(1012, 'es', 'Salacgrvas novads', 444),
(1013, 'es', 'Salas novads', 445),
(1014, 'es', 'Salaspils novads', 446),
(1015, 'es', 'Saldus novads', 447),
(1016, 'es', 'Saulkrastu novads', 448),
(1017, 'es', 'Siguldas novads', 449),
(1018, 'es', 'Skrundas novads', 450),
(1019, 'es', 'Skrveru novads', 451),
(1020, 'es', 'Smiltenes novads', 452),
(1021, 'es', 'Stopiu novads', 453),
(1022, 'es', 'Strenu novads', 454),
(1023, 'es', 'Sjas novads', 455),
(1024, 'es', 'Talsu novads', 456),
(1025, 'es', 'Tukuma novads', 457),
(1026, 'es', 'Trvetes novads', 458),
(1027, 'es', 'Vaiodes novads', 459),
(1028, 'es', 'Valkas novads', 460),
(1029, 'es', 'Valmieras novads', 461),
(1030, 'es', 'Varaknu novads', 462),
(1031, 'es', 'Vecpiebalgas novads', 463),
(1032, 'es', 'Vecumnieku novads', 464),
(1033, 'es', 'Ventspils novads', 465),
(1034, 'es', 'Viestes novads', 466),
(1035, 'es', 'Viakas novads', 467),
(1036, 'es', 'Vinu novads', 468),
(1037, 'es', 'Vrkavas novads', 469),
(1038, 'es', 'Zilupes novads', 470),
(1039, 'es', 'dau novads', 471),
(1040, 'es', 'rgu novads', 472),
(1041, 'es', 'eguma novads', 473),
(1042, 'es', 'ekavas novads', 474),
(1043, 'es', 'Alytaus Apskritis', 475),
(1044, 'es', 'Kauno Apskritis', 476),
(1045, 'es', 'Klaipdos Apskritis', 477),
(1046, 'es', 'Marijampols Apskritis', 478),
(1047, 'es', 'Panevio Apskritis', 479),
(1048, 'es', 'iauli Apskritis', 480),
(1049, 'es', 'Taurags Apskritis', 481),
(1050, 'es', 'Teli Apskritis', 482),
(1051, 'es', 'Utenos Apskritis', 483),
(1052, 'es', 'Vilniaus Apskritis', 484),
(1053, 'es', 'Acre', 485),
(1054, 'es', 'Alagoas', 486),
(1055, 'es', 'Amap', 487),
(1056, 'es', 'Amazonas', 488),
(1057, 'es', 'Baha', 489),
(1058, 'es', 'Cear', 490),
(1059, 'es', 'Espritu Santo', 491),
(1060, 'es', 'Gois', 492),
(1061, 'es', 'Maranho', 493),
(1062, 'es', 'Mato Grosso', 494),
(1063, 'es', 'Mato Grosso del Sur', 495),
(1064, 'es', 'Minas Gerais', 496),
(1065, 'es', 'Par', 497),
(1066, 'es', 'Paraba', 498),
(1067, 'es', 'Paran', 499),
(1068, 'es', 'Pernambuco', 500),
(1069, 'es', 'Piau', 501),
(1070, 'es', 'Ro de Janeiro', 502),
(1071, 'es', 'Ro Grande del Norte', 503),
(1072, 'es', 'Ro Grande del Sur', 504),
(1073, 'es', 'Rondnia', 505),
(1074, 'es', 'Roraima', 506),
(1075, 'es', 'Santa Catarina', 507),
(1076, 'es', 'So Paulo', 508),
(1077, 'es', 'Sergipe', 509),
(1078, 'es', 'Tocantins', 510),
(1079, 'es', 'Distrito Federal', 511),
(1080, 'es', 'Zagrebaka upanija', 512),
(1081, 'es', 'Krapinsko-zagorska upanija', 513),
(1082, 'es', 'Sisako-moslavaka upanija', 514),
(1083, 'es', 'Karlovaka upanija', 515),
(1084, 'es', 'Varadinska upanija', 516),
(1085, 'es', 'Koprivniko-krievaka upanija', 517),
(1086, 'es', 'Bjelovarsko-bilogorska upanija', 518),
(1087, 'es', 'Primorsko-goranska upanija', 519),
(1088, 'es', 'Liko-senjska upanija', 520),
(1089, 'es', 'Virovitiko-podravska upanija', 521),
(1090, 'es', 'Poeko-slavonska upanija', 522),
(1091, 'es', 'Brodsko-posavska upanija', 523),
(1092, 'es', 'Zadarska upanija', 524),
(1093, 'es', 'Osjeko-baranjska upanija', 525),
(1094, 'es', 'ibensko-kninska upanija', 526),
(1095, 'es', 'Vukovarsko-srijemska upanija', 527),
(1096, 'es', 'Splitsko-dalmatinska upanija', 528),
(1097, 'es', 'Istarska upanija', 529),
(1098, 'es', 'Dubrovako-neretvanska upanija', 530),
(1099, 'es', 'Meimurska upanija', 531),
(1100, 'es', 'Grad Zagreb', 532),
(1101, 'es', 'Andaman and Nicobar Islands', 533),
(1102, 'es', 'Andhra Pradesh', 534),
(1103, 'es', 'Arunachal Pradesh', 535),
(1104, 'es', 'Assam', 536),
(1105, 'es', 'Bihar', 537),
(1106, 'es', 'Chandigarh', 538),
(1107, 'es', 'Chhattisgarh', 539),
(1108, 'es', 'Dadra and Nagar Haveli', 540),
(1109, 'es', 'Daman and Diu', 541),
(1110, 'es', 'Delhi', 542),
(1111, 'es', 'Goa', 543),
(1112, 'es', 'Gujarat', 544),
(1113, 'es', 'Haryana', 545),
(1114, 'es', 'Himachal Pradesh', 546),
(1115, 'es', 'Jammu and Kashmir', 547),
(1116, 'es', 'Jharkhand', 548),
(1117, 'es', 'Karnataka', 549),
(1118, 'es', 'Kerala', 550),
(1119, 'es', 'Lakshadweep', 551),
(1120, 'es', 'Madhya Pradesh', 552),
(1121, 'es', 'Maharashtra', 553),
(1122, 'es', 'Manipur', 554),
(1123, 'es', 'Meghalaya', 555),
(1124, 'es', 'Mizoram', 556),
(1125, 'es', 'Nagaland', 557),
(1126, 'es', 'Odisha', 558),
(1127, 'es', 'Puducherry', 559),
(1128, 'es', 'Punjab', 560),
(1129, 'es', 'Rajasthan', 561),
(1130, 'es', 'Sikkim', 562),
(1131, 'es', 'Tamil Nadu', 563),
(1132, 'es', 'Telangana', 564),
(1133, 'es', 'Tripura', 565),
(1134, 'es', 'Uttar Pradesh', 566),
(1135, 'es', 'Uttarakhand', 567),
(1136, 'es', 'West Bengal', 568),
(1137, 'es', 'Alto Paraguay', 569),
(1138, 'es', 'Alto Paran', 570),
(1139, 'es', 'Amambay', 571),
(1140, 'es', 'Asuncin', 572),
(1141, 'es', 'Boquern', 573),
(1142, 'es', 'Caaguaz', 574),
(1143, 'es', 'Caazap', 575),
(1144, 'es', 'Canindey', 576),
(1145, 'es', 'Central', 577),
(1146, 'es', 'Concepcin', 578),
(1147, 'es', 'Cordillera', 579),
(1148, 'es', 'Guair', 580),
(1149, 'es', 'Itapa', 581),
(1150, 'es', 'Misiones', 582),
(1151, 'es', 'Paraguar', 583),
(1152, 'es', 'Presidente Hayes', 584),
(1153, 'es', 'San Pedro', 585),
(1154, 'es', 'eembuc', 586),
(1155, 'fa', '', 1),
(1156, 'fa', '', 2),
(1157, 'fa', ' ', 3),
(1158, 'fa', '', 4),
(1159, 'fa', '', 5),
(1160, 'fa', '  ', 6),
(1161, 'fa', 'Armed Forces America', 7),
(1162, 'fa', '  ', 8),
(1163, 'fa', '  ', 9),
(1164, 'fa', '  ', 10),
(1165, 'fa', '   ', 11),
(1166, 'fa', '', 12),
(1167, 'fa', '', 13),
(1168, 'fa', '', 14),
(1169, 'fa', '', 15),
(1170, 'fa', ' ', 16),
(1171, 'fa', '  ', 17),
(1172, 'fa', '', 18),
(1173, 'fa', '', 19),
(1174, 'fa', '', 20),
(1175, 'fa', '', 21),
(1176, 'fa', '', 22),
(1177, 'fa', '', 23),
(1178, 'fa', '', 24),
(1179, 'fa', '', 25),
(1180, 'fa', '', 26),
(1181, 'fa', '', 27),
(1182, 'fa', '', 28),
(1183, 'fa', '', 29),
(1184, 'fa', '', 30),
(1185, 'fa', '', 31),
(1186, 'fa', ' ', 32),
(1187, 'fa', '', 33),
(1188, 'fa', ' ', 34),
(1189, 'fa', '   ', 35),
(1190, 'fa', '', 36),
(1191, 'fa', '', 37),
(1192, 'fa', '', 38),
(1193, 'fa', '', 39),
(1194, 'fa', '', 40),
(1195, 'fa', '', 41),
(1196, 'fa', '', 42),
(1197, 'fa', '', 43),
(1198, 'fa', ' ', 44),
(1199, 'fa', ' ', 45),
(1200, 'fa', '  ', 46),
(1201, 'fa', '', 47),
(1202, 'fa', '', 48),
(1203, 'fa', '', 49),
(1204, 'fa', '', 50),
(1205, 'fa', '', 51),
(1206, 'fa', '', 52),
(1207, 'fa', ' ', 53),
(1208, 'fa', ' ', 54),
(1209, 'fa', ' ', 55),
(1210, 'fa', '', 56),
(1211, 'fa', '', 57),
(1212, 'fa', '', 58),
(1213, 'fa', '', 59),
(1214, 'fa', ' ', 60),
(1215, 'fa', '', 61),
(1216, 'fa', '', 62),
(1217, 'fa', ' ', 63),
(1218, 'fa', '', 64),
(1219, 'fa', '', 65),
(1220, 'fa', '', 66),
(1221, 'fa', ' ', 67),
(1222, 'fa', '', 68),
(1223, 'fa', '  ', 69),
(1224, 'fa', '', 70),
(1225, 'fa', ' ', 71),
(1226, 'fa', '  ', 72),
(1227, 'fa', '', 73),
(1228, 'fa', '', 74),
(1229, 'fa', '  ', 75),
(1230, 'fa', '', 76),
(1231, 'fa', '', 77),
(1232, 'fa', ' ', 78),
(1233, 'fa', '', 79),
(1234, 'fa', '-', 80),
(1235, 'fa', '', 81),
(1236, 'fa', '', 82),
(1237, 'fa', '', 83),
(1238, 'fa', '', 84),
(1239, 'fa', '', 85),
(1240, 'fa', '', 86),
(1241, 'fa', '-', 87),
(1242, 'fa', '-', 88),
(1243, 'fa', '-', 89),
(1244, 'fa', '', 90),
(1245, 'fa', '', 91),
(1246, 'fa', '-', 92),
(1247, 'fa', '-', 93),
(1248, 'fa', '', 94),
(1249, 'fa', '', 95),
(1250, 'fa', ' ', 96),
(1251, 'fa', ' ', 97),
(1252, 'fa', '', 98),
(1253, 'fa', '', 99),
(1254, 'fa', 'Steiermar', 100),
(1255, 'fa', '', 101),
(1256, 'fa', '', 102),
(1257, 'fa', 'Vorarlber', 103),
(1258, 'fa', '', 104),
(1259, 'fa', '', 105),
(1260, 'fa', '', 106),
(1261, 'fa', '', 107),
(1262, 'fa', '-', 108),
(1263, 'fa', ' ', 109),
(1264, 'fa', '', 110),
(1265, 'fa', '', 111),
(1266, 'fa', '', 112),
(1267, 'fa', 'Graubnde', 113),
(1268, 'fa', '', 114),
(1269, 'fa', '', 115),
(1270, 'fa', '', 116),
(1271, 'fa', '', 117),
(1272, 'fa', '', 118),
(1273, 'fa', ' ', 119),
(1274, 'fa', '', 120),
(1275, 'fa', '', 121),
(1276, 'fa', '', 122),
(1277, 'fa', '', 123),
(1278, 'fa', '', 124),
(1279, 'fa', '', 125),
(1280, 'fa', '', 126),
(1281, 'fa', '', 127),
(1282, 'fa', '', 128),
(1283, 'fa', '', 129),
(1284, 'fa', '', 130),
(1285, 'fa', '', 131),
(1286, 'fa', '', 132),
(1287, 'fa', '', 133),
(1288, 'fa', '', 134),
(1289, 'fa', '', 135),
(1290, 'fa', '', 136),
(1291, 'fa', '', 137),
(1292, 'fa', '  ', 138),
(1293, 'fa', '', 139),
(1294, 'fa', '', 140),
(1295, 'fa', '', 141),
(1296, 'fa', '', 142),
(1297, 'fa', '', 143),
(1298, 'fa', '', 144),
(1299, 'fa', '', 145),
(1300, 'fa', ' ', 146),
(1301, 'fa', '', 147),
(1302, 'fa', 'Cuenc', 148),
(1303, 'fa', '', 149),
(1304, 'fa', '', 150),
(1305, 'fa', '', 151),
(1306, 'fa', 'Guipuzcoa', 152),
(1307, 'fa', '', 153),
(1308, 'fa', '', 154),
(1309, 'fa', '', 155),
(1310, 'fa', ' ', 156),
(1311, 'fa', ' ', 157),
(1312, 'fa', '', 158),
(1313, 'fa', 'Lleid', 159),
(1314, 'fa', '', 160),
(1315, 'fa', '', 161),
(1316, 'fa', '', 162),
(1317, 'fa', '', 163),
(1318, 'fa', '', 164),
(1319, 'fa', '', 165),
(1320, 'fa', '', 166),
(1321, 'fa', '', 167),
(1322, 'fa', '', 168),
(1323, 'fa', '', 169),
(1324, 'fa', '   ', 170),
(1325, 'fa', '', 171),
(1326, 'fa', '', 172),
(1327, 'fa', '', 173),
(1328, 'fa', '', 174),
(1329, 'fa', '', 175),
(1330, 'fa', '', 176),
(1331, 'fa', '', 177),
(1332, 'fa', '', 178),
(1333, 'fa', '', 179),
(1334, 'fa', '', 180),
(1335, 'fa', '', 181),
(1336, 'fa', '', 182),
(1337, 'fa', '', 183),
(1338, 'fa', '', 184),
(1339, 'fa', '---', 185),
(1340, 'fa', ' ', 186),
(1341, 'fa', 'Alpes-Maritime', 187),
(1342, 'fa', '', 188),
(1343, 'fa', '', 189),
(1344, 'fa', '', 190),
(1345, 'fa', '', 191),
(1346, 'fa', 'Aud', 192),
(1347, 'fa', '', 193),
(1348, 'fa', 'BOCAS DO Rhne', 194),
(1349, 'fa', ' ', 195),
(1350, 'fa', '', 196),
(1351, 'fa', '', 197),
(1352, 'fa', '-', 198),
(1353, 'fa', '', 199),
(1354, 'fa', '', 200),
(1355, 'fa', '  ', 201),
(1356, 'fa', ' ', 202),
(1357, 'fa', ' ', 203),
(1358, 'fa', ' ', 204),
(1359, 'fa', '', 205),
(1360, 'fa', '', 206),
(1361, 'fa', '', 207),
(1362, 'fa', ' ', 208),
(1363, 'fa', '', 209),
(1364, 'fa', 'Eure-et-Loi', 210),
(1365, 'fa', '', 211),
(1366, 'fa', '', 212),
(1367, 'fa', '-', 213),
(1368, 'fa', '', 214),
(1369, 'fa', '', 215),
(1370, 'fa', '', 216),
(1371, 'fa', '   ', 217),
(1372, 'fa', '', 218),
(1373, 'fa', 'Indre-et-Loir', 219),
(1374, 'fa', '', 220),
(1375, 'fa', '', 221),
(1376, 'fa', '', 222),
(1377, 'fa', 'Loir-et-Che', 223),
(1378, 'fa', ' ', 224),
(1379, 'fa', 'Haute-Loir', 225),
(1380, 'fa', 'Loire-Atlantiqu', 226),
(1381, 'fa', '', 227),
(1382, 'fa', '', 228),
(1383, 'fa', '  ', 229),
(1384, 'fa', '', 230),
(1385, 'fa', ' et-Loire', 231),
(1386, 'fa', '', 232),
(1387, 'fa', '', 233),
(1388, 'fa', '-', 234),
(1389, 'fa', '', 235),
(1390, 'fa', '-et-Moselle', 236),
(1391, 'fa', ' ', 237),
(1392, 'fa', '', 238),
(1393, 'fa', '', 239),
(1394, 'fa', 'Nivr', 240),
(1395, 'fa', '', 241),
(1396, 'fa', '', 242),
(1397, 'fa', '', 243),
(1398, 'fa', '-', 244),
(1399, 'fa', 'Puy-de-Dm', 245),
(1400, 'fa', 'Pyrnes-Atlantiques', 246),
(1401, 'fa', 'Hautes-Pyrne', 247),
(1402, 'fa', 'Pyrnes-Orientales', 248),
(1403, 'fa', ' ', 249),
(1404, 'fa', '-', 250),
(1405, 'fa', '', 251),
(1406, 'fa', 'Haute-Sane', 252),
(1407, 'fa', 'Sane-et-Loire', 253),
(1408, 'fa', '', 254),
(1409, 'fa', '', 255),
(1410, 'fa', '-', 256),
(1411, 'fa', '', 257),
(1412, 'fa', 'Seine-Maritime', 258),
(1413, 'fa', 'Seine-et-Marn', 259),
(1414, 'fa', '', 260),
(1415, 'fa', 'Deux-Svres', 261),
(1416, 'fa', '', 262),
(1417, 'fa', '', 263),
(1418, 'fa', 'Tarn-et-Garonne', 264),
(1419, 'fa', '', 265),
(1420, 'fa', '', 266),
(1421, 'fa', '', 267),
(1422, 'fa', '', 268),
(1423, 'fa', '-', 269),
(1424, 'fa', ' ', 270),
(1425, 'fa', '', 271),
(1426, 'fa', '--', 272),
(1427, 'fa', '', 273),
(1428, 'fa', '  ', 274),
(1429, 'fa', 'Seine-Saint-Deni', 275),
(1430, 'fa', ' ', 276),
(1431, 'fa', 'Val-d\'Ois', 277),
(1432, 'fa', '', 278),
(1433, 'fa', '', 279),
(1434, 'fa', 'Arge', 280),
(1435, 'fa', '', 281),
(1436, 'fa', '', 282),
(1437, 'fa', '-', 283),
(1438, 'fa', '', 284),
(1439, 'fa', '', 285),
(1440, 'fa', 'Brila', 286),
(1441, 'fa', 'Bucureti', 287),
(1442, 'fa', '', 288),
(1443, 'fa', '- Severin', 289),
(1444, 'fa', '', 290),
(1445, 'fa', '', 291),
(1446, 'fa', '', 292),
(1447, 'fa', '', 293),
(1448, 'fa', 'Dmbovia', 294),
(1449, 'fa', '', 295),
(1450, 'fa', '', 296),
(1451, 'fa', '', 297),
(1452, 'fa', '', 298),
(1453, 'fa', '', 299),
(1454, 'fa', '', 300),
(1455, 'fa', '', 301),
(1456, 'fa', 'Iai', 302),
(1457, 'fa', 'Ilfo', 303),
(1458, 'fa', 'Maramure', 304),
(1459, 'fa', 'Mehedini', 305),
(1460, 'fa', 'Mure', 306),
(1461, 'fa', 'Neam', 307),
(1462, 'fa', '', 308),
(1463, 'fa', '', 309),
(1464, 'fa', ' ', 310),
(1465, 'fa', '', 311),
(1466, 'fa', '', 312),
(1467, 'fa', '', 313),
(1468, 'fa', '', 314),
(1469, 'fa', '', 315),
(1470, 'fa', '', 316),
(1471, 'fa', '', 317),
(1472, 'fa', 'Vlcea', 318),
(1473, 'fa', '', 319),
(1474, 'fa', '', 320),
(1475, 'fa', 'Pohjois-Pohjanmaa', 321),
(1476, 'fa', '', 322),
(1477, 'fa', 'Pohjois-Karjala', 323),
(1478, 'fa', 'Pohjois-Savo', 324),
(1479, 'fa', '-', 325),
(1480, 'fa', '-', 326),
(1481, 'fa', 'Pohjanmaa', 327),
(1482, 'fa', '', 328),
(1483, 'fa', '', 329),
(1484, 'fa', '-', 330),
(1485, 'fa', '-', 331),
(1486, 'fa', 'Varsinais-Suomi', 332),
(1487, 'fa', ' ', 333),
(1488, 'fa', 'Pijt-HAM', 334),
(1489, 'fa', '-', 335),
(1490, 'fa', '', 336),
(1491, 'fa', '', 337),
(1492, 'fa', '', 338),
(1493, 'fa', '', 339),
(1494, 'fa', '', 340),
(1495, 'fa', '', 341),
(1496, 'fa', '-', 342),
(1497, 'fa', 'Jgevamaa', 343),
(1498, 'fa', '', 344),
(1499, 'fa', '', 345),
(1500, 'fa', '-', 346),
(1501, 'fa', '', 347),
(1502, 'fa', '', 348),
(1503, 'fa', 'Raplama', 349),
(1504, 'fa', '', 350),
(1505, 'fa', '', 351),
(1506, 'fa', '', 352),
(1507, 'fa', '', 353),
(1508, 'fa', 'Vrumaa', 354),
(1509, 'fa', '', 355),
(1510, 'fa', '', 356),
(1511, 'fa', '', 357),
(1512, 'fa', '', 358),
(1513, 'fa', '', 359),
(1514, 'fa', ' ', 360),
(1515, 'fa', '', 361),
(1516, 'fa', '', 362),
(1517, 'fa', ' ', 363),
(1518, 'fa', '', 364),
(1519, 'fa', 'Ventspils', 365),
(1520, 'fa', ' ', 366),
(1521, 'fa', '  ', 367),
(1522, 'fa', ' ', 368),
(1523, 'fa', '', 369),
(1524, 'fa', ' ', 370),
(1525, 'fa', '  ', 371),
(1526, 'fa', ' ', 372),
(1527, 'fa', '  ', 373),
(1528, 'fa', '  ', 374),
(1529, 'fa', '    ', 375),
(1530, 'fa', ' ', 376),
(1531, 'fa', 'Baldones novad', 377),
(1532, 'fa', '  ', 378),
(1533, 'fa', 'Balvu novad', 379),
(1534, 'fa', ' ', 380),
(1535, 'fa', ' ', 381),
(1536, 'fa', ' ', 382),
(1537, 'fa', ' ', 383),
(1538, 'fa', ' ', 384),
(1539, 'fa', ' ', 385),
(1540, 'fa', ' Cibla', 386),
(1541, 'fa', ' Cesis', 387),
(1542, 'fa', '  ', 388),
(1543, 'fa', ' ', 389),
(1544, 'fa', ' ', 390),
(1545, 'fa', '  ', 391),
(1546, 'fa', ' ', 392),
(1547, 'fa', '   ', 393),
(1548, 'fa', ' ', 394),
(1549, 'fa', '  ', 395),
(1550, 'fa', '  ', 396),
(1551, 'fa', 'Iecavas novads', 397),
(1552, 'fa', ' ', 398),
(1553, 'fa', ' ', 399),
(1554, 'fa', '  ', 400),
(1555, 'fa', ' Jaunjelgavas', 401),
(1556, 'fa', '  Jaunpiebalgas', 402),
(1557, 'fa', ' ', 403),
(1558, 'fa', ' ', 404),
(1559, 'fa', ' ', 405),
(1560, 'fa', ' ', 406),
(1561, 'fa', ' ', 407),
(1562, 'fa', ' ', 408),
(1563, 'fa', ' ', 409),
(1564, 'fa', ' ', 410),
(1565, 'fa', '  ', 411),
(1566, 'fa', '  ', 412),
(1567, 'fa', ' ', 413),
(1568, 'fa', ' ', 414),
(1569, 'fa', '  ', 415),
(1570, 'fa', ' ', 416),
(1571, 'fa', ' ', 417),
(1572, 'fa', ' ', 418),
(1573, 'fa', ' ', 419),
(1574, 'fa', ' ', 420),
(1575, 'fa', ' ', 421),
(1576, 'fa', ' Mrupe', 422),
(1577, 'fa', '   ', 423),
(1578, 'fa', '  ', 424),
(1579, 'fa', ' ', 425),
(1580, 'fa', ' ', 426),
(1581, 'fa', ' ', 427),
(1582, 'fa', ' ', 428),
(1583, 'fa', ' ', 429),
(1584, 'fa', ' Priekule', 430),
(1585, 'fa', 'Condado de Priekui', 431),
(1586, 'fa', '   ', 432),
(1587, 'fa', ' ', 433),
(1588, 'fa', ' Plavinas', 4),
(1589, 'fa', ' ', 435),
(1590, 'fa', ' ', 436),
(1591, 'fa', ' ', 437),
(1592, 'fa', ' ', 438),
(1593, 'fa', ' ', 439),
(1594, 'fa', ' ', 440),
(1595, 'fa', ' ', 441),
(1596, 'fa', ' ', 442),
(1597, 'fa', ' ', 443),
(1598, 'fa', ' Salacgriva', 444),
(1599, 'fa', ' ', 445),
(1600, 'fa', ' Salaspils', 446),
(1601, 'fa', ' ', 447),
(1602, 'fa', ' ', 448),
(1603, 'fa', ' ', 449),
(1604, 'fa', ' Skrunda', 450),
(1605, 'fa', ' Skrveri', 451),
(1606, 'fa', ' Smiltene', 452),
(1607, 'fa', ' ', 453),
(1608, 'fa', ' ', 454),
(1609, 'fa', ' ', 455),
(1610, 'fa', ' ', 456),
(1611, 'fa', '', 457),
(1612, 'fa', ' ', 458),
(1613, 'fa', '  ', 459),
(1614, 'fa', ' ', 460),
(1615, 'fa', ' Valmiera', 461),
(1616, 'fa', ' ', 462),
(1617, 'fa', ' Vecpiebalga', 463),
(1618, 'fa', ' ', 464),
(1619, 'fa', ' ', 465),
(1620, 'fa', '  ', 466),
(1621, 'fa', ' ', 467),
(1622, 'fa', ' ', 468),
(1623, 'fa', ' ', 469),
(1624, 'fa', ' ', 470),
(1625, 'fa', ' ', 471),
(1626, 'fa', ' ', 472),
(1627, 'fa', ' ', 473),
(1628, 'fa', ' ', 474),
(1629, 'fa', ' Alytus', 475),
(1630, 'fa', ' Kaunas', 476),
(1631, 'fa', ' ', 477),
(1632, 'fa', ' ', 478),
(1633, 'fa', ' ', 479),
(1634, 'fa', ' ', 480),
(1635, 'fa', ' ', 481),
(1636, 'fa', ' ', 482),
(1637, 'fa', ' ', 483),
(1638, 'fa', ' ', 484),
(1639, 'fa', '', 485);
INSERT INTO `country_state_translations` (`id`, `locale`, `default_name`, `country_state_id`) VALUES
(1640, 'fa', '', 486),
(1641, 'fa', '', 487),
(1642, 'fa', '', 488),
(1643, 'fa', '', 489),
(1644, 'fa', '', 490),
(1645, 'fa', ' ', 491),
(1646, 'fa', '', 492),
(1647, 'fa', '', 493),
(1648, 'fa', ' ', 494),
(1649, 'fa', 'Mato Grosso do Sul', 495),
(1650, 'fa', '  ', 496),
(1651, 'fa', '', 497),
(1652, 'fa', '', 498),
(1653, 'fa', '', 499),
(1654, 'fa', '', 500),
(1655, 'fa', '', 501),
(1656, 'fa', ' ', 502),
(1657, 'fa', '   ', 503),
(1658, 'fa', '   ', 504),
(1659, 'fa', 'Rondni', 505),
(1660, 'fa', 'Roraim', 506),
(1661, 'fa', ' ', 507),
(1662, 'fa', '', 508),
(1663, 'fa', 'Sergip', 509),
(1664, 'fa', '', 510),
(1665, 'fa', ' ', 511),
(1666, 'fa', ' ', 512),
(1667, 'fa', 'Condado de Krapina-Zagorj', 513),
(1668, 'fa', ' -', 514),
(1669, 'fa', ' ', 515),
(1670, 'fa', ' ', 516),
(1671, 'fa', 'Condo de Koprivnica-Krievci', 517),
(1672, 'fa', '   -', 518),
(1673, 'fa', 'Condado de Primorje-Gorski kotar', 519),
(1674, 'fa', ' -', 520),
(1675, 'fa', 'Condado de Virovitica-Podravina', 521),
(1676, 'fa', ' -', 522),
(1677, 'fa', 'Condado de Brod-Posavina', 523),
(1678, 'fa', ' ', 524),
(1679, 'fa', 'Condado de Osijek-Baranja', 525),
(1680, 'fa', 'Condo de Sibenik-Knin', 526),
(1681, 'fa', 'Condado de Vukovar-Srijem', 527),
(1682, 'fa', ' -Dalmatia', 528),
(1683, 'fa', ' ', 529),
(1684, 'fa', 'Condado de Dubrovnik-Neretva', 530),
(1685, 'fa', ' Meimurje', 531),
(1686, 'fa', ' ', 532),
(1687, 'fa', '   ', 533),
(1688, 'fa', ' ', 534),
(1689, 'fa', ' ', 535),
(1690, 'fa', '', 536),
(1691, 'fa', 'Biha', 537),
(1692, 'fa', '', 538),
(1693, 'fa', '', 539),
(1694, 'fa', '   ', 540),
(1695, 'fa', '  ', 541),
(1696, 'fa', '', 542),
(1697, 'fa', '', 543),
(1698, 'fa', '', 544),
(1699, 'fa', '', 545),
(1700, 'fa', ' ', 546),
(1701, 'fa', '  ', 547),
(1702, 'fa', '', 548),
(1703, 'fa', '', 549),
(1704, 'fa', '', 550),
(1705, 'fa', '', 551),
(1706, 'fa', ' ', 552),
(1707, 'fa', '', 553),
(1708, 'fa', ' ', 554),
(1709, 'fa', '', 555),
(1710, 'fa', '', 556),
(1711, 'fa', '', 557),
(1712, 'fa', '', 558),
(1713, 'fa', '', 559),
(1714, 'fa', '', 560),
(1715, 'fa', '', 561),
(1716, 'fa', '', 562),
(1717, 'fa', ' ', 563),
(1718, 'fa', '', 564),
(1719, 'fa', '', 565),
(1720, 'fa', ' ', 566),
(1721, 'fa', '', 567),
(1722, 'fa', ' ', 568),
(1723, 'pt_BR', 'Alabama', 1),
(1724, 'pt_BR', 'Alaska', 2),
(1725, 'pt_BR', 'Samoa Americana', 3),
(1726, 'pt_BR', 'Arizona', 4),
(1727, 'pt_BR', 'Arkansas', 5),
(1728, 'pt_BR', 'Foras Armadas da frica', 6),
(1729, 'pt_BR', 'Foras Armadas das Amricas', 7),
(1730, 'pt_BR', 'Foras Armadas do Canad', 8),
(1731, 'pt_BR', 'Foras Armadas da Europa', 9),
(1732, 'pt_BR', 'Foras Armadas do Oriente Mdio', 10),
(1733, 'pt_BR', 'Foras Armadas do Pacfico', 11),
(1734, 'pt_BR', 'California', 12),
(1735, 'pt_BR', 'Colorado', 13),
(1736, 'pt_BR', 'Connecticut', 14),
(1737, 'pt_BR', 'Delaware', 15),
(1738, 'pt_BR', 'Distrito de Columbia', 16),
(1739, 'pt_BR', 'Estados Federados da Micronsia', 17),
(1740, 'pt_BR', 'Florida', 18),
(1741, 'pt_BR', 'Gergia', 19),
(1742, 'pt_BR', 'Guam', 20),
(1743, 'pt_BR', 'Hava', 21),
(1744, 'pt_BR', 'Idaho', 22),
(1745, 'pt_BR', 'Illinois', 23),
(1746, 'pt_BR', 'Indiana', 24),
(1747, 'pt_BR', 'Iowa', 25),
(1748, 'pt_BR', 'Kansas', 26),
(1749, 'pt_BR', 'Kentucky', 27),
(1750, 'pt_BR', 'Louisiana', 28),
(1751, 'pt_BR', 'Maine', 29),
(1752, 'pt_BR', 'Ilhas Marshall', 30),
(1753, 'pt_BR', 'Maryland', 31),
(1754, 'pt_BR', 'Massachusetts', 32),
(1755, 'pt_BR', 'Michigan', 33),
(1756, 'pt_BR', 'Minnesota', 34),
(1757, 'pt_BR', 'Mississippi', 35),
(1758, 'pt_BR', 'Missouri', 36),
(1759, 'pt_BR', 'Montana', 37),
(1760, 'pt_BR', 'Nebraska', 38),
(1761, 'pt_BR', 'Nevada', 39),
(1762, 'pt_BR', 'New Hampshire', 40),
(1763, 'pt_BR', 'Nova Jersey', 41),
(1764, 'pt_BR', 'Novo Mxico', 42),
(1765, 'pt_BR', 'Nova York', 43),
(1766, 'pt_BR', 'Carolina do Norte', 44),
(1767, 'pt_BR', 'Dakota do Norte', 45),
(1768, 'pt_BR', 'Ilhas Marianas do Norte', 46),
(1769, 'pt_BR', 'Ohio', 47),
(1770, 'pt_BR', 'Oklahoma', 48),
(1771, 'pt_BR', 'Oregon', 4),
(1772, 'pt_BR', 'Palau', 50),
(1773, 'pt_BR', 'Pensilvnia', 51),
(1774, 'pt_BR', 'Porto Rico', 52),
(1775, 'pt_BR', 'Rhode Island', 53),
(1776, 'pt_BR', 'Carolina do Sul', 54),
(1777, 'pt_BR', 'Dakota do Sul', 55),
(1778, 'pt_BR', 'Tennessee', 56),
(1779, 'pt_BR', 'Texas', 57),
(1780, 'pt_BR', 'Utah', 58),
(1781, 'pt_BR', 'Vermont', 59),
(1782, 'pt_BR', 'Ilhas Virgens', 60),
(1783, 'pt_BR', 'Virginia', 61),
(1784, 'pt_BR', 'Washington', 62),
(1785, 'pt_BR', 'West Virginia', 63),
(1786, 'pt_BR', 'Wisconsin', 64),
(1787, 'pt_BR', 'Wyoming', 65),
(1788, 'pt_BR', 'Alberta', 66),
(1789, 'pt_BR', 'Colmbia Britnica', 67),
(1790, 'pt_BR', 'Manitoba', 68),
(1791, 'pt_BR', 'Terra Nova e Labrador', 69),
(1792, 'pt_BR', 'New Brunswick', 70),
(1793, 'pt_BR', 'Nova Esccia', 7),
(1794, 'pt_BR', 'Territrios do Noroeste', 72),
(1795, 'pt_BR', 'Nunavut', 73),
(1796, 'pt_BR', 'Ontario', 74),
(1797, 'pt_BR', 'Ilha do Prncipe Eduardo', 75),
(1798, 'pt_BR', 'Quebec', 76),
(1799, 'pt_BR', 'Saskatchewan', 77),
(1800, 'pt_BR', 'Territrio yukon', 78),
(1801, 'pt_BR', 'Niedersachsen', 79),
(1802, 'pt_BR', 'Baden-Wurttemberg', 80),
(1803, 'pt_BR', 'Bayern', 81),
(1804, 'pt_BR', 'Berlim', 82),
(1805, 'pt_BR', 'Brandenburg', 83),
(1806, 'pt_BR', 'Bremen', 84),
(1807, 'pt_BR', 'Hamburgo', 85),
(1808, 'pt_BR', 'Hessen', 86),
(1809, 'pt_BR', 'Mecklenburg-Vorpommern', 87),
(1810, 'pt_BR', 'Nordrhein-Westfalen', 88),
(1811, 'pt_BR', 'Rennia-Palatinado', 8),
(1812, 'pt_BR', 'Sarre', 90),
(1813, 'pt_BR', 'Sachsen', 91),
(1814, 'pt_BR', 'Sachsen-Anhalt', 92),
(1815, 'pt_BR', 'Schleswig-Holstein', 93),
(1816, 'pt_BR', 'Turngia', 94),
(1817, 'pt_BR', 'Viena', 95),
(1818, 'pt_BR', 'Baixa ustria', 96),
(1819, 'pt_BR', 'Obersterreich', 97),
(1820, 'pt_BR', 'Salzburg', 98),
(1821, 'pt_BR', 'Carntia', 99),
(1822, 'pt_BR', 'Steiermark', 100),
(1823, 'pt_BR', 'Tirol', 101),
(1824, 'pt_BR', 'Burgenland', 102),
(1825, 'pt_BR', 'Vorarlberg', 103),
(1826, 'pt_BR', 'Aargau', 104),
(1827, 'pt_BR', 'Appenzell Innerrhoden', 105),
(1828, 'pt_BR', 'Appenzell Ausserrhoden', 106),
(1829, 'pt_BR', 'Bern', 107),
(1830, 'pt_BR', 'Basel-Landschaft', 108),
(1831, 'pt_BR', 'Basel-Stadt', 109),
(1832, 'pt_BR', 'Freiburg', 110),
(1833, 'pt_BR', 'Genf', 111),
(1834, 'pt_BR', 'Glarus', 112),
(1835, 'pt_BR', 'Grisons', 113),
(1836, 'pt_BR', 'Jura', 114),
(1837, 'pt_BR', 'Luzern', 115),
(1838, 'pt_BR', 'Neuenburg', 116),
(1839, 'pt_BR', 'Nidwalden', 117),
(1840, 'pt_BR', 'Obwalden', 118),
(1841, 'pt_BR', 'St. Gallen', 119),
(1842, 'pt_BR', 'Schaffhausen', 120),
(1843, 'pt_BR', 'Solothurn', 121),
(1844, 'pt_BR', 'Schwyz', 122),
(1845, 'pt_BR', 'Thurgau', 123),
(1846, 'pt_BR', 'Tessin', 124),
(1847, 'pt_BR', 'Uri', 125),
(1848, 'pt_BR', 'Waadt', 126),
(1849, 'pt_BR', 'Wallis', 127),
(1850, 'pt_BR', 'Zug', 128),
(1851, 'pt_BR', 'Zurique', 129),
(1852, 'pt_BR', 'Corunha', 130),
(1853, 'pt_BR', 'lava', 131),
(1854, 'pt_BR', 'Albacete', 132),
(1855, 'pt_BR', 'Alicante', 133),
(1856, 'pt_BR', 'Almeria', 134),
(1857, 'pt_BR', 'Astrias', 135),
(1858, 'pt_BR', 'Avila', 136),
(1859, 'pt_BR', 'Badajoz', 137),
(1860, 'pt_BR', 'Baleares', 138),
(1861, 'pt_BR', 'Barcelona', 139),
(1862, 'pt_BR', 'Burgos', 140),
(1863, 'pt_BR', 'Caceres', 141),
(1864, 'pt_BR', 'Cadiz', 142),
(1865, 'pt_BR', 'Cantbria', 143),
(1866, 'pt_BR', 'Castellon', 144),
(1867, 'pt_BR', 'Ceuta', 145),
(1868, 'pt_BR', 'Ciudad Real', 146),
(1869, 'pt_BR', 'Cordoba', 147),
(1870, 'pt_BR', 'Cuenca', 148),
(1871, 'pt_BR', 'Girona', 149),
(1872, 'pt_BR', 'Granada', 150),
(1873, 'pt_BR', 'Guadalajara', 151),
(1874, 'pt_BR', 'Guipuzcoa', 152),
(1875, 'pt_BR', 'Huelva', 153),
(1876, 'pt_BR', 'Huesca', 154),
(1877, 'pt_BR', 'Jaen', 155),
(1878, 'pt_BR', 'La Rioja', 156),
(1879, 'pt_BR', 'Las Palmas', 157),
(1880, 'pt_BR', 'Leon', 158),
(1881, 'pt_BR', 'Lleida', 159),
(1882, 'pt_BR', 'Lugo', 160),
(1883, 'pt_BR', 'Madri', 161),
(1884, 'pt_BR', 'Mlaga', 162),
(1885, 'pt_BR', 'Melilla', 163),
(1886, 'pt_BR', 'Murcia', 164),
(1887, 'pt_BR', 'Navarra', 165),
(1888, 'pt_BR', 'Ourense', 166),
(1889, 'pt_BR', 'Palencia', 167),
(1890, 'pt_BR', 'Pontevedra', 168),
(1891, 'pt_BR', 'Salamanca', 169),
(1892, 'pt_BR', 'Santa Cruz de Tenerife', 170),
(1893, 'pt_BR', 'Segovia', 171),
(1894, 'pt_BR', 'Sevilla', 172),
(1895, 'pt_BR', 'Soria', 173),
(1896, 'pt_BR', 'Tarragona', 174),
(1897, 'pt_BR', 'Teruel', 175),
(1898, 'pt_BR', 'Toledo', 176),
(1899, 'pt_BR', 'Valencia', 177),
(1900, 'pt_BR', 'Valladolid', 178),
(1901, 'pt_BR', 'Vizcaya', 179),
(1902, 'pt_BR', 'Zamora', 180),
(1903, 'pt_BR', 'Zaragoza', 181),
(1904, 'pt_BR', 'Ain', 182),
(1905, 'pt_BR', 'Aisne', 183),
(1906, 'pt_BR', 'Allier', 184),
(1907, 'pt_BR', 'Alpes da Alta Provena', 185),
(1908, 'pt_BR', 'Altos Alpes', 186),
(1909, 'pt_BR', 'Alpes-Maritimes', 187),
(1910, 'pt_BR', 'Ardche', 188),
(1911, 'pt_BR', 'Ardennes', 189),
(1912, 'pt_BR', 'Ariege', 190),
(1913, 'pt_BR', 'Aube', 191),
(1914, 'pt_BR', 'Aude', 192),
(1915, 'pt_BR', 'Aveyron', 193),
(1916, 'pt_BR', 'BOCAS DO Rhne', 194),
(1917, 'pt_BR', 'Calvados', 195),
(1918, 'pt_BR', 'Cantal', 196),
(1919, 'pt_BR', 'Charente', 197),
(1920, 'pt_BR', 'Charente-Maritime', 198),
(1921, 'pt_BR', 'Cher', 199),
(1922, 'pt_BR', 'Corrze', 200),
(1923, 'pt_BR', 'Corse-du-Sud', 201),
(1924, 'pt_BR', 'Alta Crsega', 202),
(1925, 'pt_BR', 'Costa d\'OrCorrze', 203),
(1926, 'pt_BR', 'Cotes d\'Armor', 204),
(1927, 'pt_BR', 'Creuse', 205),
(1928, 'pt_BR', 'Dordogne', 206),
(1929, 'pt_BR', 'Doubs', 207),
(1930, 'pt_BR', 'DrmeFinistre', 208),
(1931, 'pt_BR', 'Eure', 209),
(1932, 'pt_BR', 'Eure-et-Loir', 210),
(1933, 'pt_BR', 'Finistre', 211),
(1934, 'pt_BR', 'Gard', 212),
(1935, 'pt_BR', 'Haute-Garonne', 213),
(1936, 'pt_BR', 'Gers', 214),
(1937, 'pt_BR', 'Gironde', 215),
(1938, 'pt_BR', 'Hrault', 216),
(1939, 'pt_BR', 'Ille-et-Vilaine', 217),
(1940, 'pt_BR', 'Indre', 218),
(1941, 'pt_BR', 'Indre-et-Loire', 219),
(1942, 'pt_BR', 'Isre', 220),
(1943, 'pt_BR', 'Jura', 221),
(1944, 'pt_BR', 'Landes', 222),
(1945, 'pt_BR', 'Loir-et-Cher', 223),
(1946, 'pt_BR', 'Loire', 224),
(1947, 'pt_BR', 'Haute-Loire', 22),
(1948, 'pt_BR', 'Loire-Atlantique', 226),
(1949, 'pt_BR', 'Loiret', 227),
(1950, 'pt_BR', 'Lot', 228),
(1951, 'pt_BR', 'Lot e Garona', 229),
(1952, 'pt_BR', 'Lozre', 230),
(1953, 'pt_BR', 'Maine-et-Loire', 231),
(1954, 'pt_BR', 'Manche', 232),
(1955, 'pt_BR', 'Marne', 233),
(1956, 'pt_BR', 'Haute-Marne', 234),
(1957, 'pt_BR', 'Mayenne', 235),
(1958, 'pt_BR', 'Meurthe-et-Moselle', 236),
(1959, 'pt_BR', 'Meuse', 237),
(1960, 'pt_BR', 'Morbihan', 238),
(1961, 'pt_BR', 'Moselle', 239),
(1962, 'pt_BR', 'Nivre', 240),
(1963, 'pt_BR', 'Nord', 241),
(1964, 'pt_BR', 'Oise', 242),
(1965, 'pt_BR', 'Orne', 243),
(1966, 'pt_BR', 'Pas-de-Calais', 244),
(1967, 'pt_BR', 'Puy-de-Dme', 24),
(1968, 'pt_BR', 'Pirineus Atlnticos', 246),
(1969, 'pt_BR', 'Hautes-Pyrnes', 247),
(1970, 'pt_BR', 'Pirineus Orientais', 248),
(1971, 'pt_BR', 'Bas-Rhin', 249),
(1972, 'pt_BR', 'Alto Reno', 250),
(1973, 'pt_BR', 'Rhne', 251),
(1974, 'pt_BR', 'Haute-Sane', 252),
(1975, 'pt_BR', 'Sane-et-Loire', 253),
(1976, 'pt_BR', 'Sarthe', 25),
(1977, 'pt_BR', 'Savoie', 255),
(1978, 'pt_BR', 'Alta Sabia', 256),
(1979, 'pt_BR', 'Paris', 257),
(1980, 'pt_BR', 'Seine-Maritime', 258),
(1981, 'pt_BR', 'Seine-et-Marne', 259),
(1982, 'pt_BR', 'Yvelines', 260),
(1983, 'pt_BR', 'Deux-Svres', 261),
(1984, 'pt_BR', 'Somme', 262),
(1985, 'pt_BR', 'Tarn', 263),
(1986, 'pt_BR', 'Tarn-et-Garonne', 264),
(1987, 'pt_BR', 'Var', 265),
(1988, 'pt_BR', 'Vaucluse', 266),
(1989, 'pt_BR', 'Compradora', 267),
(1990, 'pt_BR', 'Vienne', 268),
(1991, 'pt_BR', 'Haute-Vienne', 269),
(1992, 'pt_BR', 'Vosges', 270),
(1993, 'pt_BR', 'Yonne', 271),
(1994, 'pt_BR', 'Territrio de Belfort', 272),
(1995, 'pt_BR', 'Essonne', 273),
(1996, 'pt_BR', 'Altos do Sena', 274),
(1997, 'pt_BR', 'Seine-Saint-Denis', 275),
(1998, 'pt_BR', 'Val-de-Marne', 276),
(1999, 'pt_BR', 'Val-d\'Oise', 277),
(2000, 'pt_BR', 'Alba', 278),
(2001, 'pt_BR', 'Arad', 279),
(2002, 'pt_BR', 'Arges', 280),
(2003, 'pt_BR', 'Bacau', 281),
(2004, 'pt_BR', 'Bihor', 282),
(2005, 'pt_BR', 'Bistrita-Nasaud', 283),
(2006, 'pt_BR', 'Botosani', 284),
(2007, 'pt_BR', 'Braov', 285),
(2008, 'pt_BR', 'Braila', 286),
(2009, 'pt_BR', 'Bucareste', 287),
(2010, 'pt_BR', 'Buzau', 288),
(2011, 'pt_BR', 'Caras-Severin', 289),
(2012, 'pt_BR', 'Clrai', 290),
(2013, 'pt_BR', 'Cluj', 291),
(2014, 'pt_BR', 'Constanta', 292),
(2015, 'pt_BR', 'Covasna', 29),
(2016, 'pt_BR', 'Dambovita', 294),
(2017, 'pt_BR', 'Dolj', 295),
(2018, 'pt_BR', 'Galati', 296),
(2019, 'pt_BR', 'Giurgiu', 297),
(2020, 'pt_BR', 'Gorj', 298),
(2021, 'pt_BR', 'Harghita', 299),
(2022, 'pt_BR', 'Hunedoara', 300),
(2023, 'pt_BR', 'Ialomita', 301),
(2024, 'pt_BR', 'Iasi', 302),
(2025, 'pt_BR', 'Ilfov', 303),
(2026, 'pt_BR', 'Maramures', 304),
(2027, 'pt_BR', 'Maramures', 305),
(2028, 'pt_BR', 'Mures', 306),
(2029, 'pt_BR', 'alemo', 307),
(2030, 'pt_BR', 'Olt', 308),
(2031, 'pt_BR', 'Prahova', 309),
(2032, 'pt_BR', 'Satu-Mare', 310),
(2033, 'pt_BR', 'Salaj', 311),
(2034, 'pt_BR', 'Sibiu', 312),
(2035, 'pt_BR', 'Suceava', 313),
(2036, 'pt_BR', 'Teleorman', 314),
(2037, 'pt_BR', 'Timis', 315),
(2038, 'pt_BR', 'Tulcea', 316),
(2039, 'pt_BR', 'Vaslui', 317),
(2040, 'pt_BR', 'dale', 318),
(2041, 'pt_BR', 'Vrancea', 319),
(2042, 'pt_BR', 'Lappi', 320),
(2043, 'pt_BR', 'Pohjois-Pohjanmaa', 321),
(2044, 'pt_BR', 'Kainuu', 322),
(2045, 'pt_BR', 'Pohjois-Karjala', 323),
(2046, 'pt_BR', 'Pohjois-Savo', 324),
(2047, 'pt_BR', 'Sul Savo', 325),
(2048, 'pt_BR', 'Ostrobothnia do sul', 326),
(2049, 'pt_BR', 'Pohjanmaa', 327),
(2050, 'pt_BR', 'Pirkanmaa', 328),
(2051, 'pt_BR', 'Satakunta', 329),
(2052, 'pt_BR', 'Keski-Pohjanmaa', 330),
(2053, 'pt_BR', 'Keski-Suomi', 331),
(2054, 'pt_BR', 'Varsinais-Suomi', 332),
(2055, 'pt_BR', 'Carlia do Sul', 333),
(2056, 'pt_BR', 'Pijt-Hme', 334),
(2057, 'pt_BR', 'Kanta-Hme', 335),
(2058, 'pt_BR', 'Uusimaa', 336),
(2059, 'pt_BR', 'Uusimaa', 337),
(2060, 'pt_BR', 'Kymenlaakso', 338),
(2061, 'pt_BR', 'Ahvenanmaa', 339),
(2062, 'pt_BR', 'Harjumaa', 340),
(2063, 'pt_BR', 'Hiiumaa', 341),
(2064, 'pt_BR', 'Ida-Virumaa', 342),
(2065, 'pt_BR', 'Condado de Jgeva', 343),
(2066, 'pt_BR', 'Condado de Jrva', 344),
(2067, 'pt_BR', 'Lnemaa', 345),
(2068, 'pt_BR', 'Condado de Lne-Viru', 346),
(2069, 'pt_BR', 'Condado de Plva', 347),
(2070, 'pt_BR', 'Condado de Prnu', 348),
(2071, 'pt_BR', 'Raplamaa', 349),
(2072, 'pt_BR', 'Saaremaa', 350),
(2073, 'pt_BR', 'Tartumaa', 351),
(2074, 'pt_BR', 'Valgamaa', 352),
(2075, 'pt_BR', 'Viljandimaa', 353),
(2076, 'pt_BR', 'Vrumaa', 354),
(2077, 'pt_BR', 'Daugavpils', 355),
(2078, 'pt_BR', 'Jelgava', 356),
(2079, 'pt_BR', 'Jekabpils', 357),
(2080, 'pt_BR', 'Jurmala', 358),
(2081, 'pt_BR', 'Liepaja', 359),
(2082, 'pt_BR', 'Liepaja County', 360),
(2083, 'pt_BR', 'Rezekne', 361),
(2084, 'pt_BR', 'Riga', 362),
(2085, 'pt_BR', 'Condado de Riga', 363),
(2086, 'pt_BR', 'Valmiera', 364),
(2087, 'pt_BR', 'Ventspils', 365),
(2088, 'pt_BR', 'Aglonas novads', 366),
(2089, 'pt_BR', 'Aizkraukles novads', 367),
(2090, 'pt_BR', 'Aizputes novads', 368),
(2091, 'pt_BR', 'Condado de Akniste', 369),
(2092, 'pt_BR', 'Alojas novads', 370),
(2093, 'pt_BR', 'Alsungas novads', 371),
(2094, 'pt_BR', 'Aluksne County', 372),
(2095, 'pt_BR', 'Amatas novads', 373),
(2096, 'pt_BR', 'Macacos novads', 374),
(2097, 'pt_BR', 'Auces novads', 375),
(2098, 'pt_BR', 'Babtes novads', 376),
(2099, 'pt_BR', 'Baldones novads', 377),
(2100, 'pt_BR', 'Baltinavas novads', 378),
(2101, 'pt_BR', 'Balvu novads', 379),
(2102, 'pt_BR', 'Bauskas novads', 380),
(2103, 'pt_BR', 'Condado de Beverina', 381),
(2104, 'pt_BR', 'Condado de Broceni', 382),
(2105, 'pt_BR', 'Burtnieku novads', 383),
(2106, 'pt_BR', 'Carnikavas novads', 384),
(2107, 'pt_BR', 'Cesvaines novads', 385),
(2108, 'pt_BR', 'Ciblas novads', 386),
(2109, 'pt_BR', 'Cesis county', 387),
(2110, 'pt_BR', 'Dagdas novads', 388),
(2111, 'pt_BR', 'Daugavpils novads', 389),
(2112, 'pt_BR', 'Dobeles novads', 390),
(2113, 'pt_BR', 'Dundagas novads', 391),
(2114, 'pt_BR', 'Durbes novads', 392),
(2115, 'pt_BR', 'Engad novads', 393),
(2116, 'pt_BR', 'Garkalnes novads', 394),
(2117, 'pt_BR', 'O condado de Grobia', 395),
(2118, 'pt_BR', 'Gulbenes novads', 396),
(2119, 'pt_BR', 'Iecavas novads', 397),
(2120, 'pt_BR', 'Ikskile county', 398),
(2121, 'pt_BR', 'Ilkste county', 399),
(2122, 'pt_BR', 'Condado de Inukalns', 400),
(2123, 'pt_BR', 'Jaunjelgavas novads', 401),
(2124, 'pt_BR', 'Jaunpiebalgas novads', 402),
(2125, 'pt_BR', 'Jaunpils novads', 403),
(2126, 'pt_BR', 'Jelgavas novads', 404),
(2127, 'pt_BR', 'Jekabpils county', 405),
(2128, 'pt_BR', 'Kandavas novads', 406),
(2129, 'pt_BR', 'Kokneses novads', 407),
(2130, 'pt_BR', 'Krimuldas novads', 408),
(2131, 'pt_BR', 'Krustpils novads', 409),
(2132, 'pt_BR', 'Condado de Kraslava', 410),
(2133, 'pt_BR', 'Condado de Kuldga', 411),
(2134, 'pt_BR', 'Condado de Krsava', 412),
(2135, 'pt_BR', 'Condado de Lielvarde', 413),
(2136, 'pt_BR', 'Condado de Limbai', 414),
(2137, 'pt_BR', 'O distrito de Lubna', 415),
(2138, 'pt_BR', 'Ludzas novads', 416),
(2139, 'pt_BR', 'Ligatne county', 417),
(2140, 'pt_BR', 'Livani county', 418),
(2141, 'pt_BR', 'Madonas novads', 419),
(2142, 'pt_BR', 'Mazsalacas novads', 420),
(2143, 'pt_BR', 'Mlpils county', 421),
(2144, 'pt_BR', 'Mrupe county', 422),
(2145, 'pt_BR', 'O condado de Naukni', 423),
(2146, 'pt_BR', 'Neretas novads', 424),
(2147, 'pt_BR', 'Nca county', 425),
(2148, 'pt_BR', 'Ogres novads', 426),
(2149, 'pt_BR', 'Olaines novads', 427),
(2150, 'pt_BR', 'Ozolnieku novads', 428),
(2151, 'pt_BR', 'Preii county', 429),
(2152, 'pt_BR', 'Priekules novads', 430),
(2153, 'pt_BR', 'Condado de Priekui', 431),
(2154, 'pt_BR', 'Moving county', 432),
(2155, 'pt_BR', 'Condado de Pavilosta', 433),
(2156, 'pt_BR', 'Condado de Plavinas', 434),
(2157, 'pt_BR', 'Raunas novads', 435),
(2158, 'pt_BR', 'Condado de Riebii', 436),
(2159, 'pt_BR', 'Rojas novads', 437),
(2160, 'pt_BR', 'Ropazi county', 438),
(2161, 'pt_BR', 'Rucavas novads', 439),
(2162, 'pt_BR', 'Rugji county', 440),
(2163, 'pt_BR', 'Rundle county', 441),
(2164, 'pt_BR', 'Rezekne county', 442),
(2165, 'pt_BR', 'Rjiena county', 443),
(2166, 'pt_BR', 'O municpio de Salacgriva', 444),
(2167, 'pt_BR', 'Salas novads', 445),
(2168, 'pt_BR', 'Salaspils novads', 446),
(2169, 'pt_BR', 'Saldus novads', 447),
(2170, 'pt_BR', 'Saulkrastu novads', 448),
(2171, 'pt_BR', 'Siguldas novads', 449),
(2172, 'pt_BR', 'Skrundas novads', 450),
(2173, 'pt_BR', 'Skrveri county', 451),
(2174, 'pt_BR', 'Smiltenes novads', 452),
(2175, 'pt_BR', 'Condado de Stopini', 453),
(2176, 'pt_BR', 'Condado de Streni', 454),
(2177, 'pt_BR', 'Regio de semeadura', 455),
(2178, 'pt_BR', 'Talsu novads', 456),
(2179, 'pt_BR', 'Tukuma novads', 457),
(2180, 'pt_BR', 'Condado de Trvete', 458),
(2181, 'pt_BR', 'O condado de Vaiode', 459),
(2182, 'pt_BR', 'Valkas novads', 460),
(2183, 'pt_BR', 'Valmieras novads', 461),
(2184, 'pt_BR', 'Varaklani county', 462),
(2185, 'pt_BR', 'Vecpiebalgas novads', 463),
(2186, 'pt_BR', 'Vecumnieku novads', 464),
(2187, 'pt_BR', 'Ventspils novads', 465),
(2188, 'pt_BR', 'Condado de Viesite', 466),
(2189, 'pt_BR', 'Condado de Vilaka', 467),
(2190, 'pt_BR', 'Vilani county', 468),
(2191, 'pt_BR', 'Condado de Varkava', 469),
(2192, 'pt_BR', 'Zilupes novads', 470),
(2193, 'pt_BR', 'Adazi county', 471),
(2194, 'pt_BR', 'Erglu county', 472),
(2195, 'pt_BR', 'Kegums county', 473),
(2196, 'pt_BR', 'Kekava county', 474),
(2197, 'pt_BR', 'Alytaus Apskritis', 475),
(2198, 'pt_BR', 'Kauno Apskritis', 476),
(2199, 'pt_BR', 'Condado de Klaipeda', 477),
(2200, 'pt_BR', 'Marijampol county', 478),
(2201, 'pt_BR', 'Panevezys county', 479),
(2202, 'pt_BR', 'Siauliai county', 480),
(2203, 'pt_BR', 'Taurage county', 481),
(2204, 'pt_BR', 'Teliai county', 482),
(2205, 'pt_BR', 'Utenos Apskritis', 483),
(2206, 'pt_BR', 'Vilniaus Apskritis', 484),
(2207, 'pt_BR', 'Acre', 485),
(2208, 'pt_BR', 'Alagoas', 486),
(2209, 'pt_BR', 'Amap', 487),
(2210, 'pt_BR', 'Amazonas', 488),
(2211, 'pt_BR', 'Bahia', 489),
(2212, 'pt_BR', 'Cear', 490),
(2213, 'pt_BR', 'Esprito Santo', 491),
(2214, 'pt_BR', 'Gois', 492),
(2215, 'pt_BR', 'Maranho', 493),
(2216, 'pt_BR', 'Mato Grosso', 494),
(2217, 'pt_BR', 'Mato Grosso do Sul', 495),
(2218, 'pt_BR', 'Minas Gerais', 496),
(2219, 'pt_BR', 'Par', 497),
(2220, 'pt_BR', 'Paraba', 498),
(2221, 'pt_BR', 'Paran', 499),
(2222, 'pt_BR', 'Pernambuco', 500),
(2223, 'pt_BR', 'Piau', 501),
(2224, 'pt_BR', 'Rio de Janeiro', 502),
(2225, 'pt_BR', 'Rio Grande do Norte', 503),
(2226, 'pt_BR', 'Rio Grande do Sul', 504),
(2227, 'pt_BR', 'Rondnia', 505),
(2228, 'pt_BR', 'Roraima', 506),
(2229, 'pt_BR', 'Santa Catarina', 507),
(2230, 'pt_BR', 'So Paulo', 508),
(2231, 'pt_BR', 'Sergipe', 509),
(2232, 'pt_BR', 'Tocantins', 510),
(2233, 'pt_BR', 'Distrito Federal', 511),
(2234, 'pt_BR', 'Condado de Zagreb', 512),
(2235, 'pt_BR', 'Condado de Krapina-Zagorje', 513),
(2236, 'pt_BR', 'Condado de Sisak-Moslavina', 514),
(2237, 'pt_BR', 'Condado de Karlovac', 515),
(2238, 'pt_BR', 'Concelho de Varadin', 516),
(2239, 'pt_BR', 'Condado de Koprivnica-Krievci', 517),
(2240, 'pt_BR', 'Condado de Bjelovar-Bilogora', 518),
(2241, 'pt_BR', 'Condado de Primorje-Gorski kotar', 519),
(2242, 'pt_BR', 'Condado de Lika-Senj', 520),
(2243, 'pt_BR', 'Condado de Virovitica-Podravina', 521),
(2244, 'pt_BR', 'Condado de Poega-Slavonia', 522),
(2245, 'pt_BR', 'Condado de Brod-Posavina', 523),
(2246, 'pt_BR', 'Condado de Zadar', 524),
(2247, 'pt_BR', 'Condado de Osijek-Baranja', 525),
(2248, 'pt_BR', 'Condado de ibenik-Knin', 526),
(2249, 'pt_BR', 'Condado de Vukovar-Srijem', 527),
(2250, 'pt_BR', 'Condado de Split-Dalmcia', 528),
(2251, 'pt_BR', 'Condado de stria', 529),
(2252, 'pt_BR', 'Condado de Dubrovnik-Neretva', 530),
(2253, 'pt_BR', 'Meimurska upanija', 531),
(2254, 'pt_BR', 'Grad Zagreb', 532),
(2255, 'pt_BR', 'Ilhas Andaman e Nicobar', 533),
(2256, 'pt_BR', 'Andhra Pradesh', 534),
(2257, 'pt_BR', 'Arunachal Pradesh', 535),
(2258, 'pt_BR', 'Assam', 536),
(2259, 'pt_BR', 'Bihar', 537),
(2260, 'pt_BR', 'Chandigarh', 538),
(2261, 'pt_BR', 'Chhattisgarh', 539),
(2262, 'pt_BR', 'Dadra e Nagar Haveli', 540),
(2263, 'pt_BR', 'Daman e Diu', 541),
(2264, 'pt_BR', 'Delhi', 542),
(2265, 'pt_BR', 'Goa', 543),
(2266, 'pt_BR', 'Gujarat', 544),
(2267, 'pt_BR', 'Haryana', 545),
(2268, 'pt_BR', 'Himachal Pradesh', 546),
(2269, 'pt_BR', 'Jammu e Caxemira', 547),
(2270, 'pt_BR', 'Jharkhand', 548),
(2271, 'pt_BR', 'Karnataka', 549),
(2272, 'pt_BR', 'Kerala', 550),
(2273, 'pt_BR', 'Lakshadweep', 551),
(2274, 'pt_BR', 'Madhya Pradesh', 552),
(2275, 'pt_BR', 'Maharashtra', 553),
(2276, 'pt_BR', 'Manipur', 554),
(2277, 'pt_BR', 'Meghalaya', 555),
(2278, 'pt_BR', 'Mizoram', 556),
(2279, 'pt_BR', 'Nagaland', 557),
(2280, 'pt_BR', 'Odisha', 558),
(2281, 'pt_BR', 'Puducherry', 559),
(2282, 'pt_BR', 'Punjab', 560),
(2283, 'pt_BR', 'Rajasthan', 561),
(2284, 'pt_BR', 'Sikkim', 562),
(2285, 'pt_BR', 'Tamil Nadu', 563),
(2286, 'pt_BR', 'Telangana', 564),
(2287, 'pt_BR', 'Tripura', 565),
(2288, 'pt_BR', 'Uttar Pradesh', 566),
(2289, 'pt_BR', 'Uttarakhand', 567),
(2290, 'pt_BR', 'Bengala Ocidental', 568);

-- --------------------------------------------------------

--
-- Table structure for table `country_translations`
--

CREATE TABLE `country_translations` (
  `id` int UNSIGNED NOT NULL,
  `locale` varchar(191) CHARACTER SET utf8 COLLATE utf8_unicode_ci NOT NULL,
  `name` text CHARACTER SET utf8 COLLATE utf8_unicode_ci,
  `country_id` int UNSIGNED NOT NULL
) ENGINE=InnoDB DEFAULT CHARSET=utf8mb3 COLLATE=utf8_unicode_ci ROW_FORMAT=DYNAMIC;

--
-- Dumping data for table `country_translations`
--

INSERT INTO `country_translations` (`id`, `locale`, `name`, `country_id`) VALUES
(1, 'ar', '', 1),
(2, 'ar', ' ', 2),
(3, 'ar', '', 3),
(4, 'ar', '', 4),
(5, 'ar', ' ', 5),
(6, 'ar', '', 6),
(7, 'ar', '', 7),
(8, 'ar', '', 8),
(9, 'ar', '  ', 9),
(10, 'ar', ' ', 10),
(11, 'ar', '', 11),
(12, 'ar', '', 12),
(13, 'ar', '', 13),
(14, 'ar', ' ', 14),
(15, 'ar', '', 15),
(16, 'ar', '', 16),
(17, 'ar', '', 17),
(18, 'ar', '', 18),
(19, 'ar', '', 19),
(20, 'ar', '', 20),
(21, 'ar', '', 21),
(22, 'ar', ' ', 22),
(23, 'ar', '', 23),
(24, 'ar', '', 24),
(25, 'ar', '', 25),
(26, 'ar', '', 26),
(27, 'ar', '', 27),
(28, 'ar', '', 28),
(29, 'ar', ' ', 29),
(30, 'ar', '', 30),
(31, 'ar', '', 31),
(32, 'ar', '   ', 32),
(33, 'ar', '  ', 33),
(34, 'ar', '', 34),
(35, 'ar', '', 35),
(36, 'ar', ' ', 36),
(37, 'ar', '', 37),
(38, 'ar', '', 38),
(39, 'ar', '', 39),
(40, 'ar', '', 40),
(41, 'ar', ' ', 41),
(42, 'ar', ' ', 42),
(43, 'ar', ' ', 43),
(44, 'ar', ' ', 44),
(45, 'ar', '  ', 45),
(46, 'ar', ' ', 46),
(47, 'ar', '', 47),
(48, 'ar', '', 48),
(49, 'ar', '', 49),
(50, 'ar', ' ', 50),
(51, 'ar', '  ()', 51),
(52, 'ar', '', 52),
(53, 'ar', ' ', 53),
(54, 'ar', ' - ', 54),
(55, 'ar', ' - ', 55),
(56, 'ar', ' ', 56),
(57, 'ar', '', 57),
(58, 'ar', ' ', 58),
(59, 'ar', '', 59),
(60, 'ar', '', 60),
(61, 'ar', '', 61),
(62, 'ar', '', 62),
(63, 'ar', '', 63),
(64, 'ar', '', 64),
(65, 'ar', ' ', 65),
(66, 'ar', '', 66),
(67, 'ar', '', 67),
(68, 'ar', ' ', 68),
(69, 'ar', '', 69),
(70, 'ar', '', 70),
(71, 'ar', '', 71),
(72, 'ar', ' ', 72),
(73, 'ar', '', 73),
(74, 'ar', '', 74),
(75, 'ar', '', 75),
(76, 'ar', ' ', 76),
(77, 'ar', ' ', 77),
(78, 'ar', ' ', 78),
(79, 'ar', '', 79),
(80, 'ar', '', 80),
(81, 'ar', '', 81),
(82, 'ar', ' ', 82),
(83, 'ar', ' ', 83),
(84, 'ar', '  ', 84),
(85, 'ar', '', 85),
(86, 'ar', '', 86),
(87, 'ar', '', 87),
(88, 'ar', '', 88),
(89, 'ar', '', 89),
(90, 'ar', ' ', 90),
(91, 'ar', '', 91),
(92, 'ar', ' ', 92),
(93, 'ar', '', 93),
(94, 'ar', '', 94),
(95, 'ar', '', 95),
(96, 'ar', '', 96),
(97, 'ar', '', 97),
(98, 'ar', '', 98),
(99, 'ar', ' ', 99),
(100, 'ar', '', 100),
(101, 'ar', '', 101),
(102, 'ar', '', 102),
(103, 'ar', '  SAR ', 103),
(104, 'ar', '', 104),
(105, 'ar', '', 105),
(106, 'ar', '', 106),
(107, 'ar', '', 107),
(108, 'ar', '', 108),
(109, 'ar', '', 109),
(110, 'ar', '', 110),
(111, 'ar', '   ', 111),
(112, 'ar', '', 112),
(113, 'ar', '', 113),
(114, 'ar', '', 114),
(115, 'ar', '', 115),
(116, 'ar', '', 116),
(117, 'ar', '', 117),
(118, 'ar', '', 118),
(119, 'ar', '', 119),
(120, 'ar', '', 120),
(121, 'ar', '', 121),
(122, 'ar', '', 122),
(123, 'ar', '', 123),
(124, 'ar', '', 124),
(125, 'ar', '', 125),
(126, 'ar', '', 126),
(127, 'ar', '', 127),
(128, 'ar', '', 128),
(129, 'ar', '', 129),
(130, 'ar', '', 130),
(131, 'ar', '', 131),
(132, 'ar', '', 132),
(133, 'ar', ' SAR ', 133),
(134, 'ar', '', 134),
(135, 'ar', '', 135),
(136, 'ar', '', 136),
(137, 'ar', '', 137),
(138, 'ar', ' ', 138),
(139, 'ar', '', 139),
(140, 'ar', '', 140),
(141, 'ar', ' ', 141),
(142, 'ar', '', 142),
(143, 'ar', '', 143),
(144, 'ar', '', 144),
(145, 'ar', '', 145),
(146, 'ar', '', 146),
(147, 'ar', '', 147),
(148, 'ar', '', 148),
(149, 'ar', '', 149),
(150, 'ar', '', 150),
(151, 'ar', ' ', 151),
(152, 'ar', '', 152),
(153, 'ar', '', 153),
(154, 'ar', '', 154),
(155, 'ar', ' ()', 155),
(156, 'ar', '', 156),
(157, 'ar', '', 157),
(158, 'ar', '', 158),
(159, 'ar', '', 159),
(160, 'ar', ' ', 160),
(161, 'ar', '', 161),
(162, 'ar', '', 162),
(163, 'ar', '', 163),
(164, 'ar', '', 164),
(165, 'ar', '', 165),
(166, 'ar', ' ', 166),
(167, 'ar', ' ', 167),
(168, 'ar', '  ', 168),
(169, 'ar', '', 169),
(170, 'ar', ' ', 170),
(171, 'ar', '', 171),
(172, 'ar', '', 172),
(173, 'ar', ' ', 173),
(174, 'ar', '', 174),
(175, 'ar', '  ', 175),
(176, 'ar', '', 176),
(177, 'ar', '', 177),
(178, 'ar', '', 178),
(179, 'ar', ' ', 179),
(180, 'ar', '', 180),
(181, 'ar', '', 181),
(182, 'ar', '', 182),
(183, 'ar', ' ', 183),
(184, 'ar', ' ', 184),
(185, 'ar', '', 185),
(186, 'ar', '', 186),
(187, 'ar', '', 187),
(188, 'ar', '', 188),
(189, 'ar', ' ', 189),
(190, 'ar', '  ', 190),
(191, 'ar', '  ', 191),
(192, 'ar', '', 192),
(193, 'ar', '', 193),
(194, 'ar', '', 194),
(195, 'ar', '', 195),
(196, 'ar', '', 196),
(197, 'ar', ' ', 197),
(198, 'ar', '', 198),
(199, 'ar', '', 199),
(200, 'ar', ' ', 200),
(201, 'ar', '', 201),
(202, 'ar', ' ', 202),
(203, 'ar', '    ', 203),
(204, 'ar', ' ', 204),
(205, 'ar', ' ', 205),
(206, 'ar', '', 206),
(207, 'ar', '', 207),
(208, 'ar', ' ', 208),
(209, 'ar', ' ', 209),
(210, 'ar', '  ', 210),
(211, 'ar', ' ', 211),
(212, 'ar', ' ', 212),
(213, 'ar', '  ', 213),
(214, 'ar', '   ', 214),
(215, 'ar', '', 215),
(216, 'ar', '', 216),
(217, 'ar', '  ', 217),
(218, 'ar', '', 218),
(219, 'ar', '', 219),
(220, 'ar', '', 220),
(221, 'ar', '', 221),
(222, 'ar', '', 222),
(223, 'ar', '', 223),
(224, 'ar', '', 224),
(225, 'ar', '', 225),
(226, 'ar', '', 226),
(227, 'ar', '', 227),
(228, 'ar', '', 228),
(229, 'ar', '', 229),
(230, 'ar', ' ', 230),
(231, 'ar', '  ', 231),
(232, 'ar', '', 232),
(233, 'ar', ' ', 233),
(234, 'ar', '', 234),
(235, 'ar', '  ', 235),
(236, 'ar', '', 236),
(237, 'ar', '   ', 237),
(238, 'ar', '  ', 238),
(239, 'ar', '', 239),
(240, 'ar', '', 240),
(241, 'ar', '  ', 241),
(242, 'ar', ' ', 242),
(243, 'ar', ' ', 243),
(244, 'ar', '  ', 244),
(245, 'ar', '', 245),
(246, 'ar', '', 246),
(247, 'ar', '', 247),
(248, 'ar', ' ', 248),
(249, 'ar', '', 249),
(250, 'ar', '', 250),
(251, 'ar', ' ', 251),
(252, 'ar', ' ', 252),
(253, 'ar', '', 253),
(254, 'ar', '', 254),
(255, 'ar', '', 255),
(256, 'es', 'Afganistn', 1),
(257, 'es', 'Islas land', 2),
(258, 'es', 'Albania', 3),
(259, 'es', 'Argelia', 4),
(260, 'es', 'Samoa Americana', 5),
(261, 'es', 'Andorra', 6),
(262, 'es', 'Angola', 7),
(263, 'es', 'Anguila', 8),
(264, 'es', 'Antrtida', 9),
(265, 'es', 'Antigua y Barbuda', 10),
(266, 'es', 'Argentina', 11),
(267, 'es', 'Armenia', 12),
(268, 'es', 'Aruba', 13),
(269, 'es', 'Isla Ascensin', 14),
(270, 'es', 'Australia', 15),
(271, 'es', 'Austria', 16),
(272, 'es', 'Azerbaiyn', 17),
(273, 'es', 'Bahamas', 18),
(274, 'es', 'Bahrein', 19),
(275, 'es', 'Bangladesh', 20),
(276, 'es', 'Barbados', 21),
(277, 'es', 'Bielorrusia', 22),
(278, 'es', 'Blgica', 23),
(279, 'es', 'Belice', 24),
(280, 'es', 'Benn', 25),
(281, 'es', 'Islas Bermudas', 26),
(282, 'es', 'Bhutn', 27),
(283, 'es', 'Bolivia', 28),
(284, 'es', 'Bosnia y Herzegovina', 29),
(285, 'es', 'Botsuana', 30),
(286, 'es', 'Brasil', 31),
(287, 'es', 'Territorio Britnico del Ocano ndico', 32),
(288, 'es', 'Islas Vrgenes Britnicas', 33),
(289, 'es', 'Bruni', 34),
(290, 'es', 'Bulgaria', 35),
(291, 'es', 'Burkina Faso', 36),
(292, 'es', 'Burundi', 37),
(293, 'es', 'Camboya', 38),
(294, 'es', 'Camern', 39),
(295, 'es', 'Canad', 40),
(296, 'es', 'Islas Canarias', 41),
(297, 'es', 'Cabo Verde', 42),
(298, 'es', 'Caribe Neerlands', 43),
(299, 'es', 'Islas Caimn', 44),
(300, 'es', 'Repblica Centroafricana', 45),
(301, 'es', 'Ceuta y Melilla', 46),
(302, 'es', 'Chad', 47),
(303, 'es', 'Chile', 48),
(304, 'es', 'China', 49),
(305, 'es', 'Isla de Navidad', 50),
(306, 'es', 'Islas Cocos', 51),
(307, 'es', 'Colombia', 52),
(308, 'es', 'Comoras', 53),
(309, 'es', 'Repblica del Congo', 54),
(310, 'es', 'Repblica Democrtica del Congo', 55),
(311, 'es', 'Islas Cook', 56),
(312, 'es', 'Costa Rica', 57),
(313, 'es', 'Costa de Marfil', 58),
(314, 'es', 'Croacia', 59),
(315, 'es', 'Cuba', 60),
(316, 'es', 'Curazao', 61),
(317, 'es', 'Chipre', 62),
(318, 'es', 'Repblica Checa', 63),
(319, 'es', 'Dinamarca', 64),
(320, 'es', 'Diego Garca', 65),
(321, 'es', 'Yibuti', 66),
(322, 'es', 'Dominica', 67),
(323, 'es', 'Repblica Dominicana', 68),
(324, 'es', 'Ecuador', 69),
(325, 'es', 'Egipto', 70),
(326, 'es', 'El Salvador', 71),
(327, 'es', 'Guinea Ecuatorial', 72),
(328, 'es', 'Eritrea', 73),
(329, 'es', 'Estonia', 74),
(330, 'es', 'Etiopa', 75),
(331, 'es', 'Europa', 76),
(332, 'es', 'Islas Malvinas', 77),
(333, 'es', 'Islas Feroe', 78),
(334, 'es', 'Fiyi', 79),
(335, 'es', 'Finlandia', 80),
(336, 'es', 'Francia', 81),
(337, 'es', 'Guayana Francesa', 82),
(338, 'es', 'Polinesia Francesa', 83),
(339, 'es', 'Territorios Australes y Antrticas Franceses', 84),
(340, 'es', 'Gabn', 85),
(341, 'es', 'Gambia', 86),
(342, 'es', 'Georgia', 87),
(343, 'es', 'Alemania', 88),
(344, 'es', 'Ghana', 89),
(345, 'es', 'Gibraltar', 90),
(346, 'es', 'Grecia', 91),
(347, 'es', 'Groenlandia', 92),
(348, 'es', 'Granada', 93),
(349, 'es', 'Guadalupe', 94),
(350, 'es', 'Guam', 95),
(351, 'es', 'Guatemala', 96),
(352, 'es', 'Guernsey', 97),
(353, 'es', 'Guinea', 98),
(354, 'es', 'Guinea-Bisu', 99),
(355, 'es', 'Guyana', 100),
(356, 'es', 'Hait', 101),
(357, 'es', 'Honduras', 102),
(358, 'es', 'Hong Kong', 103),
(359, 'es', 'Hungra', 104),
(360, 'es', 'Islandia', 105),
(361, 'es', 'India', 106),
(362, 'es', 'Indonesia', 107),
(363, 'es', 'Irn', 108),
(364, 'es', 'Irak', 109),
(365, 'es', 'Irlanda', 110),
(366, 'es', 'Isla de Man', 111),
(367, 'es', 'Israel', 112),
(368, 'es', 'Italia', 113),
(369, 'es', 'Jamaica', 114),
(370, 'es', 'Japn', 115),
(371, 'es', 'Jersey', 116),
(372, 'es', 'Jordania', 117),
(373, 'es', 'Kazajistn', 118),
(374, 'es', 'Kenia', 119),
(375, 'es', 'Kiribati', 120),
(376, 'es', 'Kosovo', 121),
(377, 'es', 'Kuwait', 122),
(378, 'es', 'Kirguistn', 123),
(379, 'es', 'Laos', 124),
(380, 'es', 'Letonia', 125),
(381, 'es', 'Lbano', 126),
(382, 'es', 'Lesoto', 127),
(383, 'es', 'Liberia', 128),
(384, 'es', 'Libia', 129),
(385, 'es', 'Liechtenstein', 130),
(386, 'es', 'Lituania', 131),
(387, 'es', 'Luxemburgo', 132),
(388, 'es', 'Macao', 133),
(389, 'es', 'Macedonia', 134),
(390, 'es', 'Madagascar', 135),
(391, 'es', 'Malaui', 136),
(392, 'es', 'Malasia', 137),
(393, 'es', 'Maldivas', 138),
(394, 'es', 'Mal', 139),
(395, 'es', 'Malta', 140),
(396, 'es', 'Islas Marshall', 141),
(397, 'es', 'Martinica', 142),
(398, 'es', 'Mauritania', 143),
(399, 'es', 'Mauricio', 144),
(400, 'es', 'Mayotte', 145),
(401, 'es', 'Mxico', 146),
(402, 'es', 'Micronesia', 147),
(403, 'es', 'Moldavia', 148),
(404, 'es', 'Mnaco', 149),
(405, 'es', 'Mongolia', 150),
(406, 'es', 'Montenegro', 151),
(407, 'es', 'Montserrat', 152),
(408, 'es', 'Marruecos', 153),
(409, 'es', 'Mozambique', 154),
(410, 'es', 'Birmania', 155),
(411, 'es', 'Namibia', 156),
(412, 'es', 'Nauru', 157),
(413, 'es', 'Nepal', 158),
(414, 'es', 'Holanda', 159),
(415, 'es', 'Nueva Caledonia', 160),
(416, 'es', 'Nueva Zelanda', 161),
(417, 'es', 'Nicaragua', 162),
(418, 'es', 'Nger', 163),
(419, 'es', 'Nigeria', 164),
(420, 'es', 'Niue', 165),
(421, 'es', 'Isla Norfolk', 166),
(422, 'es', 'Corea del Norte', 167),
(423, 'es', 'Islas Marianas del Norte', 168),
(424, 'es', 'Noruega', 169),
(425, 'es', 'Omn', 170),
(426, 'es', 'Pakistn', 171),
(427, 'es', 'Palaos', 172),
(428, 'es', 'Palestina', 173),
(429, 'es', 'Panam', 174),
(430, 'es', 'Papa Nueva Guinea', 175),
(431, 'es', 'Paraguay', 176),
(432, 'es', 'Per', 177),
(433, 'es', 'Filipinas', 178),
(434, 'es', 'Islas Pitcairn', 179),
(435, 'es', 'Polonia', 180),
(436, 'es', 'Portugal', 181),
(437, 'es', 'Puerto Rico', 182),
(438, 'es', 'Catar', 183),
(439, 'es', 'Reunin', 184),
(440, 'es', 'Rumania', 185),
(441, 'es', 'Rusia', 186),
(442, 'es', 'Ruanda', 187),
(443, 'es', 'Samoa', 188),
(444, 'es', 'San Marino', 189),
(445, 'es', 'Santo Tom y Prncipe', 190),
(446, 'es', 'Arabia Saudita', 191),
(447, 'es', 'Senegal', 192),
(448, 'es', 'Serbia', 193),
(449, 'es', 'Seychelles', 194),
(450, 'es', 'Sierra Leona', 195),
(451, 'es', 'Singapur', 196),
(452, 'es', 'San Martn', 197),
(453, 'es', 'Eslovaquia', 198),
(454, 'es', 'Eslovenia', 199),
(455, 'es', 'Islas Salomn', 200),
(456, 'es', 'Somalia', 201),
(457, 'es', 'Sudfrica', 202),
(458, 'es', 'Islas Georgias del Sur y Sandwich del Sur', 203),
(459, 'es', 'Corea del Sur', 204),
(460, 'es', 'Sudn del Sur', 205),
(461, 'es', 'Espaa', 206),
(462, 'es', 'Sri Lanka', 207),
(463, 'es', 'San Bartolom', 208),
(464, 'es', 'Santa Elena', 209),
(465, 'es', 'San Cristbal y Nieves', 210),
(466, 'es', 'Santa Luca', 211),
(467, 'es', 'San Martn', 212),
(468, 'es', 'San Pedro y Miqueln', 213),
(469, 'es', 'San Vicente y las Granadinas', 214),
(470, 'es', 'Sudn', 215),
(471, 'es', 'Surinam', 216),
(472, 'es', 'Svalbard y Jan Mayen', 217),
(473, 'es', 'Suazilandia', 218),
(474, 'es', 'Suecia', 219),
(475, 'es', 'Suiza', 220),
(476, 'es', 'Siri', 221),
(477, 'es', 'Taiwn', 222),
(478, 'es', 'Tayikistn', 223),
(479, 'es', 'Tanzania', 224),
(480, 'es', 'Tailandia', 225),
(481, 'es', 'Timor Oriental', 226),
(482, 'es', 'Togo', 227),
(483, 'es', 'Tokelau', 228),
(484, 'es', 'Tonga', 229),
(485, 'es', 'Trinidad y Tobago', 230),
(486, 'es', 'Tristn de Acua', 231),
(487, 'es', 'Tnez', 232),
(488, 'es', 'Turqua', 233),
(489, 'es', 'Turkmenistn', 234),
(490, 'es', 'Islas Turcas y Caicos', 235),
(491, 'es', 'Tuvalu', 236),
(492, 'es', 'Islas Ultramarinas Menores de los Estados Unidos', 237),
(493, 'es', 'Islas Vrgenes de los Estados Unidos', 238),
(494, 'es', 'Uganda', 239),
(495, 'es', 'Ucrania', 240),
(496, 'es', 'Emiratos rabes Unidos', 241),
(497, 'es', 'Reino Unido', 242),
(498, 'es', 'Naciones Unidas', 243),
(499, 'es', 'Estados Unidos', 244),
(500, 'es', 'Uruguay', 245),
(501, 'es', 'Uzbekistn', 246),
(502, 'es', 'Vanuatu', 247),
(503, 'es', 'Ciudad del Vaticano', 248),
(504, 'es', 'Venezuela', 249),
(505, 'es', 'Vietnam', 250),
(506, 'es', 'Wallis y Futuna', 251),
(507, 'es', 'Sahara Occidental', 252),
(508, 'es', 'Yemen', 253),
(509, 'es', 'Zambia', 254),
(510, 'es', 'Zimbabue', 255),
(511, 'fa', '', 1),
(512, 'fa', ' ', 2),
(513, 'fa', '', 3),
(514, 'fa', '', 4),
(515, 'fa', ' ', 5),
(516, 'fa', '', 6),
(517, 'fa', '', 7),
(518, 'fa', '', 8),
(519, 'fa', '', 9),
(520, 'fa', '  ', 10),
(521, 'fa', '', 11),
(522, 'fa', '', 12),
(523, 'fa', '', 13),
(524, 'fa', ' ', 14),
(525, 'fa', '', 15),
(526, 'fa', '', 16),
(527, 'fa', '', 17),
(528, 'fa', '', 18),
(529, 'fa', '', 19),
(530, 'fa', '', 20),
(531, 'fa', '', 21),
(532, 'fa', '', 22),
(533, 'fa', '', 23),
(534, 'fa', '', 24),
(535, 'fa', '', 25),
(536, 'fa', '', 26),
(537, 'fa', '', 27),
(538, 'fa', '', 28),
(539, 'fa', '  ', 29),
(540, 'fa', '', 30),
(541, 'fa', '', 31),
(542, 'fa', '   ', 32),
(543, 'fa', '  ', 33),
(544, 'fa', '', 34),
(545, 'fa', '', 35),
(546, 'fa', ' ', 36),
(547, 'fa', '', 37),
(548, 'fa', '', 38),
(549, 'fa', '', 39),
(550, 'fa', '', 40),
(551, 'fa', ' ', 41),
(552, 'fa', ' ', 42),
(553, 'fa', ' ', 43),
(554, 'fa', 'Cayman Islands', 44),
(555, 'fa', '  ', 45),
(556, 'fa', '  ', 46),
(557, 'fa', '', 47),
(558, 'fa', '', 48),
(559, 'fa', '', 49),
(560, 'fa', ' ', 50),
(561, 'fa', '  (Keeling)', 51),
(562, 'fa', '', 52),
(563, 'fa', '', 53),
(564, 'fa', ' - ', 54),
(565, 'fa', ' - ', 55),
(566, 'fa', ' ', 56),
(567, 'fa', '', 57),
(568, 'fa', ' ', 58),
(569, 'fa', '', 59),
(570, 'fa', '', 60),
(571, 'fa', '', 61),
(572, 'fa', '', 62),
(573, 'fa', '', 63),
(574, 'fa', '', 64),
(575, 'fa', ' ', 65),
(576, 'fa', '', 66),
(577, 'fa', '', 67),
(578, 'fa', ' ', 68),
(579, 'fa', '', 69),
(580, 'fa', '', 70),
(581, 'fa', '', 71),
(582, 'fa', ' ', 72),
(583, 'fa', '', 73),
(584, 'fa', '', 74),
(585, 'fa', '', 75),
(586, 'fa', ' ', 76),
(587, 'fa', ' ', 77),
(588, 'fa', ' ', 78),
(589, 'fa', '', 79),
(590, 'fa', '', 80),
(591, 'fa', '', 81),
(592, 'fa', ' ', 82),
(593, 'fa', ' ', 83),
(594, 'fa', '   ', 84),
(595, 'fa', '', 85),
(596, 'fa', '', 86),
(597, 'fa', '', 87),
(598, 'fa', '', 88),
(599, 'fa', '', 89),
(600, 'fa', ' ', 90),
(601, 'fa', '', 91),
(602, 'fa', '', 92),
(603, 'fa', '', 93),
(604, 'fa', '', 94),
(605, 'fa', '', 95),
(606, 'fa', '', 96),
(607, 'fa', '', 97),
(608, 'fa', '', 98),
(609, 'fa', ' ', 99),
(610, 'fa', '', 100),
(611, 'fa', '', 101),
(612, 'fa', '', 102),
(613, 'fa', '  SAR ', 103),
(614, 'fa', '', 104),
(615, 'fa', '', 105),
(616, 'fa', '', 106),
(617, 'fa', '', 107),
(618, 'fa', '', 108),
(619, 'fa', '', 109),
(620, 'fa', '', 110),
(621, 'fa', ' ', 111),
(622, 'fa', '', 112),
(623, 'fa', '', 113),
(624, 'fa', '', 114),
(625, 'fa', '', 115),
(626, 'fa', ' ', 116),
(627, 'fa', '', 117),
(628, 'fa', '', 118),
(629, 'fa', '', 119),
(630, 'fa', '', 120),
(631, 'fa', '', 121),
(632, 'fa', '', 122),
(633, 'fa', '', 123),
(634, 'fa', '', 124),
(635, 'fa', '', 125),
(636, 'fa', '', 126),
(637, 'fa', '', 127),
(638, 'fa', '', 128),
(639, 'fa', '', 129),
(640, 'fa', ' ', 130),
(641, 'fa', '', 131),
(642, 'fa', '', 132),
(643, 'fa', ' SAR ', 133),
(644, 'fa', '', 134),
(645, 'fa', '', 135),
(646, 'fa', '', 136),
(647, 'fa', '', 137),
(648, 'fa', '', 138),
(649, 'fa', '', 139),
(650, 'fa', '', 140),
(651, 'fa', ' ', 141),
(652, 'fa', '', 142),
(653, 'fa', '', 143),
(654, 'fa', '', 144),
(655, 'fa', '', 145),
(656, 'fa', '', 146),
(657, 'fa', '', 147),
(658, 'fa', '', 148),
(659, 'fa', '', 149),
(660, 'fa', '', 150),
(661, 'fa', ' ', 151),
(662, 'fa', '', 152),
(663, 'fa', '', 153),
(664, 'fa', '', 154),
(665, 'fa', ' ()', 155),
(666, 'fa', '', 156),
(667, 'fa', '', 157),
(668, 'fa', '', 158),
(669, 'fa', '', 159),
(670, 'fa', ' ', 160),
(671, 'fa', '', 161),
(672, 'fa', '', 162),
(673, 'fa', '', 163),
(674, 'fa', '', 164),
(675, 'fa', '', 165),
(676, 'fa', ' ', 166),
(677, 'fa', ' ', 167),
(678, 'fa', '  ', 168),
(679, 'fa', '', 169),
(680, 'fa', '', 170),
(681, 'fa', '', 171),
(682, 'fa', '', 172),
(683, 'fa', '  ', 173),
(684, 'fa', '', 174),
(685, 'fa', '  ', 175),
(686, 'fa', '', 176),
(687, 'fa', '', 177),
(688, 'fa', '', 178),
(689, 'fa', ' ', 179),
(690, 'fa', '', 180),
(691, 'fa', ' ', 181),
(692, 'fa', '', 182),
(693, 'fa', '', 183),
(694, 'fa', ' ', 184),
(695, 'fa', '', 185),
(696, 'fa', '', 186),
(697, 'fa', '', 187),
(698, 'fa', '', 188),
(699, 'fa', ' ', 189),
(700, 'fa', '   ', 190),
(701, 'fa', ' ', 191),
(702, 'fa', '', 192),
(703, 'fa', '', 193),
(704, 'fa', '', 194),
(705, 'fa', '', 195),
(706, 'fa', '', 196),
(707, 'fa', ' ', 197),
(708, 'fa', '', 198),
(709, 'fa', '', 199),
(710, 'fa', ' ', 200),
(711, 'fa', '', 201),
(712, 'fa', ' ', 202),
(713, 'fa', '      ', 203),
(714, 'fa', ' ', 204),
(715, 'fa', ' ', 205),
(716, 'fa', '', 206),
(717, 'fa', ' ', 207),
(718, 'fa', ' ', 208),
(719, 'fa', ' ', 209),
(720, 'fa', '   ', 210),
(721, 'fa', ' ', 211),
(722, 'fa', ' ', 212),
(723, 'fa', '   ', 213),
(724, 'fa', '   ', 214),
(725, 'fa', '', 215),
(726, 'fa', '', 216),
(727, 'fa', '   ', 217),
(728, 'fa', '', 218),
(729, 'fa', '', 219),
(730, 'fa', '', 220),
(731, 'fa', '', 221),
(732, 'fa', '', 222),
(733, 'fa', '', 223),
(734, 'fa', '', 224),
(735, 'fa', '', 225),
(736, 'fa', '-', 226),
(737, 'fa', '', 227),
(738, 'fa', '', 228),
(739, 'fa', '', 229),
(740, 'fa', '  ', 230),
(741, 'fa', '  ', 231),
(742, 'fa', '', 232),
(743, 'fa', '', 233),
(744, 'fa', '', 234),
(745, 'fa', '   ', 235),
(746, 'fa', '', 236),
(747, 'fa', '     ', 237),
(748, 'fa', '   ', 238),
(749, 'fa', '', 239),
(750, 'fa', '', 240),
(751, 'fa', '  ', 241),
(752, 'fa', '', 242),
(753, 'fa', ' ', 243),
(754, 'fa', ' ', 244),
(755, 'fa', '', 245),
(756, 'fa', '', 246),
(757, 'fa', '', 247),
(758, 'fa', ' ', 248),
(759, 'fa', '', 249),
(760, 'fa', '', 250),
(761, 'fa', '  ', 251),
(762, 'fa', ' ', 252),
(763, 'fa', '', 253),
(764, 'fa', '', 254),
(765, 'fa', '', 255),
(766, 'pt_BR', 'Afeganisto', 1),
(767, 'pt_BR', 'Ilhas land', 2),
(768, 'pt_BR', 'Albnia', 3),
(769, 'pt_BR', 'Arglia', 4),
(770, 'pt_BR', 'Samoa Americana', 5),
(771, 'pt_BR', 'Andorra', 6),
(772, 'pt_BR', 'Angola', 7),
(773, 'pt_BR', 'Angola', 8),
(774, 'pt_BR', 'Antrtico', 9),
(775, 'pt_BR', 'Antgua e Barbuda', 10),
(776, 'pt_BR', 'Argentina', 11),
(777, 'pt_BR', 'Armnia', 12),
(778, 'pt_BR', 'Aruba', 13),
(779, 'pt_BR', 'Ilha de escalada', 14),
(780, 'pt_BR', 'Austrlia', 15),
(781, 'pt_BR', 'ustria', 16),
(782, 'pt_BR', 'Azerbaijo', 17),
(783, 'pt_BR', 'Bahamas', 18),
(784, 'pt_BR', 'Bahrain', 19),
(785, 'pt_BR', 'Bangladesh', 20),
(786, 'pt_BR', 'Barbados', 21),
(787, 'pt_BR', 'Bielorrssia', 22),
(788, 'pt_BR', 'Blgica', 23),
(789, 'pt_BR', 'Blgica', 24),
(790, 'pt_BR', 'Benin', 25),
(791, 'pt_BR', 'Bermuda', 26),
(792, 'pt_BR', 'Buto', 27),
(793, 'pt_BR', 'Bolvia', 28),
(794, 'pt_BR', 'Bsnia e Herzegovina', 29),
(795, 'pt_BR', 'Botsuana', 30),
(796, 'pt_BR', 'Brasil', 31),
(797, 'pt_BR', 'Territrio Britnico do Oceano ndico', 32),
(798, 'pt_BR', 'Ilhas Virgens Britnicas', 33),
(799, 'pt_BR', 'Brunei', 34),
(800, 'pt_BR', 'Bulgria', 35),
(801, 'pt_BR', 'Burkina Faso', 36),
(802, 'pt_BR', 'Burundi', 37),
(803, 'pt_BR', 'Camboja', 38),
(804, 'pt_BR', 'Camares', 39),
(805, 'pt_BR', 'Canad', 40),
(806, 'pt_BR', 'Ilhas Canrias', 41),
(807, 'pt_BR', 'Cabo Verde', 42),
(808, 'pt_BR', 'Holanda do Caribe', 43),
(809, 'pt_BR', 'Ilhas Cayman', 44),
(810, 'pt_BR', 'Repblica Centro-Africana', 45),
(811, 'pt_BR', 'Ceuta e Melilla', 46),
(812, 'pt_BR', 'Chade', 47),
(813, 'pt_BR', 'Chile', 48),
(814, 'pt_BR', 'China', 49),
(815, 'pt_BR', 'Ilha Christmas', 50),
(816, 'pt_BR', 'Ilhas Cocos (Keeling)', 51),
(817, 'pt_BR', 'Colmbia', 52),
(818, 'pt_BR', 'Comores', 53),
(819, 'pt_BR', 'Congo - Brazzaville', 54),
(820, 'pt_BR', 'Congo - Kinshasa', 55),
(821, 'pt_BR', 'Ilhas Cook', 56),
(822, 'pt_BR', 'Costa Rica', 57),
(823, 'pt_BR', 'Costa do Marfim', 58),
(824, 'pt_BR', 'Crocia', 59),
(825, 'pt_BR', 'Cuba', 60),
(826, 'pt_BR', 'Curaao', 61),
(827, 'pt_BR', 'Chipre', 62),
(828, 'pt_BR', 'Czechia', 63),
(829, 'pt_BR', 'Dinamarca', 64),
(830, 'pt_BR', 'Diego Garcia', 65),
(831, 'pt_BR', 'Djibuti', 66),
(832, 'pt_BR', 'Dominica', 67),
(833, 'pt_BR', 'Repblica Dominicana', 68),
(834, 'pt_BR', 'Equador', 69),
(835, 'pt_BR', 'Egito', 70),
(836, 'pt_BR', 'El Salvador', 71),
(837, 'pt_BR', 'Guin Equatorial', 72),
(838, 'pt_BR', 'Eritreia', 73),
(839, 'pt_BR', 'Estnia', 74),
(840, 'pt_BR', 'Etipia', 75),
(841, 'pt_BR', 'Zona Euro', 76),
(842, 'pt_BR', 'Ilhas Malvinas', 77),
(843, 'pt_BR', 'Ilhas Faroe', 78),
(844, 'pt_BR', 'Fiji', 79),
(845, 'pt_BR', 'Finlndia', 80),
(846, 'pt_BR', 'Frana', 81),
(847, 'pt_BR', 'Guiana Francesa', 82),
(848, 'pt_BR', 'Polinsia Francesa', 83),
(849, 'pt_BR', 'Territrios Franceses do Sul', 84),
(850, 'pt_BR', 'Gabo', 85),
(851, 'pt_BR', 'Gmbia', 86),
(852, 'pt_BR', 'Gergia', 87),
(853, 'pt_BR', 'Alemanha', 88),
(854, 'pt_BR', 'Gana', 89),
(855, 'pt_BR', 'Gibraltar', 90),
(856, 'pt_BR', 'Grcia', 91),
(857, 'pt_BR', 'Gronelndia', 92),
(858, 'pt_BR', 'Granada', 93),
(859, 'pt_BR', 'Guadalupe', 94),
(860, 'pt_BR', 'Guam', 95),
(861, 'pt_BR', 'Guatemala', 96),
(862, 'pt_BR', 'Guernsey', 97),
(863, 'pt_BR', 'Guin', 98),
(864, 'pt_BR', 'Guin-Bissau', 99),
(865, 'pt_BR', 'Guiana', 100),
(866, 'pt_BR', 'Haiti', 101),
(867, 'pt_BR', 'Honduras', 102),
(868, 'pt_BR', 'Regio Administrativa Especial de Hong Kong, China', 103),
(869, 'pt_BR', 'Hungria', 104),
(870, 'pt_BR', 'Islndia', 105),
(871, 'pt_BR', 'ndia', 106),
(872, 'pt_BR', 'Indonsia', 107),
(873, 'pt_BR', 'Ir', 108),
(874, 'pt_BR', 'Iraque', 109),
(875, 'pt_BR', 'Irlanda', 110),
(876, 'pt_BR', 'Ilha de Man', 111),
(877, 'pt_BR', 'Israel', 112),
(878, 'pt_BR', 'Itlia', 113),
(879, 'pt_BR', 'Jamaica', 114),
(880, 'pt_BR', 'Japo', 115),
(881, 'pt_BR', 'Jersey', 116),
(882, 'pt_BR', 'Jordnia', 117),
(883, 'pt_BR', 'Cazaquisto', 118),
(884, 'pt_BR', 'Qunia', 119),
(885, 'pt_BR', 'Quiribati', 120),
(886, 'pt_BR', 'Kosovo', 121),
(887, 'pt_BR', 'Kuwait', 122),
(888, 'pt_BR', 'Quirguisto', 123),
(889, 'pt_BR', 'Laos', 124),
(890, 'pt_BR', 'Letnia', 125),
(891, 'pt_BR', 'Lbano', 126),
(892, 'pt_BR', 'Lesoto', 127),
(893, 'pt_BR', 'Libria', 128),
(894, 'pt_BR', 'Lbia', 129),
(895, 'pt_BR', 'Liechtenstein', 130),
(896, 'pt_BR', 'Litunia', 131),
(897, 'pt_BR', 'Luxemburgo', 132),
(898, 'pt_BR', 'Macau SAR China', 133),
(899, 'pt_BR', 'Macednia', 134),
(900, 'pt_BR', 'Madagascar', 135),
(901, 'pt_BR', 'Malawi', 136),
(902, 'pt_BR', 'Malsia', 137),
(903, 'pt_BR', 'Maldivas', 138),
(904, 'pt_BR', 'Mali', 139),
(905, 'pt_BR', 'Malta', 140),
(906, 'pt_BR', 'Ilhas Marshall', 141),
(907, 'pt_BR', 'Martinica', 142),
(908, 'pt_BR', 'Mauritnia', 143),
(909, 'pt_BR', 'Maurcio', 144),
(910, 'pt_BR', 'Maiote', 145),
(911, 'pt_BR', 'Mxico', 146),
(912, 'pt_BR', 'Micronsia', 147),
(913, 'pt_BR', 'Moldvia', 148),
(914, 'pt_BR', 'Mnaco', 149),
(915, 'pt_BR', 'Monglia', 150),
(916, 'pt_BR', 'Montenegro', 151),
(917, 'pt_BR', 'Montserrat', 152),
(918, 'pt_BR', 'Marrocos', 153),
(919, 'pt_BR', 'Moambique', 154),
(920, 'pt_BR', 'Mianmar (Birmnia)', 155),
(921, 'pt_BR', 'Nambia', 156),
(922, 'pt_BR', 'Nauru', 157),
(923, 'pt_BR', 'Nepal', 158),
(924, 'pt_BR', 'Holanda', 159),
(925, 'pt_BR', 'Nova Calednia', 160),
(926, 'pt_BR', 'Nova Zelndia', 161),
(927, 'pt_BR', 'Nicargua', 162),
(928, 'pt_BR', 'Nger', 163),
(929, 'pt_BR', 'Nigria', 164),
(930, 'pt_BR', 'Niue', 165),
(931, 'pt_BR', 'Ilha Norfolk', 166),
(932, 'pt_BR', 'Coria do Norte', 167),
(933, 'pt_BR', 'Ilhas Marianas do Norte', 168),
(934, 'pt_BR', 'Noruega', 169),
(935, 'pt_BR', 'Om', 170),
(936, 'pt_BR', 'Paquisto', 171),
(937, 'pt_BR', 'Palau', 172),
(938, 'pt_BR', 'Territrios Palestinos', 173),
(939, 'pt_BR', 'Panam', 174),
(940, 'pt_BR', 'Papua Nova Guin', 175),
(941, 'pt_BR', 'Paraguai', 176),
(942, 'pt_BR', 'Peru', 177),
(943, 'pt_BR', 'Filipinas', 178),
(944, 'pt_BR', 'Ilhas Pitcairn', 179),
(945, 'pt_BR', 'Polnia', 180),
(946, 'pt_BR', 'Portugal', 181),
(947, 'pt_BR', 'Porto Rico', 182),
(948, 'pt_BR', 'Catar', 183),
(949, 'pt_BR', 'Reunio', 184),
(950, 'pt_BR', 'Romnia', 185),
(951, 'pt_BR', 'Rssia', 186),
(952, 'pt_BR', 'Ruanda', 187),
(953, 'pt_BR', 'Samoa', 188),
(954, 'pt_BR', 'So Marinho', 189),
(955, 'pt_BR', 'So Cristvo e Nevis', 190),
(956, 'pt_BR', 'Arbia Saudita', 191),
(957, 'pt_BR', 'Senegal', 192),
(958, 'pt_BR', 'Srvia', 193),
(959, 'pt_BR', 'Seychelles', 194),
(960, 'pt_BR', 'Serra Leoa', 195),
(961, 'pt_BR', 'Cingapura', 196),
(962, 'pt_BR', 'So Martinho', 197),
(963, 'pt_BR', 'Eslovquia', 198),
(964, 'pt_BR', 'Eslovnia', 199),
(965, 'pt_BR', 'Ilhas Salomo', 200),
(966, 'pt_BR', 'Somlia', 201),
(967, 'pt_BR', 'frica do Sul', 202),
(968, 'pt_BR', 'Ilhas Gergia do Sul e Sandwich do Sul', 203),
(969, 'pt_BR', 'Coria do Sul', 204),
(970, 'pt_BR', 'Sudo do Sul', 205),
(971, 'pt_BR', 'Espanha', 206),
(972, 'pt_BR', 'Sri Lanka', 207),
(973, 'pt_BR', 'So Bartolomeu', 208),
(974, 'pt_BR', 'Santa Helena', 209),
(975, 'pt_BR', 'So Cristvo e Nevis', 210),
(976, 'pt_BR', 'Santa Lcia', 211),
(977, 'pt_BR', 'So Martinho', 212),
(978, 'pt_BR', 'So Pedro e Miquelon', 213),
(979, 'pt_BR', 'So Vicente e Granadinas', 214),
(980, 'pt_BR', 'Sudo', 215),
(981, 'pt_BR', 'Suriname', 216),
(982, 'pt_BR', 'Svalbard e Jan Mayen', 217),
(983, 'pt_BR', 'Suazilndia', 218),
(984, 'pt_BR', 'Sucia', 219),
(985, 'pt_BR', 'Sua', 220),
(986, 'pt_BR', 'Sria', 221),
(987, 'pt_BR', 'Taiwan', 222),
(988, 'pt_BR', 'Tajiquisto', 223),
(989, 'pt_BR', 'Tanznia', 224),
(990, 'pt_BR', 'Tailndia', 225),
(991, 'pt_BR', 'Timor-Leste', 226),
(992, 'pt_BR', 'Togo', 227),
(993, 'pt_BR', 'Tokelau', 228),
(994, 'pt_BR', 'Tonga', 229),
(995, 'pt_BR', 'Trinidad e Tobago', 230),
(996, 'pt_BR', 'Tristan da Cunha', 231),
(997, 'pt_BR', 'Tunsia', 232),
(998, 'pt_BR', 'Turquia', 233),
(999, 'pt_BR', 'Turquemenisto', 234),
(1000, 'pt_BR', 'Ilhas Turks e Caicos', 235),
(1001, 'pt_BR', 'Tuvalu', 236),
(1002, 'pt_BR', 'Ilhas perifricas dos EUA', 237),
(1003, 'pt_BR', 'Ilhas Virgens dos EUA', 238),
(1004, 'pt_BR', 'Uganda', 239),
(1005, 'pt_BR', 'Ucrnia', 240),
(1006, 'pt_BR', 'Emirados rabes Unidos', 241),
(1007, 'pt_BR', 'Reino Unido', 242),
(1008, 'pt_BR', 'Naes Unidas', 243),
(1009, 'pt_BR', 'Estados Unidos', 244),
(1010, 'pt_BR', 'Uruguai', 245),
(1011, 'pt_BR', 'Uzbequisto', 246),
(1012, 'pt_BR', 'Vanuatu', 247),
(1013, 'pt_BR', 'Cidade do Vaticano', 248),
(1014, 'pt_BR', 'Venezuela', 249),
(1015, 'pt_BR', 'Vietn', 250),
(1016, 'pt_BR', 'Wallis e Futuna', 251),
(1017, 'pt_BR', 'Saara Ocidental', 252),
(1018, 'pt_BR', 'Imen', 253),
(1019, 'pt_BR', 'Zmbia', 254),
(1020, 'pt_BR', 'Zimbbue', 255);

-- --------------------------------------------------------

--
-- Table structure for table `currencies`
--

CREATE TABLE `currencies` (
  `id` int UNSIGNED NOT NULL,
  `code` varchar(191) CHARACTER SET utf8 COLLATE utf8_unicode_ci NOT NULL,
  `name` varchar(191) CHARACTER SET utf8 COLLATE utf8_unicode_ci NOT NULL,
  `created_at` timestamp NULL DEFAULT NULL,
  `updated_at` timestamp NULL DEFAULT NULL,
  `symbol` varchar(191) CHARACTER SET utf8 COLLATE utf8_unicode_ci DEFAULT NULL
) ENGINE=InnoDB DEFAULT CHARSET=utf8mb3 COLLATE=utf8_unicode_ci ROW_FORMAT=DYNAMIC;

--
-- Dumping data for table `currencies`
--

INSERT INTO `currencies` (`id`, `code`, `name`, `created_at`, `updated_at`, `symbol`) VALUES
(1, 'USD', 'US Dollar', NULL, NULL, '$'),
(2, 'EUR', 'Euro', NULL, NULL, '');

-- --------------------------------------------------------

--
-- Table structure for table `currency_exchange_rates`
--

CREATE TABLE `currency_exchange_rates` (
  `id` int UNSIGNED NOT NULL,
  `rate` decimal(24,12) NOT NULL,
  `target_currency` int UNSIGNED NOT NULL,
  `created_at` timestamp NULL DEFAULT NULL,
  `updated_at` timestamp NULL DEFAULT NULL
) ENGINE=InnoDB DEFAULT CHARSET=utf8mb3 COLLATE=utf8_unicode_ci ROW_FORMAT=DYNAMIC;

-- --------------------------------------------------------

--
-- Table structure for table `customers`
--

CREATE TABLE `customers` (
  `id` int UNSIGNED NOT NULL,
  `first_name` varchar(191) CHARACTER SET utf8 COLLATE utf8_unicode_ci NOT NULL,
  `last_name` varchar(191) CHARACTER SET utf8 COLLATE utf8_unicode_ci NOT NULL,
  `gender` varchar(50) CHARACTER SET utf8 COLLATE utf8_unicode_ci DEFAULT NULL,
  `date_of_birth` date DEFAULT NULL,
  `email` varchar(191) CHARACTER SET utf8 COLLATE utf8_unicode_ci DEFAULT NULL,
  `status` tinyint NOT NULL DEFAULT '1',
  `password` varchar(191) CHARACTER SET utf8 COLLATE utf8_unicode_ci DEFAULT NULL,
  `api_token` varchar(80) CHARACTER SET utf8 COLLATE utf8_unicode_ci DEFAULT NULL,
  `customer_group_id` int UNSIGNED DEFAULT NULL,
  `subscribed_to_news_letter` tinyint(1) NOT NULL DEFAULT '0',
  `remember_token` varchar(100) CHARACTER SET utf8 COLLATE utf8_unicode_ci DEFAULT NULL,
  `created_at` timestamp NULL DEFAULT NULL,
  `updated_at` timestamp NULL DEFAULT NULL,
  `is_verified` tinyint(1) NOT NULL DEFAULT '0',
  `token` varchar(191) CHARACTER SET utf8 COLLATE utf8_unicode_ci DEFAULT NULL,
  `notes` text CHARACTER SET utf8 COLLATE utf8_unicode_ci,
  `phone` varchar(191) CHARACTER SET utf8 COLLATE utf8_unicode_ci DEFAULT NULL
) ENGINE=InnoDB DEFAULT CHARSET=utf8mb3 COLLATE=utf8_unicode_ci ROW_FORMAT=DYNAMIC;

--
-- Dumping data for table `customers`
--

INSERT INTO `customers` (`id`, `first_name`, `last_name`, `gender`, `date_of_birth`, `email`, `status`, `password`, `api_token`, `customer_group_id`, `subscribed_to_news_letter`, `remember_token`, `created_at`, `updated_at`, `is_verified`, `token`, `notes`, `phone`) VALUES
(151, 'Dasia', 'Ryan', 'male', NULL, 'chase.hudson@yahoo.com', 1, '$2y$10$RAHYYBobAjoGfGeW1KijaeXRapvXqjdyWZV9NGDYWgLRhn5esxo2y', NULL, 2, 0, NULL, '2021-11-14 11:39:03', '2021-11-14 11:39:03', 1, NULL, '{\"plain_password\":\"wHcZ(!)g\"}', NULL),
(152, 'Clement', 'Botsford', 'other', NULL, 'vstokes@bernier.info', 1, '$2y$10$5dTD5HPx.7hBAfbDcZL/HOF2rPcklRzYrgVWRwbmHrwjMIaYjH0gK', NULL, 2, 0, NULL, '2021-11-14 11:39:04', '2021-11-14 11:39:04', 1, NULL, '{\"plain_password\":\"yaUsRMIP4IAt\\/#~\"}', NULL),
(153, 'Lolita', 'Hettinger', 'female', NULL, 'iyundt@deckow.com', 1, '$2y$10$4yOCZuQ5Mht79wMdCC9uYOYTP6ieuoaWT4qZ/C1asR..y7eQcQ5sq', NULL, 2, 0, NULL, '2021-11-14 11:39:04', '2021-11-14 11:39:04', 1, NULL, '{\"plain_password\":\"\\\"+QL:%\'\"}', NULL),
(154, 'Karen', 'Simonis', 'female', NULL, 'myra40@yahoo.com', 1, '$2y$10$fk2pBd.gmjt471VA7CXHWOL4xYUtr7/cXgwqxEW06POS21HP0ZlLK', NULL, 2, 0, NULL, '2021-11-14 11:39:05', '2021-11-14 11:39:05', 1, NULL, '{\"plain_password\":\"q+}I\\/SQ%a=gqY1m\"}', NULL),
(155, 'Mckenzie', 'Koelpin', 'male', NULL, 'mireya.pacocha@gutmann.org', 1, '$2y$10$/ieSIkJ1UYmLH3azo0dB8.JyiEykvbHcQfiFk5tnKCCC3V8wG1nLe', NULL, 2, 0, NULL, '2021-11-14 11:39:05', '2021-11-14 11:39:05', 1, NULL, '{\"plain_password\":\"|q_*;Il$WUgtq4SZ9p\"}', NULL),
(156, 'Maybell', 'Ferry', 'female', NULL, 'althea.lynch@goyette.com', 1, '$2y$10$V0vo9sTDcmucoU6aVZyBV.utc92MsVdQM571REOYRrB5A7F9GW0me', NULL, 2, 0, NULL, '2021-11-14 11:39:05', '2021-11-14 11:39:05', 1, NULL, '{\"plain_password\":\"F\\\"rM:\\\"d\"}', NULL),
(157, 'Emelia', 'Terry', 'male', NULL, 'zbartell@wolf.org', 1, '$2y$10$P5FldSOFklPetvRrwNq.deeRva2R3j1o5CA0KqqkeGysk4wKwnvHW', NULL, 2, 0, NULL, '2021-11-14 11:39:05', '2021-11-14 11:39:05', 1, NULL, '{\"plain_password\":\"n?CVeLf\"}', NULL),
(158, 'Arnold', 'Veum', 'male', NULL, 'ledner.hollis@gmail.com', 1, '$2y$10$AR1YRinby8XiAgO81j5bIukPnb/IrWiYeaXBHZv5obdcvdNsUSwMO', NULL, 2, 0, NULL, '2021-11-14 11:39:05', '2021-11-14 11:39:05', 1, NULL, '{\"plain_password\":\"ju|>Hx,!@@EP\"}', NULL),
(159, 'Dylan', 'Kuvalis', 'female', NULL, 'bhomenick@hotmail.com', 1, '$2y$10$Gz5S1Xo4SUGp/zYRjibd7uDa.aVEDcMBO0ad7ngyV70dOGa6asHrq', NULL, 2, 0, NULL, '2021-11-14 11:39:06', '2021-11-14 11:39:06', 1, NULL, '{\"plain_password\":\"fz^wG|\"}', NULL),
(160, 'Lavern', 'Bahringer', 'female', NULL, 'leffler.valerie@hotmail.com', 1, '$2y$10$5Q08ohM8hfTYTY9mqzoNTeE7pL0PYu99nTSTP7osioXk4X9fIInk6', NULL, 2, 0, NULL, '2021-11-14 11:39:06', '2021-11-14 11:39:06', 1, NULL, '{\"plain_password\":\"#((\\/1@*.-\"}', NULL),
(161, 'Iqbal Hossain', 'aktar', NULL, NULL, 'admin@example.com', 1, '$2y$10$bqZjwzGqulItcsuRRSps..ELABTBHlpEcWA0JD8VCeFm3BQ3tkJn.', 'rRmuV1D3Zv8QDIXdz6Ea4IV4dAnkeND1TVyRhTmR17hLGiJhIb6xnTkOiRbNC6XIPKAapYz7KsUUHxSV', 2, 0, NULL, '2021-12-08 04:54:17', '2021-12-08 04:54:17', 0, 'd31d7912a07d450ea458575780443e2b', NULL, NULL),
(162, 'Aktaruzzaman Cse', 'aktar', NULL, NULL, 'mdiqbalhosen5798@gmail.com', 1, '$2y$10$t0T3mu7QSt.6F3C9AwLWx.84QxsgSuQ8KGkq2YZdkiXvdUzYVtoo.', '3CDR2v0tLCIsKtUhGs9w83MEgkJtoZhSBQG2UfXCBgFq22qdSYVkFLwXMAjVsBdwBvdQOAv9YEkK5CMA', 2, 0, NULL, '2021-12-08 04:55:12', '2021-12-08 05:04:36', 0, '9e80b88297dcb15781b9f1135d0d578c', NULL, NULL);

-- --------------------------------------------------------

--
-- Table structure for table `customer_groups`
--

CREATE TABLE `customer_groups` (
  `id` int UNSIGNED NOT NULL,
  `name` varchar(191) CHARACTER SET utf8 COLLATE utf8_unicode_ci NOT NULL,
  `is_user_defined` tinyint(1) NOT NULL DEFAULT '1',
  `created_at` timestamp NULL DEFAULT NULL,
  `updated_at` timestamp NULL DEFAULT NULL,
  `code` varchar(191) CHARACTER SET utf8 COLLATE utf8_unicode_ci NOT NULL
) ENGINE=InnoDB DEFAULT CHARSET=utf8mb3 COLLATE=utf8_unicode_ci ROW_FORMAT=DYNAMIC;

--
-- Dumping data for table `customer_groups`
--

INSERT INTO `customer_groups` (`id`, `name`, `is_user_defined`, `created_at`, `updated_at`, `code`) VALUES
(1, 'Guest', 0, NULL, NULL, 'guest'),
(2, 'General', 0, NULL, NULL, 'general'),
(3, 'Wholesale', 0, NULL, NULL, 'wholesale');

-- --------------------------------------------------------

--
-- Table structure for table `customer_password_resets`
--

CREATE TABLE `customer_password_resets` (
  `email` varchar(191) CHARACTER SET utf8 COLLATE utf8_unicode_ci NOT NULL,
  `token` varchar(191) CHARACTER SET utf8 COLLATE utf8_unicode_ci NOT NULL,
  `created_at` timestamp NULL DEFAULT NULL
) ENGINE=InnoDB DEFAULT CHARSET=utf8mb3 COLLATE=utf8_unicode_ci ROW_FORMAT=DYNAMIC;

-- --------------------------------------------------------

--
-- Table structure for table `customer_social_accounts`
--

CREATE TABLE `customer_social_accounts` (
  `id` int UNSIGNED NOT NULL,
  `provider_name` varchar(191) CHARACTER SET utf8 COLLATE utf8_unicode_ci DEFAULT NULL,
  `provider_id` varchar(191) CHARACTER SET utf8 COLLATE utf8_unicode_ci DEFAULT NULL,
  `customer_id` int UNSIGNED NOT NULL,
  `created_at` timestamp NULL DEFAULT NULL,
  `updated_at` timestamp NULL DEFAULT NULL
) ENGINE=InnoDB DEFAULT CHARSET=utf8mb3 COLLATE=utf8_unicode_ci ROW_FORMAT=DYNAMIC;

-- --------------------------------------------------------

--
-- Table structure for table `downloadable_link_purchased`
--

CREATE TABLE `downloadable_link_purchased` (
  `id` int UNSIGNED NOT NULL,
  `product_name` varchar(191) CHARACTER SET utf8 COLLATE utf8_unicode_ci DEFAULT NULL,
  `name` varchar(191) CHARACTER SET utf8 COLLATE utf8_unicode_ci DEFAULT NULL,
  `url` varchar(191) CHARACTER SET utf8 COLLATE utf8_unicode_ci DEFAULT NULL,
  `file` varchar(191) CHARACTER SET utf8 COLLATE utf8_unicode_ci DEFAULT NULL,
  `file_name` varchar(191) CHARACTER SET utf8 COLLATE utf8_unicode_ci DEFAULT NULL,
  `type` varchar(191) CHARACTER SET utf8 COLLATE utf8_unicode_ci NOT NULL,
  `download_bought` int NOT NULL DEFAULT '0',
  `download_used` int NOT NULL DEFAULT '0',
  `status` varchar(191) CHARACTER SET utf8 COLLATE utf8_unicode_ci DEFAULT NULL,
  `customer_id` int UNSIGNED NOT NULL,
  `order_id` int UNSIGNED NOT NULL,
  `order_item_id` int UNSIGNED NOT NULL,
  `created_at` timestamp NULL DEFAULT NULL,
  `updated_at` timestamp NULL DEFAULT NULL,
  `download_canceled` int NOT NULL DEFAULT '0'
) ENGINE=InnoDB DEFAULT CHARSET=utf8mb3 COLLATE=utf8_unicode_ci ROW_FORMAT=DYNAMIC;

-- --------------------------------------------------------

--
-- Table structure for table `inventory_sources`
--

CREATE TABLE `inventory_sources` (
  `id` int UNSIGNED NOT NULL,
  `code` varchar(191) CHARACTER SET utf8 COLLATE utf8_unicode_ci NOT NULL,
  `name` varchar(191) CHARACTER SET utf8 COLLATE utf8_unicode_ci NOT NULL,
  `description` text CHARACTER SET utf8 COLLATE utf8_unicode_ci,
  `contact_name` varchar(191) CHARACTER SET utf8 COLLATE utf8_unicode_ci NOT NULL,
  `contact_email` varchar(191) CHARACTER SET utf8 COLLATE utf8_unicode_ci NOT NULL,
  `contact_number` varchar(191) CHARACTER SET utf8 COLLATE utf8_unicode_ci NOT NULL,
  `contact_fax` varchar(191) CHARACTER SET utf8 COLLATE utf8_unicode_ci DEFAULT NULL,
  `country` varchar(191) CHARACTER SET utf8 COLLATE utf8_unicode_ci NOT NULL,
  `state` varchar(191) CHARACTER SET utf8 COLLATE utf8_unicode_ci NOT NULL,
  `city` varchar(191) CHARACTER SET utf8 COLLATE utf8_unicode_ci NOT NULL,
  `street` varchar(191) CHARACTER SET utf8 COLLATE utf8_unicode_ci NOT NULL,
  `postcode` varchar(191) CHARACTER SET utf8 COLLATE utf8_unicode_ci NOT NULL,
  `priority` int NOT NULL DEFAULT '0',
  `latitude` decimal(10,5) DEFAULT NULL,
  `longitude` decimal(10,5) DEFAULT NULL,
  `status` tinyint(1) NOT NULL DEFAULT '1',
  `created_at` timestamp NULL DEFAULT NULL,
  `updated_at` timestamp NULL DEFAULT NULL
) ENGINE=InnoDB DEFAULT CHARSET=utf8mb3 COLLATE=utf8_unicode_ci ROW_FORMAT=DYNAMIC;

--
-- Dumping data for table `inventory_sources`
--

INSERT INTO `inventory_sources` (`id`, `code`, `name`, `description`, `contact_name`, `contact_email`, `contact_number`, `contact_fax`, `country`, `state`, `city`, `street`, `postcode`, `priority`, `latitude`, `longitude`, `status`, `created_at`, `updated_at`) VALUES
(1, 'default', 'Default', NULL, 'Detroit Warehouse', 'warehouse@example.com', '1234567899', NULL, 'US', 'MI', 'Detroit', '12th Street', '48127', 0, NULL, NULL, 1, NULL, NULL);

-- --------------------------------------------------------

--
-- Table structure for table `invoices`
--

CREATE TABLE `invoices` (
  `id` int UNSIGNED NOT NULL,
  `increment_id` varchar(191) CHARACTER SET utf8 COLLATE utf8_unicode_ci DEFAULT NULL,
  `state` varchar(191) CHARACTER SET utf8 COLLATE utf8_unicode_ci DEFAULT NULL,
  `email_sent` tinyint(1) NOT NULL DEFAULT '0',
  `total_qty` int DEFAULT NULL,
  `base_currency_code` varchar(191) CHARACTER SET utf8 COLLATE utf8_unicode_ci DEFAULT NULL,
  `channel_currency_code` varchar(191) CHARACTER SET utf8 COLLATE utf8_unicode_ci DEFAULT NULL,
  `order_currency_code` varchar(191) CHARACTER SET utf8 COLLATE utf8_unicode_ci DEFAULT NULL,
  `sub_total` decimal(12,4) DEFAULT '0.0000',
  `base_sub_total` decimal(12,4) DEFAULT '0.0000',
  `grand_total` decimal(12,4) DEFAULT '0.0000',
  `base_grand_total` decimal(12,4) DEFAULT '0.0000',
  `shipping_amount` decimal(12,4) DEFAULT '0.0000',
  `base_shipping_amount` decimal(12,4) DEFAULT '0.0000',
  `tax_amount` decimal(12,4) DEFAULT '0.0000',
  `base_tax_amount` decimal(12,4) DEFAULT '0.0000',
  `discount_amount` decimal(12,4) DEFAULT '0.0000',
  `base_discount_amount` decimal(12,4) DEFAULT '0.0000',
  `order_id` int UNSIGNED DEFAULT NULL,
  `order_address_id` int UNSIGNED DEFAULT NULL,
  `created_at` timestamp NULL DEFAULT NULL,
  `updated_at` timestamp NULL DEFAULT NULL,
  `transaction_id` varchar(191) CHARACTER SET utf8 COLLATE utf8_unicode_ci DEFAULT NULL
) ENGINE=InnoDB DEFAULT CHARSET=utf8mb3 COLLATE=utf8_unicode_ci ROW_FORMAT=DYNAMIC;

--
-- Dumping data for table `invoices`
--

INSERT INTO `invoices` (`id`, `increment_id`, `state`, `email_sent`, `total_qty`, `base_currency_code`, `channel_currency_code`, `order_currency_code`, `sub_total`, `base_sub_total`, `grand_total`, `base_grand_total`, `shipping_amount`, `base_shipping_amount`, `tax_amount`, `base_tax_amount`, `discount_amount`, `base_discount_amount`, `order_id`, `order_address_id`, `created_at`, `updated_at`, `transaction_id`) VALUES
(1, '1', 'paid', 0, 1, 'USD', 'USD', 'USD', '1000.0000', '1000.0000', '1000.0000', '1000.0000', '0.0000', '0.0000', '0.0000', '0.0000', '0.0000', '0.0000', 1, 164, '2021-11-27 09:13:27', '2021-11-27 09:13:27', NULL);

-- --------------------------------------------------------

--
-- Table structure for table `invoice_items`
--

CREATE TABLE `invoice_items` (
  `id` int UNSIGNED NOT NULL,
  `name` varchar(191) CHARACTER SET utf8 COLLATE utf8_unicode_ci DEFAULT NULL,
  `description` varchar(191) CHARACTER SET utf8 COLLATE utf8_unicode_ci DEFAULT NULL,
  `sku` varchar(191) CHARACTER SET utf8 COLLATE utf8_unicode_ci DEFAULT NULL,
  `qty` int DEFAULT NULL,
  `price` decimal(12,4) NOT NULL DEFAULT '0.0000',
  `base_price` decimal(12,4) NOT NULL DEFAULT '0.0000',
  `total` decimal(12,4) NOT NULL DEFAULT '0.0000',
  `base_total` decimal(12,4) NOT NULL DEFAULT '0.0000',
  `tax_amount` decimal(12,4) DEFAULT '0.0000',
  `base_tax_amount` decimal(12,4) DEFAULT '0.0000',
  `product_id` int UNSIGNED DEFAULT NULL,
  `product_type` varchar(191) CHARACTER SET utf8 COLLATE utf8_unicode_ci DEFAULT NULL,
  `order_item_id` int UNSIGNED DEFAULT NULL,
  `invoice_id` int UNSIGNED DEFAULT NULL,
  `parent_id` int UNSIGNED DEFAULT NULL,
  `additional` json DEFAULT NULL,
  `created_at` timestamp NULL DEFAULT NULL,
  `updated_at` timestamp NULL DEFAULT NULL,
  `discount_percent` decimal(12,4) DEFAULT '0.0000',
  `discount_amount` decimal(12,4) DEFAULT '0.0000',
  `base_discount_amount` decimal(12,4) DEFAULT '0.0000'
) ENGINE=InnoDB DEFAULT CHARSET=utf8mb3 COLLATE=utf8_unicode_ci ROW_FORMAT=DYNAMIC;

--
-- Dumping data for table `invoice_items`
--

INSERT INTO `invoice_items` (`id`, `name`, `description`, `sku`, `qty`, `price`, `base_price`, `total`, `base_total`, `tax_amount`, `base_tax_amount`, `product_id`, `product_type`, `order_item_id`, `invoice_id`, `parent_id`, `additional`, `created_at`, `updated_at`, `discount_percent`, `discount_amount`, `base_discount_amount`) VALUES
(1, 'Nice', NULL, '1234', 1, '1000.0000', '1000.0000', '1000.0000', '1000.0000', '0.0000', '0.0000', 93, 'Webkul\\Product\\Models\\Product', 1, 1, NULL, '{\"_token\": \"80IVxub1lI6vlTkp0WMSDHZ2HHbYQTs8EAGWFVSB\", \"locale\": \"en\", \"quantity\": 1, \"product_id\": \"93\"}', '2021-11-27 09:13:27', '2021-11-27 09:13:27', '0.0000', '0.0000', '0.0000');

-- --------------------------------------------------------

--
-- Table structure for table `jobs`
--

CREATE TABLE `jobs` (
  `id` bigint UNSIGNED NOT NULL,
  `queue` varchar(191) CHARACTER SET utf8 COLLATE utf8_unicode_ci NOT NULL,
  `payload` longtext CHARACTER SET utf8 COLLATE utf8_unicode_ci NOT NULL,
  `attempts` tinyint UNSIGNED NOT NULL,
  `reserved_at` int UNSIGNED DEFAULT NULL,
  `available_at` int UNSIGNED NOT NULL,
  `created_at` int UNSIGNED NOT NULL
) ENGINE=InnoDB DEFAULT CHARSET=utf8mb3 COLLATE=utf8_unicode_ci ROW_FORMAT=DYNAMIC;

-- --------------------------------------------------------

--
-- Table structure for table `locales`
--

CREATE TABLE `locales` (
  `id` int UNSIGNED NOT NULL,
  `code` varchar(191) CHARACTER SET utf8 COLLATE utf8_unicode_ci NOT NULL,
  `name` varchar(191) CHARACTER SET utf8 COLLATE utf8_unicode_ci NOT NULL,
  `created_at` timestamp NULL DEFAULT NULL,
  `updated_at` timestamp NULL DEFAULT NULL,
  `direction` enum('ltr','rtl') CHARACTER SET utf8 COLLATE utf8_unicode_ci NOT NULL DEFAULT 'ltr',
  `locale_image` text CHARACTER SET utf8 COLLATE utf8_unicode_ci
) ENGINE=InnoDB DEFAULT CHARSET=utf8mb3 COLLATE=utf8_unicode_ci ROW_FORMAT=DYNAMIC;

--
-- Dumping data for table `locales`
--

INSERT INTO `locales` (`id`, `code`, `name`, `created_at`, `updated_at`, `direction`, `locale_image`) VALUES
(1, 'en', 'English', NULL, NULL, 'ltr', NULL),
(2, 'fr', 'French', NULL, NULL, 'ltr', NULL),
(3, 'nl', 'Dutch', NULL, NULL, 'ltr', NULL),
(4, 'tr', 'Trke', NULL, NULL, 'ltr', NULL),
(5, 'es', 'Espaol', NULL, NULL, 'ltr', NULL);

-- --------------------------------------------------------

--
-- Table structure for table `marketing_campaigns`
--

CREATE TABLE `marketing_campaigns` (
  `id` int UNSIGNED NOT NULL,
  `name` varchar(191) CHARACTER SET utf8 COLLATE utf8_unicode_ci NOT NULL,
  `subject` varchar(191) CHARACTER SET utf8 COLLATE utf8_unicode_ci NOT NULL,
  `status` tinyint(1) NOT NULL DEFAULT '0',
  `type` varchar(191) CHARACTER SET utf8 COLLATE utf8_unicode_ci NOT NULL,
  `mail_to` varchar(191) CHARACTER SET utf8 COLLATE utf8_unicode_ci NOT NULL,
  `spooling` varchar(191) CHARACTER SET utf8 COLLATE utf8_unicode_ci DEFAULT NULL,
  `channel_id` int UNSIGNED DEFAULT NULL,
  `customer_group_id` int UNSIGNED DEFAULT NULL,
  `marketing_template_id` int UNSIGNED DEFAULT NULL,
  `marketing_event_id` int UNSIGNED DEFAULT NULL,
  `created_at` timestamp NULL DEFAULT NULL,
  `updated_at` timestamp NULL DEFAULT NULL
) ENGINE=InnoDB DEFAULT CHARSET=utf8mb3 COLLATE=utf8_unicode_ci ROW_FORMAT=DYNAMIC;

-- --------------------------------------------------------

--
-- Table structure for table `marketing_events`
--

CREATE TABLE `marketing_events` (
  `id` int UNSIGNED NOT NULL,
  `name` varchar(191) CHARACTER SET utf8 COLLATE utf8_unicode_ci NOT NULL,
  `description` text CHARACTER SET utf8 COLLATE utf8_unicode_ci,
  `date` date DEFAULT NULL,
  `created_at` timestamp NULL DEFAULT NULL,
  `updated_at` timestamp NULL DEFAULT NULL
) ENGINE=InnoDB DEFAULT CHARSET=utf8mb3 COLLATE=utf8_unicode_ci ROW_FORMAT=DYNAMIC;

--
-- Dumping data for table `marketing_events`
--

INSERT INTO `marketing_events` (`id`, `name`, `description`, `date`, `created_at`, `updated_at`) VALUES
(1, 'Birthday', 'Birthday', NULL, NULL, NULL);

-- --------------------------------------------------------

--
-- Table structure for table `marketing_templates`
--

CREATE TABLE `marketing_templates` (
  `id` int UNSIGNED NOT NULL,
  `name` varchar(191) CHARACTER SET utf8 COLLATE utf8_unicode_ci NOT NULL,
  `status` varchar(191) CHARACTER SET utf8 COLLATE utf8_unicode_ci NOT NULL,
  `content` text CHARACTER SET utf8 COLLATE utf8_unicode_ci NOT NULL,
  `created_at` timestamp NULL DEFAULT NULL,
  `updated_at` timestamp NULL DEFAULT NULL
) ENGINE=InnoDB DEFAULT CHARSET=utf8mb3 COLLATE=utf8_unicode_ci ROW_FORMAT=DYNAMIC;

-- --------------------------------------------------------

--
-- Table structure for table `migrations`
--

CREATE TABLE `migrations` (
  `id` int UNSIGNED NOT NULL,
  `migration` varchar(191) CHARACTER SET utf8 COLLATE utf8_unicode_ci NOT NULL,
  `batch` int NOT NULL
) ENGINE=InnoDB DEFAULT CHARSET=utf8mb3 COLLATE=utf8_unicode_ci ROW_FORMAT=DYNAMIC;

--
-- Dumping data for table `migrations`
--

INSERT INTO `migrations` (`id`, `migration`, `batch`) VALUES
(1, '2014_10_12_000000_create_users_table', 1),
(2, '2014_10_12_100000_create_admin_password_resets_table', 1),
(3, '2014_10_12_100000_create_password_resets_table', 1),
(4, '2018_06_12_111907_create_admins_table', 1),
(5, '2018_06_13_055341_create_roles_table', 1),
(6, '2018_07_05_130148_create_attributes_table', 1),
(7, '2018_07_05_132854_create_attribute_translations_table', 1),
(8, '2018_07_05_135150_create_attribute_families_table', 1),
(9, '2018_07_05_135152_create_attribute_groups_table', 1),
(10, '2018_07_05_140832_create_attribute_options_table', 1),
(11, '2018_07_05_140856_create_attribute_option_translations_table', 1),
(12, '2018_07_05_142820_create_categories_table', 1),
(13, '2018_07_10_055143_create_locales_table', 1),
(14, '2018_07_20_054426_create_countries_table', 1),
(15, '2018_07_20_054502_create_currencies_table', 1),
(16, '2018_07_20_054542_create_currency_exchange_rates_table', 1),
(17, '2018_07_20_064849_create_channels_table', 1),
(18, '2018_07_21_142836_create_category_translations_table', 1),
(19, '2018_07_23_110040_create_inventory_sources_table', 1),
(20, '2018_07_24_082635_create_customer_groups_table', 1),
(21, '2018_07_24_082930_create_customers_table', 1),
(22, '2018_07_24_083025_create_customer_addresses_table', 1),
(23, '2018_07_27_065727_create_products_table', 1),
(24, '2018_07_27_070011_create_product_attribute_values_table', 1),
(25, '2018_07_27_092623_create_product_reviews_table', 1),
(26, '2018_07_27_113941_create_product_images_table', 1),
(27, '2018_07_27_113956_create_product_inventories_table', 1),
(28, '2018_08_03_114203_create_sliders_table', 1),
(29, '2018_08_30_064755_create_tax_categories_table', 1),
(30, '2018_08_30_065042_create_tax_rates_table', 1),
(31, '2018_08_30_065840_create_tax_mappings_table', 1),
(32, '2018_09_05_150444_create_cart_table', 1),
(33, '2018_09_05_150915_create_cart_items_table', 1),
(34, '2018_09_11_064045_customer_password_resets', 1),
(35, '2018_09_19_092845_create_cart_address', 1),
(36, '2018_09_19_093453_create_cart_payment', 1),
(37, '2018_09_19_093508_create_cart_shipping_rates_table', 1),
(38, '2018_09_20_060658_create_core_config_table', 1),
(39, '2018_09_27_113154_create_orders_table', 1),
(40, '2018_09_27_113207_create_order_items_table', 1),
(41, '2018_09_27_113405_create_order_address_table', 1),
(42, '2018_09_27_115022_create_shipments_table', 1),
(43, '2018_09_27_115029_create_shipment_items_table', 1),
(44, '2018_09_27_115135_create_invoices_table', 1),
(45, '2018_09_27_115144_create_invoice_items_table', 1),
(46, '2018_10_01_095504_create_order_payment_table', 1),
(47, '2018_10_03_025230_create_wishlist_table', 1),
(48, '2018_10_12_101803_create_country_translations_table', 1),
(49, '2018_10_12_101913_create_country_states_table', 1),
(50, '2018_10_12_101923_create_country_state_translations_table', 1),
(51, '2018_11_15_153257_alter_order_table', 1),
(52, '2018_11_15_163729_alter_invoice_table', 1),
(53, '2018_11_16_173504_create_subscribers_list_table', 1),
(54, '2018_11_17_165758_add_is_verified_column_in_customers_table', 1),
(55, '2018_11_21_144411_create_cart_item_inventories_table', 1),
(56, '2018_11_26_110500_change_gender_column_in_customers_table', 1),
(57, '2018_11_27_174449_change_content_column_in_sliders_table', 1),
(58, '2018_12_05_132625_drop_foreign_key_core_config_table', 1),
(59, '2018_12_05_132629_alter_core_config_table', 1),
(60, '2018_12_06_185202_create_product_flat_table', 1),
(61, '2018_12_21_101307_alter_channels_table', 1),
(62, '2018_12_24_123812_create_channel_inventory_sources_table', 1),
(63, '2018_12_24_184402_alter_shipments_table', 1),
(64, '2018_12_26_165327_create_product_ordered_inventories_table', 1),
(65, '2018_12_31_161114_alter_channels_category_table', 1),
(66, '2019_01_11_122452_add_vendor_id_column_in_product_inventories_table', 1),
(67, '2019_01_25_124522_add_updated_at_column_in_product_flat_table', 1),
(68, '2019_01_29_123053_add_min_price_and_max_price_column_in_product_flat_table', 1),
(69, '2019_01_31_164117_update_value_column_type_to_text_in_core_config_table', 1),
(70, '2019_02_21_145238_alter_product_reviews_table', 1),
(71, '2019_02_21_152709_add_swatch_type_column_in_attributes_table', 1),
(72, '2019_02_21_153035_alter_customer_id_in_product_reviews_table', 1),
(73, '2019_02_21_153851_add_swatch_value_columns_in_attribute_options_table', 1),
(74, '2019_03_15_123337_add_display_mode_column_in_categories_table', 1),
(75, '2019_03_28_103658_add_notes_column_in_customers_table', 1),
(76, '2019_04_24_155820_alter_product_flat_table', 1),
(77, '2019_05_13_024320_remove_tables', 1),
(78, '2019_05_13_024321_create_cart_rules_table', 1),
(79, '2019_05_13_024322_create_cart_rule_channels_table', 1),
(80, '2019_05_13_024323_create_cart_rule_customer_groups_table', 1),
(81, '2019_05_13_024324_create_cart_rule_translations_table', 1),
(82, '2019_05_13_024325_create_cart_rule_customers_table', 1),
(83, '2019_05_13_024326_create_cart_rule_coupons_table', 1),
(84, '2019_05_13_024327_create_cart_rule_coupon_usage_table', 1),
(85, '2019_05_22_165833_update_zipcode_column_type_to_varchar_in_cart_address_table', 1),
(86, '2019_05_23_113407_add_remaining_column_in_product_flat_table', 1),
(87, '2019_05_23_155520_add_discount_columns_in_invoice_items_table', 1),
(88, '2019_05_23_184029_rename_discount_columns_in_cart_table', 1),
(89, '2019_06_04_114009_add_phone_column_in_customers_table', 1),
(90, '2019_06_06_195905_update_custom_price_to_nullable_in_cart_items', 1),
(91, '2019_06_15_183412_add_code_column_in_customer_groups_table', 1),
(92, '2019_06_17_180258_create_product_downloadable_samples_table', 1),
(93, '2019_06_17_180314_create_product_downloadable_sample_translations_table', 1),
(94, '2019_06_17_180325_create_product_downloadable_links_table', 1),
(95, '2019_06_17_180346_create_product_downloadable_link_translations_table', 1),
(96, '2019_06_19_162817_remove_unique_in_phone_column_in_customers_table', 1),
(97, '2019_06_21_130512_update_weight_column_deafult_value_in_cart_items_table', 1),
(98, '2019_06_21_202249_create_downloadable_link_purchased_table', 1),
(99, '2019_07_02_180307_create_booking_products_table', 1),
(100, '2019_07_05_114157_add_symbol_column_in_currencies_table', 1),
(101, '2019_07_05_154415_create_booking_product_default_slots_table', 1),
(102, '2019_07_05_154429_create_booking_product_appointment_slots_table', 1),
(103, '2019_07_05_154440_create_booking_product_event_tickets_table', 1),
(104, '2019_07_05_154451_create_booking_product_rental_slots_table', 1),
(105, '2019_07_05_154502_create_booking_product_table_slots_table', 1),
(106, '2019_07_11_151210_add_locale_id_in_category_translations', 1),
(107, '2019_07_23_033128_alter_locales_table', 1),
(108, '2019_07_23_174708_create_velocity_contents_table', 1),
(109, '2019_07_23_175212_create_velocity_contents_translations_table', 1),
(110, '2019_07_29_142734_add_use_in_flat_column_in_attributes_table', 1),
(111, '2019_07_30_153530_create_cms_pages_table', 1),
(112, '2019_07_31_143339_create_category_filterable_attributes_table', 1),
(113, '2019_08_02_105320_create_product_grouped_products_table', 1),
(114, '2019_08_12_184925_add_additional_cloumn_in_wishlist_table', 1),
(115, '2019_08_20_170510_create_product_bundle_options_table', 1),
(116, '2019_08_20_170520_create_product_bundle_option_translations_table', 1),
(117, '2019_08_20_170528_create_product_bundle_option_products_table', 1),
(118, '2019_08_21_123707_add_seo_column_in_channels_table', 1),
(119, '2019_09_11_184511_create_refunds_table', 1),
(120, '2019_09_11_184519_create_refund_items_table', 1),
(121, '2019_09_26_163950_remove_channel_id_from_customers_table', 1),
(122, '2019_10_03_105451_change_rate_column_in_currency_exchange_rates_table', 1),
(123, '2019_10_21_105136_order_brands', 1),
(124, '2019_10_24_173358_change_postcode_column_type_in_order_address_table', 1),
(125, '2019_10_24_173437_change_postcode_column_type_in_cart_address_table', 1),
(126, '2019_10_24_173507_change_postcode_column_type_in_customer_addresses_table', 1),
(127, '2019_11_21_194541_add_column_url_path_to_category_translations', 1),
(128, '2019_11_21_194608_add_stored_function_to_get_url_path_of_category', 1),
(129, '2019_11_21_194627_add_trigger_to_category_translations', 1),
(130, '2019_11_21_194648_add_url_path_to_existing_category_translations', 1),
(131, '2019_11_21_194703_add_trigger_to_categories', 1),
(132, '2019_11_25_171136_add_applied_cart_rule_ids_column_in_cart_table', 1),
(133, '2019_11_25_171208_add_applied_cart_rule_ids_column_in_cart_items_table', 1),
(134, '2019_11_30_124437_add_applied_cart_rule_ids_column_in_orders_table', 1),
(135, '2019_11_30_165644_add_discount_columns_in_cart_shipping_rates_table', 1),
(136, '2019_12_03_175253_create_remove_catalog_rule_tables', 1),
(137, '2019_12_03_184613_create_catalog_rules_table', 1),
(138, '2019_12_03_184651_create_catalog_rule_channels_table', 1),
(139, '2019_12_03_184732_create_catalog_rule_customer_groups_table', 1),
(140, '2019_12_06_101110_create_catalog_rule_products_table', 1),
(141, '2019_12_06_110507_create_catalog_rule_product_prices_table', 1),
(142, '2019_12_30_155256_create_velocity_meta_data', 1),
(143, '2020_01_02_201029_add_api_token_columns', 1),
(144, '2020_01_06_173505_alter_trigger_category_translations', 1),
(145, '2020_01_06_173524_alter_stored_function_url_path_category', 1),
(146, '2020_01_06_195305_alter_trigger_on_categories', 1),
(147, '2020_01_09_154851_add_shipping_discount_columns_in_orders_table', 1),
(148, '2020_01_09_202815_add_inventory_source_name_column_in_shipments_table', 1),
(149, '2020_01_10_122226_update_velocity_meta_data', 1),
(150, '2020_01_10_151902_customer_address_improvements', 1),
(151, '2020_01_13_131431_alter_float_value_column_type_in_product_attribute_values_table', 1),
(152, '2020_01_13_155803_add_velocity_locale_icon', 1),
(153, '2020_01_13_192149_add_category_velocity_meta_data', 1),
(154, '2020_01_14_191854_create_cms_page_translations_table', 1),
(155, '2020_01_14_192206_remove_columns_from_cms_pages_table', 1),
(156, '2020_01_15_130209_create_cms_page_channels_table', 1),
(157, '2020_01_15_145637_add_product_policy', 1),
(158, '2020_01_15_152121_add_banner_link', 1),
(159, '2020_01_28_102422_add_new_column_and_rename_name_column_in_customer_addresses_table', 1),
(160, '2020_01_29_124748_alter_name_column_in_country_state_translations_table', 1),
(161, '2020_02_18_165639_create_bookings_table', 1),
(162, '2020_02_21_121201_create_booking_product_event_ticket_translations_table', 1),
(163, '2020_02_24_190025_add_is_comparable_column_in_attributes_table', 1),
(164, '2020_02_25_181902_propagate_company_name', 1),
(165, '2020_02_26_163908_change_column_type_in_cart_rules_table', 1),
(166, '2020_02_28_105104_fix_order_columns', 1),
(167, '2020_02_28_111958_create_customer_compare_products_table', 1),
(168, '2020_03_23_201431_alter_booking_products_table', 1),
(169, '2020_04_13_224524_add_locale_in_sliders_table', 1),
(170, '2020_04_16_130351_remove_channel_from_tax_category', 1),
(171, '2020_04_16_185147_add_table_addresses', 1),
(172, '2020_05_06_171638_create_order_comments_table', 1),
(173, '2020_05_21_171500_create_product_customer_group_prices_table', 1),
(174, '2020_06_08_161708_add_sale_prices_to_booking_product_event_tickets', 1),
(175, '2020_06_10_201453_add_locale_velocity_meta_data', 1),
(176, '2020_06_25_162154_create_customer_social_accounts_table', 1),
(177, '2020_06_25_162340_change_email_password_columns_in_customers_table', 1),
(178, '2020_06_30_163510_remove_unique_name_in_tax_categories_table', 1),
(179, '2020_07_31_142021_update_cms_page_translations_table_field_html_content', 1),
(180, '2020_08_01_132239_add_header_content_count_velocity_meta_data_table', 1),
(181, '2020_08_12_114128_removing_foriegn_key', 1),
(182, '2020_08_17_104228_add_channel_to_velocity_meta_data_table', 1),
(183, '2020_09_07_120413_add_unique_index_to_increment_id_in_orders_table', 1),
(184, '2020_09_07_195157_add_additional_to_category', 1),
(185, '2020_11_10_174816_add_product_number_column_in_product_flat_table', 1),
(186, '2020_11_19_112228_create_product_videos_table', 1),
(187, '2020_11_20_105353_add_columns_in_channels_table', 1),
(188, '2020_11_26_141455_create_marketing_templates_table', 1),
(189, '2020_11_26_150534_create_marketing_events_table', 1),
(190, '2020_11_26_150644_create_marketing_campaigns_table', 1),
(191, '2020_12_18_122826_add_is_tax_calculation_column_to_cart_shipping_rates_table', 1),
(192, '2020_12_21_000200_create_channel_translations_table', 1),
(193, '2020_12_21_140151_remove_columns_from_channels_table', 1),
(194, '2020_12_24_131004_add_customer_id_column_in_subscribers_list_table', 1),
(195, '2020_12_27_121950_create_jobs_table', 1),
(196, '2021_02_03_104907_add_adittional_data_to_order_payment_table', 1),
(197, '2021_02_04_150033_add_download_canceled_column_in_downloadable_link_purchased_table', 1),
(198, '2021_03_11_212124_create_order_transactions_table', 1),
(199, '2021_03_19_184538_add_expired_at_and_sort_order_column_in_sliders_table', 1),
(200, '2021_04_07_132010_create_product_review_images_table', 1),
(201, '2021_06_17_103057_alter_products_table', 1);

-- --------------------------------------------------------

--
-- Table structure for table `orders`
--

CREATE TABLE `orders` (
  `id` int UNSIGNED NOT NULL,
  `increment_id` varchar(191) CHARACTER SET utf8 COLLATE utf8_unicode_ci NOT NULL,
  `status` varchar(191) CHARACTER SET utf8 COLLATE utf8_unicode_ci DEFAULT NULL,
  `channel_name` varchar(191) CHARACTER SET utf8 COLLATE utf8_unicode_ci DEFAULT NULL,
  `is_guest` tinyint(1) DEFAULT NULL,
  `customer_email` varchar(191) CHARACTER SET utf8 COLLATE utf8_unicode_ci DEFAULT NULL,
  `customer_first_name` varchar(191) CHARACTER SET utf8 COLLATE utf8_unicode_ci DEFAULT NULL,
  `customer_last_name` varchar(191) CHARACTER SET utf8 COLLATE utf8_unicode_ci DEFAULT NULL,
  `customer_company_name` varchar(191) CHARACTER SET utf8 COLLATE utf8_unicode_ci DEFAULT NULL,
  `customer_vat_id` varchar(191) CHARACTER SET utf8 COLLATE utf8_unicode_ci DEFAULT NULL,
  `shipping_method` varchar(191) CHARACTER SET utf8 COLLATE utf8_unicode_ci DEFAULT NULL,
  `shipping_title` varchar(191) CHARACTER SET utf8 COLLATE utf8_unicode_ci DEFAULT NULL,
  `shipping_description` varchar(191) CHARACTER SET utf8 COLLATE utf8_unicode_ci DEFAULT NULL,
  `coupon_code` varchar(191) CHARACTER SET utf8 COLLATE utf8_unicode_ci DEFAULT NULL,
  `is_gift` tinyint(1) NOT NULL DEFAULT '0',
  `total_item_count` int DEFAULT NULL,
  `total_qty_ordered` int DEFAULT NULL,
  `base_currency_code` varchar(191) CHARACTER SET utf8 COLLATE utf8_unicode_ci DEFAULT NULL,
  `channel_currency_code` varchar(191) CHARACTER SET utf8 COLLATE utf8_unicode_ci DEFAULT NULL,
  `order_currency_code` varchar(191) CHARACTER SET utf8 COLLATE utf8_unicode_ci DEFAULT NULL,
  `grand_total` decimal(12,4) DEFAULT '0.0000',
  `base_grand_total` decimal(12,4) DEFAULT '0.0000',
  `grand_total_invoiced` decimal(12,4) DEFAULT '0.0000',
  `base_grand_total_invoiced` decimal(12,4) DEFAULT '0.0000',
  `grand_total_refunded` decimal(12,4) DEFAULT '0.0000',
  `base_grand_total_refunded` decimal(12,4) DEFAULT '0.0000',
  `sub_total` decimal(12,4) DEFAULT '0.0000',
  `base_sub_total` decimal(12,4) DEFAULT '0.0000',
  `sub_total_invoiced` decimal(12,4) DEFAULT '0.0000',
  `base_sub_total_invoiced` decimal(12,4) DEFAULT '0.0000',
  `sub_total_refunded` decimal(12,4) DEFAULT '0.0000',
  `base_sub_total_refunded` decimal(12,4) DEFAULT '0.0000',
  `discount_percent` decimal(12,4) DEFAULT '0.0000',
  `discount_amount` decimal(12,4) DEFAULT '0.0000',
  `base_discount_amount` decimal(12,4) DEFAULT '0.0000',
  `discount_invoiced` decimal(12,4) DEFAULT '0.0000',
  `base_discount_invoiced` decimal(12,4) DEFAULT '0.0000',
  `discount_refunded` decimal(12,4) DEFAULT '0.0000',
  `base_discount_refunded` decimal(12,4) DEFAULT '0.0000',
  `tax_amount` decimal(12,4) DEFAULT '0.0000',
  `base_tax_amount` decimal(12,4) DEFAULT '0.0000',
  `tax_amount_invoiced` decimal(12,4) DEFAULT '0.0000',
  `base_tax_amount_invoiced` decimal(12,4) DEFAULT '0.0000',
  `tax_amount_refunded` decimal(12,4) DEFAULT '0.0000',
  `base_tax_amount_refunded` decimal(12,4) DEFAULT '0.0000',
  `shipping_amount` decimal(12,4) DEFAULT '0.0000',
  `base_shipping_amount` decimal(12,4) DEFAULT '0.0000',
  `shipping_invoiced` decimal(12,4) DEFAULT '0.0000',
  `base_shipping_invoiced` decimal(12,4) DEFAULT '0.0000',
  `shipping_refunded` decimal(12,4) DEFAULT '0.0000',
  `base_shipping_refunded` decimal(12,4) DEFAULT '0.0000',
  `customer_id` int UNSIGNED DEFAULT NULL,
  `customer_type` varchar(191) CHARACTER SET utf8 COLLATE utf8_unicode_ci DEFAULT NULL,
  `channel_id` int UNSIGNED DEFAULT NULL,
  `channel_type` varchar(191) CHARACTER SET utf8 COLLATE utf8_unicode_ci DEFAULT NULL,
  `created_at` timestamp NULL DEFAULT NULL,
  `updated_at` timestamp NULL DEFAULT NULL,
  `cart_id` int DEFAULT NULL,
  `applied_cart_rule_ids` varchar(191) CHARACTER SET utf8 COLLATE utf8_unicode_ci DEFAULT NULL,
  `shipping_discount_amount` decimal(12,4) DEFAULT '0.0000',
  `base_shipping_discount_amount` decimal(12,4) DEFAULT '0.0000'
) ENGINE=InnoDB DEFAULT CHARSET=utf8mb3 COLLATE=utf8_unicode_ci ROW_FORMAT=DYNAMIC;

--
-- Dumping data for table `orders`
--

INSERT INTO `orders` (`id`, `increment_id`, `status`, `channel_name`, `is_guest`, `customer_email`, `customer_first_name`, `customer_last_name`, `customer_company_name`, `customer_vat_id`, `shipping_method`, `shipping_title`, `shipping_description`, `coupon_code`, `is_gift`, `total_item_count`, `total_qty_ordered`, `base_currency_code`, `channel_currency_code`, `order_currency_code`, `grand_total`, `base_grand_total`, `grand_total_invoiced`, `base_grand_total_invoiced`, `grand_total_refunded`, `base_grand_total_refunded`, `sub_total`, `base_sub_total`, `sub_total_invoiced`, `base_sub_total_invoiced`, `sub_total_refunded`, `base_sub_total_refunded`, `discount_percent`, `discount_amount`, `base_discount_amount`, `discount_invoiced`, `base_discount_invoiced`, `discount_refunded`, `base_discount_refunded`, `tax_amount`, `base_tax_amount`, `tax_amount_invoiced`, `base_tax_amount_invoiced`, `tax_amount_refunded`, `base_tax_amount_refunded`, `shipping_amount`, `base_shipping_amount`, `shipping_invoiced`, `base_shipping_invoiced`, `shipping_refunded`, `base_shipping_refunded`, `customer_id`, `customer_type`, `channel_id`, `channel_type`, `created_at`, `updated_at`, `cart_id`, `applied_cart_rule_ids`, `shipping_discount_amount`, `base_shipping_discount_amount`) VALUES
(1, '1', 'completed', 'Default', 1, 'mdiqbalhosen5798@gmail.com', 'Aktaruzzaman Cse', 'aktar', NULL, NULL, 'free_free', 'Free Shipping - Free Shipping', 'Free Shipping', NULL, 0, 1, 1, 'USD', 'USD', 'USD', '1000.0000', '1000.0000', '1000.0000', '1000.0000', '0.0000', '0.0000', '1000.0000', '1000.0000', '1000.0000', '1000.0000', '0.0000', '0.0000', '0.0000', '0.0000', '0.0000', '0.0000', '0.0000', '0.0000', '0.0000', '0.0000', '0.0000', '0.0000', '0.0000', '0.0000', '0.0000', '0.0000', '0.0000', '0.0000', '0.0000', '0.0000', '0.0000', NULL, NULL, 1, 'Webkul\\Core\\Models\\Channel', '2021-11-27 09:12:34', '2021-11-27 09:14:13', 4, '', '0.0000', '0.0000'),
(2, '2', 'pending', 'Default', 1, 'mdiqbalhosen5798@gmail.com', 'Aktaruzzaman Cse', 'aktar', NULL, NULL, 'free_free', 'Free Shipping - Free Shipping', 'Free Shipping', NULL, 0, 1, 1, 'USD', 'USD', 'USD', '1000.0000', '1000.0000', '0.0000', '0.0000', '0.0000', '0.0000', '1000.0000', '1000.0000', '0.0000', '0.0000', '0.0000', '0.0000', '0.0000', '0.0000', '0.0000', '0.0000', '0.0000', '0.0000', '0.0000', '0.0000', '0.0000', '0.0000', '0.0000', '0.0000', '0.0000', '0.0000', '0.0000', '0.0000', '0.0000', '0.0000', '0.0000', NULL, NULL, 1, 'Webkul\\Core\\Models\\Channel', '2021-12-02 09:01:51', '2021-12-02 09:01:51', 14, '', '0.0000', '0.0000');

-- --------------------------------------------------------

--
-- Table structure for table `order_brands`
--

CREATE TABLE `order_brands` (
  `id` int UNSIGNED NOT NULL,
  `order_id` int UNSIGNED DEFAULT NULL,
  `order_item_id` int UNSIGNED DEFAULT NULL,
  `product_id` int UNSIGNED DEFAULT NULL,
  `brand` int UNSIGNED DEFAULT NULL,
  `created_at` timestamp NULL DEFAULT NULL,
  `updated_at` timestamp NULL DEFAULT NULL
) ENGINE=InnoDB DEFAULT CHARSET=utf8mb3 COLLATE=utf8_unicode_ci ROW_FORMAT=DYNAMIC;

--
-- Dumping data for table `order_brands`
--

INSERT INTO `order_brands` (`id`, `order_id`, `order_item_id`, `product_id`, `brand`, `created_at`, `updated_at`) VALUES
(2, 2, 2, 132, NULL, '2021-12-02 09:01:52', '2021-12-02 09:01:52');

-- --------------------------------------------------------

--
-- Table structure for table `order_comments`
--

CREATE TABLE `order_comments` (
  `id` int UNSIGNED NOT NULL,
  `comment` text CHARACTER SET utf8 COLLATE utf8_unicode_ci NOT NULL,
  `customer_notified` tinyint(1) NOT NULL DEFAULT '0',
  `order_id` int UNSIGNED DEFAULT NULL,
  `created_at` timestamp NULL DEFAULT NULL,
  `updated_at` timestamp NULL DEFAULT NULL
) ENGINE=InnoDB DEFAULT CHARSET=utf8mb3 COLLATE=utf8_unicode_ci ROW_FORMAT=DYNAMIC;

--
-- Dumping data for table `order_comments`
--

INSERT INTO `order_comments` (`id`, `comment`, `customer_notified`, `order_id`, `created_at`, `updated_at`) VALUES
(1, 'Nice', 1, 1, '2021-11-27 09:13:17', '2021-11-27 09:13:17');

-- --------------------------------------------------------

--
-- Table structure for table `order_items`
--

CREATE TABLE `order_items` (
  `id` int UNSIGNED NOT NULL,
  `sku` varchar(191) CHARACTER SET utf8 COLLATE utf8_unicode_ci DEFAULT NULL,
  `type` varchar(191) CHARACTER SET utf8 COLLATE utf8_unicode_ci DEFAULT NULL,
  `name` varchar(191) CHARACTER SET utf8 COLLATE utf8_unicode_ci DEFAULT NULL,
  `coupon_code` varchar(191) CHARACTER SET utf8 COLLATE utf8_unicode_ci DEFAULT NULL,
  `weight` decimal(12,4) DEFAULT '0.0000',
  `total_weight` decimal(12,4) DEFAULT '0.0000',
  `qty_ordered` int DEFAULT '0',
  `qty_shipped` int DEFAULT '0',
  `qty_invoiced` int DEFAULT '0',
  `qty_canceled` int DEFAULT '0',
  `qty_refunded` int DEFAULT '0',
  `price` decimal(12,4) NOT NULL DEFAULT '0.0000',
  `base_price` decimal(12,4) NOT NULL DEFAULT '0.0000',
  `total` decimal(12,4) NOT NULL DEFAULT '0.0000',
  `base_total` decimal(12,4) NOT NULL DEFAULT '0.0000',
  `total_invoiced` decimal(12,4) NOT NULL DEFAULT '0.0000',
  `base_total_invoiced` decimal(12,4) NOT NULL DEFAULT '0.0000',
  `amount_refunded` decimal(12,4) NOT NULL DEFAULT '0.0000',
  `base_amount_refunded` decimal(12,4) NOT NULL DEFAULT '0.0000',
  `discount_percent` decimal(12,4) DEFAULT '0.0000',
  `discount_amount` decimal(12,4) DEFAULT '0.0000',
  `base_discount_amount` decimal(12,4) DEFAULT '0.0000',
  `discount_invoiced` decimal(12,4) DEFAULT '0.0000',
  `base_discount_invoiced` decimal(12,4) DEFAULT '0.0000',
  `discount_refunded` decimal(12,4) DEFAULT '0.0000',
  `base_discount_refunded` decimal(12,4) DEFAULT '0.0000',
  `tax_percent` decimal(12,4) DEFAULT '0.0000',
  `tax_amount` decimal(12,4) DEFAULT '0.0000',
  `base_tax_amount` decimal(12,4) DEFAULT '0.0000',
  `tax_amount_invoiced` decimal(12,4) DEFAULT '0.0000',
  `base_tax_amount_invoiced` decimal(12,4) DEFAULT '0.0000',
  `tax_amount_refunded` decimal(12,4) DEFAULT '0.0000',
  `base_tax_amount_refunded` decimal(12,4) DEFAULT '0.0000',
  `product_id` int UNSIGNED DEFAULT NULL,
  `product_type` varchar(191) CHARACTER SET utf8 COLLATE utf8_unicode_ci DEFAULT NULL,
  `order_id` int UNSIGNED DEFAULT NULL,
  `parent_id` int UNSIGNED DEFAULT NULL,
  `additional` json DEFAULT NULL,
  `created_at` timestamp NULL DEFAULT NULL,
  `updated_at` timestamp NULL DEFAULT NULL
) ENGINE=InnoDB DEFAULT CHARSET=utf8mb3 COLLATE=utf8_unicode_ci ROW_FORMAT=DYNAMIC;

--
-- Dumping data for table `order_items`
--

INSERT INTO `order_items` (`id`, `sku`, `type`, `name`, `coupon_code`, `weight`, `total_weight`, `qty_ordered`, `qty_shipped`, `qty_invoiced`, `qty_canceled`, `qty_refunded`, `price`, `base_price`, `total`, `base_total`, `total_invoiced`, `base_total_invoiced`, `amount_refunded`, `base_amount_refunded`, `discount_percent`, `discount_amount`, `base_discount_amount`, `discount_invoiced`, `base_discount_invoiced`, `discount_refunded`, `base_discount_refunded`, `tax_percent`, `tax_amount`, `base_tax_amount`, `tax_amount_invoiced`, `base_tax_amount_invoiced`, `tax_amount_refunded`, `base_tax_amount_refunded`, `product_id`, `product_type`, `order_id`, `parent_id`, `additional`, `created_at`, `updated_at`) VALUES
(1, '1234', 'simple', 'Nice', NULL, '123.0000', '123.0000', 1, 1, 1, 0, 0, '1000.0000', '1000.0000', '1000.0000', '1000.0000', '1000.0000', '1000.0000', '0.0000', '0.0000', '0.0000', '0.0000', '0.0000', '0.0000', '0.0000', '0.0000', '0.0000', '0.0000', '0.0000', '0.0000', '0.0000', '0.0000', '0.0000', '0.0000', 93, 'Webkul\\Product\\Models\\Product', 1, NULL, '{\"_token\": \"80IVxub1lI6vlTkp0WMSDHZ2HHbYQTs8EAGWFVSB\", \"locale\": \"en\", \"quantity\": 1, \"product_id\": \"93\"}', '2021-11-27 09:12:34', '2021-11-27 09:14:13'),
(2, '9999', 'simple', 'Toy', NULL, '12.0000', '12.0000', 1, 0, 0, 0, 0, '1000.0000', '1000.0000', '1000.0000', '1000.0000', '0.0000', '0.0000', '0.0000', '0.0000', '0.0000', '0.0000', '0.0000', '0.0000', '0.0000', '0.0000', '0.0000', '0.0000', '0.0000', '0.0000', '0.0000', '0.0000', '0.0000', '0.0000', 132, 'Webkul\\Product\\Models\\Product', 2, NULL, '{\"_token\": \"zdYRHviSdxPW4So6dxf0XXrtQapU7XjBkAriJhrE\", \"locale\": \"en\", \"quantity\": 1, \"product_id\": \"132\"}', '2021-12-02 09:01:51', '2021-12-02 09:01:51');

-- --------------------------------------------------------

--
-- Table structure for table `order_payment`
--

CREATE TABLE `order_payment` (
  `id` int UNSIGNED NOT NULL,
  `method` varchar(191) CHARACTER SET utf8 COLLATE utf8_unicode_ci NOT NULL,
  `method_title` varchar(191) CHARACTER SET utf8 COLLATE utf8_unicode_ci DEFAULT NULL,
  `order_id` int UNSIGNED DEFAULT NULL,
  `additional` json DEFAULT NULL,
  `created_at` timestamp NULL DEFAULT NULL,
  `updated_at` timestamp NULL DEFAULT NULL
) ENGINE=InnoDB DEFAULT CHARSET=utf8mb3 COLLATE=utf8_unicode_ci ROW_FORMAT=DYNAMIC;

--
-- Dumping data for table `order_payment`
--

INSERT INTO `order_payment` (`id`, `method`, `method_title`, `order_id`, `additional`, `created_at`, `updated_at`) VALUES
(1, 'cashondelivery', NULL, 1, NULL, '2021-11-27 09:12:34', '2021-11-27 09:12:34'),
(2, 'cashondelivery', NULL, 2, NULL, '2021-12-02 09:01:51', '2021-12-02 09:01:51');

-- --------------------------------------------------------

--
-- Table structure for table `order_transactions`
--

CREATE TABLE `order_transactions` (
  `id` int UNSIGNED NOT NULL,
  `transaction_id` varchar(191) CHARACTER SET utf8 COLLATE utf8_unicode_ci NOT NULL,
  `status` varchar(191) CHARACTER SET utf8 COLLATE utf8_unicode_ci DEFAULT NULL,
  `type` varchar(191) CHARACTER SET utf8 COLLATE utf8_unicode_ci DEFAULT NULL,
  `payment_method` varchar(191) CHARACTER SET utf8 COLLATE utf8_unicode_ci DEFAULT NULL,
  `data` json DEFAULT NULL,
  `invoice_id` int UNSIGNED NOT NULL,
  `order_id` int UNSIGNED NOT NULL,
  `created_at` timestamp NULL DEFAULT NULL,
  `updated_at` timestamp NULL DEFAULT NULL
) ENGINE=InnoDB DEFAULT CHARSET=utf8mb3 COLLATE=utf8_unicode_ci ROW_FORMAT=DYNAMIC;

-- --------------------------------------------------------

--
-- Table structure for table `password_resets`
--

CREATE TABLE `password_resets` (
  `email` varchar(191) CHARACTER SET utf8 COLLATE utf8_unicode_ci NOT NULL,
  `token` varchar(191) CHARACTER SET utf8 COLLATE utf8_unicode_ci NOT NULL,
  `created_at` timestamp NULL DEFAULT NULL
) ENGINE=InnoDB DEFAULT CHARSET=utf8mb3 COLLATE=utf8_unicode_ci ROW_FORMAT=DYNAMIC;

-- --------------------------------------------------------

--
-- Table structure for table `products`
--

CREATE TABLE `products` (
  `id` int UNSIGNED NOT NULL,
  `sku` varchar(191) CHARACTER SET utf8 COLLATE utf8_unicode_ci NOT NULL,
  `type` varchar(191) CHARACTER SET utf8 COLLATE utf8_unicode_ci NOT NULL,
  `created_at` timestamp NULL DEFAULT NULL,
  `updated_at` timestamp NULL DEFAULT NULL,
  `parent_id` int UNSIGNED DEFAULT NULL,
  `attribute_family_id` int UNSIGNED DEFAULT NULL,
  `additional` json DEFAULT NULL
) ENGINE=InnoDB DEFAULT CHARSET=utf8mb3 COLLATE=utf8_unicode_ci ROW_FORMAT=DYNAMIC;

--
-- Dumping data for table `products`
--

INSERT INTO `products` (`id`, `sku`, `type`, `created_at`, `updated_at`, `parent_id`, `attribute_family_id`, `additional`) VALUES
(81, '5839d382-61e5-3c1f-ab77-63bfd7ab5159', 'simple', '2021-11-14 11:39:08', '2021-11-14 11:39:10', NULL, 1, NULL),
(82, '1254805f-35d9-3a0f-b0f2-91647122fb8a', '', '2021-11-14 11:39:09', '2021-11-14 11:39:09', NULL, 1, NULL),
(83, '89be997f-abaa-39db-8e90-b15cfec87398', '', '2021-11-14 11:39:09', '2021-11-14 11:39:09', NULL, 1, NULL),
(84, '5a5c2bd1-8cf3-3759-9d92-34b1f8e09d8b', '', '2021-11-14 11:39:09', '2021-11-14 11:39:09', NULL, 1, NULL),
(85, '4c0dd338-c30f-39f7-bcd2-48290ad0f52c', '', '2021-11-14 11:39:09', '2021-11-14 11:39:09', NULL, 1, NULL),
(86, 'beb08f0b-e0fd-3113-b7c9-bd3961b52484', '', '2021-11-14 11:39:09', '2021-11-14 11:39:09', NULL, 1, NULL),
(87, 'da27537f-c8ce-3492-8339-1e8e88999ebf', '', '2021-11-14 11:39:09', '2021-11-14 11:39:09', NULL, 1, NULL),
(88, '74809f23-e941-3343-b1a1-8462ee6a2164', '', '2021-11-14 11:39:10', '2021-11-14 11:39:10', NULL, 1, NULL),
(89, 'b3b2b50b-6a1e-377c-b4d4-8438fc90e217', '', '2021-11-14 11:39:10', '2021-11-14 11:39:10', NULL, 1, NULL),
(90, 'd7daa915-3778-3f1c-8e0d-cf620c81417b', '', '2021-11-14 11:39:10', '2021-11-14 11:39:10', NULL, 1, NULL),
(132, '9999', 'simple', '2021-12-02 08:30:18', '2021-12-02 08:30:18', NULL, 1, NULL),
(133, '3329', 'simple', '2021-12-02 08:43:52', '2021-12-02 08:47:19', NULL, 1, NULL),
(134, '452', 'simple', '2021-12-02 08:48:02', '2021-12-02 08:48:02', NULL, 1, NULL),
(135, '665', 'simple', '2021-12-02 08:50:09', '2021-12-02 08:50:09', NULL, 1, NULL),
(153, '12380', 'configurable', '2021-12-02 09:29:29', '2021-12-02 09:33:50', NULL, 1, '{\"default_variant_id\": \"154\"}'),
(154, '12380-variant-12-26', 'simple', '2021-12-02 09:29:29', '2021-12-02 09:29:29', 153, 1, NULL),
(155, '12380-variant-13-26', 'simple', '2021-12-02 09:29:33', '2021-12-02 09:29:33', 153, 1, NULL),
(156, '12380-variant-14-26', 'simple', '2021-12-02 09:29:36', '2021-12-02 09:29:36', 153, 1, NULL),
(157, '12380-variant-12-27', 'simple', '2021-12-02 09:29:40', '2021-12-02 09:29:40', 153, 1, NULL),
(158, '12380-variant-12-28', 'simple', '2021-12-02 09:29:43', '2021-12-02 09:29:43', 153, 1, NULL),
(159, '12380-variant-12-29', 'simple', '2021-12-02 09:29:47', '2021-12-02 09:29:47', 153, 1, NULL),
(160, '12380-variant-13-27', 'simple', '2021-12-02 09:29:50', '2021-12-02 09:29:50', 153, 1, NULL),
(161, '12380-variant-13-28', 'simple', '2021-12-02 09:29:53', '2021-12-02 09:29:53', 153, 1, NULL),
(162, '12380-variant-13-29', 'simple', '2021-12-02 09:29:57', '2021-12-02 09:29:57', 153, 1, NULL),
(163, '12380-variant-14-27', 'simple', '2021-12-02 09:30:00', '2021-12-02 09:30:00', 153, 1, NULL),
(164, '12380-variant-14-28', 'simple', '2021-12-02 09:30:04', '2021-12-02 09:30:04', 153, 1, NULL),
(165, '12380-variant-14-29', 'simple', '2021-12-02 09:30:07', '2021-12-02 09:30:07', 153, 1, NULL),
(166, '34343', 'configurable', '2021-12-04 07:28:13', '2021-12-04 07:28:13', NULL, 1, NULL),
(167, '34343-variant-12-26', 'simple', '2021-12-04 07:28:14', '2021-12-04 07:28:14', 166, 1, NULL),
(168, '34343-variant-13-26', 'simple', '2021-12-04 07:28:17', '2021-12-04 07:28:17', 166, 1, NULL),
(169, '34343-variant-14-26', 'simple', '2021-12-04 07:28:21', '2021-12-04 07:28:21', 166, 1, NULL),
(170, '34343-variant-12-27', 'simple', '2021-12-04 07:28:24', '2021-12-04 07:28:24', 166, 1, NULL),
(171, '34343-variant-12-28', 'simple', '2021-12-04 07:28:28', '2021-12-04 07:28:28', 166, 1, NULL),
(172, '34343-variant-12-29', 'simple', '2021-12-04 07:28:31', '2021-12-04 07:28:31', 166, 1, NULL),
(173, '34343-variant-13-27', 'simple', '2021-12-04 07:28:34', '2021-12-04 07:28:34', 166, 1, NULL),
(174, '34343-variant-13-28', 'simple', '2021-12-04 07:28:38', '2021-12-04 07:28:38', 166, 1, NULL),
(175, '34343-variant-13-29', 'simple', '2021-12-04 07:28:41', '2021-12-04 07:28:41', 166, 1, NULL),
(176, '34343-variant-14-27', 'simple', '2021-12-04 07:28:45', '2021-12-04 07:28:45', 166, 1, NULL),
(177, '34343-variant-14-28', 'simple', '2021-12-04 07:28:49', '2021-12-04 07:28:49', 166, 1, NULL),
(178, '34343-variant-14-29', 'simple', '2021-12-04 07:28:52', '2021-12-04 07:28:52', 166, 1, NULL);

-- --------------------------------------------------------

--
-- Table structure for table `product_attribute_values`
--

CREATE TABLE `product_attribute_values` (
  `id` int UNSIGNED NOT NULL,
  `locale` varchar(191) CHARACTER SET utf8 COLLATE utf8_unicode_ci DEFAULT NULL,
  `channel` varchar(191) CHARACTER SET utf8 COLLATE utf8_unicode_ci DEFAULT NULL,
  `text_value` text CHARACTER SET utf8 COLLATE utf8_unicode_ci,
  `boolean_value` tinyint(1) DEFAULT NULL,
  `integer_value` int DEFAULT NULL,
  `float_value` decimal(12,4) DEFAULT NULL,
  `datetime_value` datetime DEFAULT NULL,
  `date_value` date DEFAULT NULL,
  `json_value` json DEFAULT NULL,
  `product_id` int UNSIGNED NOT NULL,
  `attribute_id` int UNSIGNED NOT NULL
) ENGINE=InnoDB DEFAULT CHARSET=utf8mb3 COLLATE=utf8_unicode_ci ROW_FORMAT=DYNAMIC;

--
-- Dumping data for table `product_attribute_values`
--

INSERT INTO `product_attribute_values` (`id`, `locale`, `channel`, `text_value`, `boolean_value`, `integer_value`, `float_value`, `datetime_value`, `date_value`, `json_value`, `product_id`, `attribute_id`) VALUES
(894, 'en', 'default', '<p>Alhamduillha</p>', NULL, NULL, NULL, NULL, NULL, NULL, 132, 9),
(895, 'en', 'default', '<p>Alhamduillha</p>', NULL, NULL, NULL, NULL, NULL, NULL, 132, 10),
(896, NULL, NULL, '9999', NULL, NULL, NULL, NULL, NULL, NULL, 132, 1),
(897, 'en', 'default', 'Toy', NULL, NULL, NULL, NULL, NULL, NULL, 132, 2),
(898, NULL, NULL, 'toy', NULL, NULL, NULL, NULL, NULL, NULL, 132, 3),
(899, NULL, 'default', NULL, NULL, 0, NULL, NULL, NULL, NULL, 132, 4),
(900, NULL, NULL, NULL, 1, NULL, NULL, NULL, NULL, NULL, 132, 5),
(901, NULL, NULL, NULL, 1, NULL, NULL, NULL, NULL, NULL, 132, 6),
(902, NULL, NULL, NULL, 1, NULL, NULL, NULL, NULL, NULL, 132, 7),
(903, NULL, NULL, NULL, 1, NULL, NULL, NULL, NULL, NULL, 132, 8),
(904, NULL, NULL, NULL, NULL, 7, NULL, NULL, NULL, NULL, 132, 24),
(905, NULL, NULL, NULL, 1, NULL, NULL, NULL, NULL, NULL, 132, 26),
(906, NULL, NULL, '22', NULL, NULL, NULL, NULL, NULL, NULL, 132, 27),
(907, NULL, NULL, NULL, NULL, 13, NULL, NULL, NULL, NULL, 132, 30),
(908, NULL, NULL, NULL, NULL, 27, NULL, NULL, NULL, NULL, 132, 33),
(909, 'en', 'default', '', NULL, NULL, NULL, NULL, NULL, NULL, 132, 16),
(910, 'en', 'default', '', NULL, NULL, NULL, NULL, NULL, NULL, 132, 17),
(911, 'en', 'default', '', NULL, NULL, NULL, NULL, NULL, NULL, 132, 18),
(912, NULL, NULL, NULL, NULL, NULL, '1000.0000', NULL, NULL, NULL, 132, 11),
(913, NULL, 'default', NULL, NULL, NULL, NULL, NULL, NULL, NULL, 132, 12),
(914, NULL, NULL, NULL, NULL, NULL, NULL, NULL, NULL, NULL, 132, 13),
(915, NULL, 'default', NULL, NULL, NULL, NULL, NULL, NULL, NULL, 132, 14),
(916, NULL, 'default', NULL, NULL, NULL, NULL, NULL, NULL, NULL, 132, 15),
(917, NULL, NULL, '', NULL, NULL, NULL, NULL, NULL, NULL, 132, 19),
(918, NULL, NULL, '', NULL, NULL, NULL, NULL, NULL, NULL, 132, 20),
(919, NULL, NULL, '', NULL, NULL, NULL, NULL, NULL, NULL, 132, 21),
(920, NULL, NULL, '12', NULL, NULL, NULL, NULL, NULL, NULL, 132, 22),
(921, 'en', 'default', '<p>Nice to</p>', NULL, NULL, NULL, NULL, NULL, NULL, 133, 9),
(922, 'en', 'default', '<p>Nice to</p>', NULL, NULL, NULL, NULL, NULL, NULL, 133, 10),
(923, NULL, NULL, '3329', NULL, NULL, NULL, NULL, NULL, NULL, 133, 1),
(924, 'en', 'default', 'High Speed Magic Toy', NULL, NULL, NULL, NULL, NULL, NULL, 133, 2),
(925, NULL, NULL, 'high-speed-magic-toy', NULL, NULL, NULL, NULL, NULL, NULL, 133, 3),
(926, NULL, 'default', NULL, NULL, 0, NULL, NULL, NULL, NULL, 133, 4),
(927, NULL, NULL, NULL, 1, NULL, NULL, NULL, NULL, NULL, 133, 5),
(928, NULL, NULL, NULL, 1, NULL, NULL, NULL, NULL, NULL, 133, 6),
(929, NULL, NULL, NULL, 1, NULL, NULL, NULL, NULL, NULL, 133, 7),
(930, NULL, NULL, NULL, 1, NULL, NULL, NULL, NULL, NULL, 133, 8),
(931, NULL, NULL, NULL, NULL, 9, NULL, NULL, NULL, NULL, 133, 24),
(932, NULL, NULL, NULL, 1, NULL, NULL, NULL, NULL, NULL, 133, 26),
(933, NULL, NULL, '77', NULL, NULL, NULL, NULL, NULL, NULL, 133, 27),
(934, NULL, NULL, NULL, NULL, 14, NULL, NULL, NULL, NULL, 133, 30),
(935, NULL, NULL, NULL, NULL, 27, NULL, NULL, NULL, NULL, 133, 33),
(936, 'en', 'default', '', NULL, NULL, NULL, NULL, NULL, NULL, 133, 16),
(937, 'en', 'default', '', NULL, NULL, NULL, NULL, NULL, NULL, 133, 17),
(938, 'en', 'default', '', NULL, NULL, NULL, NULL, NULL, NULL, 133, 18),
(939, NULL, NULL, NULL, NULL, NULL, '1088.0000', NULL, NULL, NULL, 133, 11),
(940, NULL, 'default', NULL, NULL, NULL, NULL, NULL, NULL, NULL, 133, 12),
(941, NULL, NULL, NULL, NULL, NULL, NULL, NULL, NULL, NULL, 133, 13),
(942, NULL, 'default', NULL, NULL, NULL, NULL, NULL, NULL, NULL, 133, 14),
(943, NULL, 'default', NULL, NULL, NULL, NULL, NULL, NULL, NULL, 133, 15),
(944, NULL, NULL, '', NULL, NULL, NULL, NULL, NULL, NULL, 133, 19),
(945, NULL, NULL, '', NULL, NULL, NULL, NULL, NULL, NULL, 133, 20),
(946, NULL, NULL, '', NULL, NULL, NULL, NULL, NULL, NULL, 133, 21),
(947, NULL, NULL, '34', NULL, NULL, NULL, NULL, NULL, NULL, 133, 22),
(948, 'en', 'default', '<p>Alhamduillha</p>', NULL, NULL, NULL, NULL, NULL, NULL, 134, 9),
(949, 'en', 'default', '<p>Alhamduillha</p>', NULL, NULL, NULL, NULL, NULL, NULL, 134, 10),
(950, NULL, NULL, '452', NULL, NULL, NULL, NULL, NULL, NULL, 134, 1),
(951, 'en', 'default', 'Sprit Toy', NULL, NULL, NULL, NULL, NULL, NULL, 134, 2),
(952, NULL, NULL, 'sprit-toy', NULL, NULL, NULL, NULL, NULL, NULL, 134, 3),
(953, NULL, 'default', NULL, NULL, 0, NULL, NULL, NULL, NULL, 134, 4),
(954, NULL, NULL, NULL, 1, NULL, NULL, NULL, NULL, NULL, 134, 5),
(955, NULL, NULL, NULL, 1, NULL, NULL, NULL, NULL, NULL, 134, 6),
(956, NULL, NULL, NULL, 1, NULL, NULL, NULL, NULL, NULL, 134, 7),
(957, NULL, NULL, NULL, 1, NULL, NULL, NULL, NULL, NULL, 134, 8),
(958, NULL, NULL, NULL, NULL, 8, NULL, NULL, NULL, NULL, 134, 24),
(959, NULL, NULL, NULL, 1, NULL, NULL, NULL, NULL, NULL, 134, 26),
(960, NULL, NULL, '33', NULL, NULL, NULL, NULL, NULL, NULL, 134, 27),
(961, NULL, NULL, NULL, NULL, 13, NULL, NULL, NULL, NULL, 134, 30),
(962, NULL, NULL, NULL, NULL, 27, NULL, NULL, NULL, NULL, 134, 33),
(963, 'en', 'default', '', NULL, NULL, NULL, NULL, NULL, NULL, 134, 16),
(964, 'en', 'default', '', NULL, NULL, NULL, NULL, NULL, NULL, 134, 17),
(965, 'en', 'default', '', NULL, NULL, NULL, NULL, NULL, NULL, 134, 18),
(966, NULL, NULL, NULL, NULL, NULL, '1085.0000', NULL, NULL, NULL, 134, 11),
(967, NULL, 'default', NULL, NULL, NULL, NULL, NULL, NULL, NULL, 134, 12),
(968, NULL, NULL, NULL, NULL, NULL, NULL, NULL, NULL, NULL, 134, 13),
(969, NULL, 'default', NULL, NULL, NULL, NULL, NULL, NULL, NULL, 134, 14),
(970, NULL, 'default', NULL, NULL, NULL, NULL, NULL, NULL, NULL, 134, 15),
(971, NULL, NULL, '', NULL, NULL, NULL, NULL, NULL, NULL, 134, 19),
(972, NULL, NULL, '', NULL, NULL, NULL, NULL, NULL, NULL, 134, 20),
(973, NULL, NULL, '', NULL, NULL, NULL, NULL, NULL, NULL, 134, 21),
(974, NULL, NULL, '22', NULL, NULL, NULL, NULL, NULL, NULL, 134, 22),
(975, 'en', 'default', '<p>Alhamduillha Nice</p>', NULL, NULL, NULL, NULL, NULL, NULL, 135, 9),
(976, 'en', 'default', '<p>Alhamduillha Nice</p>', NULL, NULL, NULL, NULL, NULL, NULL, 135, 10),
(977, NULL, NULL, '665', NULL, NULL, NULL, NULL, NULL, NULL, 135, 1),
(978, 'en', 'default', 'Nice toy', NULL, NULL, NULL, NULL, NULL, NULL, 135, 2),
(979, NULL, NULL, 'nice-toy', NULL, NULL, NULL, NULL, NULL, NULL, 135, 3),
(980, NULL, 'default', NULL, NULL, 0, NULL, NULL, NULL, NULL, 135, 4),
(981, NULL, NULL, NULL, 1, NULL, NULL, NULL, NULL, NULL, 135, 5),
(982, NULL, NULL, NULL, 1, NULL, NULL, NULL, NULL, NULL, 135, 6),
(983, NULL, NULL, NULL, 1, NULL, NULL, NULL, NULL, NULL, 135, 7),
(984, NULL, NULL, NULL, 1, NULL, NULL, NULL, NULL, NULL, 135, 8),
(985, NULL, NULL, NULL, NULL, 7, NULL, NULL, NULL, NULL, 135, 24),
(986, NULL, NULL, NULL, 1, NULL, NULL, NULL, NULL, NULL, 135, 26),
(987, NULL, NULL, '66', NULL, NULL, NULL, NULL, NULL, NULL, 135, 27),
(988, NULL, NULL, NULL, NULL, 13, NULL, NULL, NULL, NULL, 135, 30),
(989, NULL, NULL, NULL, NULL, 27, NULL, NULL, NULL, NULL, 135, 33),
(990, 'en', 'default', '', NULL, NULL, NULL, NULL, NULL, NULL, 135, 16),
(991, 'en', 'default', '', NULL, NULL, NULL, NULL, NULL, NULL, 135, 17),
(992, 'en', 'default', '', NULL, NULL, NULL, NULL, NULL, NULL, 135, 18),
(993, NULL, NULL, NULL, NULL, NULL, '500.0000', NULL, NULL, NULL, 135, 11),
(994, NULL, 'default', NULL, NULL, NULL, NULL, NULL, NULL, NULL, 135, 12),
(995, NULL, NULL, NULL, NULL, NULL, NULL, NULL, NULL, NULL, 135, 13),
(996, NULL, 'default', NULL, NULL, NULL, NULL, NULL, NULL, NULL, 135, 14),
(997, NULL, 'default', NULL, NULL, NULL, NULL, NULL, NULL, NULL, 135, 15),
(998, NULL, NULL, '', NULL, NULL, NULL, NULL, NULL, NULL, 135, 19),
(999, NULL, NULL, '', NULL, NULL, NULL, NULL, NULL, NULL, 135, 20),
(1000, NULL, NULL, '', NULL, NULL, NULL, NULL, NULL, NULL, 135, 21),
(1001, NULL, NULL, '44', NULL, NULL, NULL, NULL, NULL, NULL, 135, 22),
(1370, NULL, NULL, '12380-variant-12-26', NULL, NULL, NULL, NULL, NULL, NULL, 154, 1),
(1371, 'en', 'default', 'Configrable Product', NULL, NULL, NULL, NULL, NULL, NULL, 154, 2),
(1372, 'fr', 'default', '', NULL, NULL, NULL, NULL, NULL, NULL, 154, 2),
(1373, 'nl', 'default', '', NULL, NULL, NULL, NULL, NULL, NULL, 154, 2),
(1374, 'tr', 'default', '', NULL, NULL, NULL, NULL, NULL, NULL, 154, 2),
(1375, 'es', 'default', '', NULL, NULL, NULL, NULL, NULL, NULL, 154, 2),
(1376, NULL, NULL, '12380-variant-12-26', NULL, NULL, NULL, NULL, NULL, NULL, 154, 3),
(1377, 'en', 'default', '12380-variant-12-26', NULL, NULL, NULL, NULL, NULL, NULL, 154, 9),
(1378, 'fr', 'default', '12380-variant-12-26', NULL, NULL, NULL, NULL, NULL, NULL, 154, 9),
(1379, 'nl', 'default', '12380-variant-12-26', NULL, NULL, NULL, NULL, NULL, NULL, 154, 9),
(1380, 'tr', 'default', '12380-variant-12-26', NULL, NULL, NULL, NULL, NULL, NULL, 154, 9),
(1381, 'es', 'default', '12380-variant-12-26', NULL, NULL, NULL, NULL, NULL, NULL, 154, 9),
(1382, 'en', 'default', '12380-variant-12-26', NULL, NULL, NULL, NULL, NULL, NULL, 154, 10),
(1383, 'fr', 'default', '12380-variant-12-26', NULL, NULL, NULL, NULL, NULL, NULL, 154, 10),
(1384, 'nl', 'default', '12380-variant-12-26', NULL, NULL, NULL, NULL, NULL, NULL, 154, 10),
(1385, 'tr', 'default', '12380-variant-12-26', NULL, NULL, NULL, NULL, NULL, NULL, 154, 10),
(1386, 'es', 'default', '12380-variant-12-26', NULL, NULL, NULL, NULL, NULL, NULL, 154, 10),
(1387, NULL, NULL, NULL, NULL, NULL, '10.0000', NULL, NULL, NULL, 154, 11),
(1388, NULL, NULL, '0', NULL, NULL, NULL, NULL, NULL, NULL, 154, 22),
(1389, NULL, NULL, NULL, 1, NULL, NULL, NULL, NULL, NULL, 154, 8),
(1390, NULL, NULL, NULL, NULL, 12, NULL, NULL, NULL, NULL, 154, 30),
(1391, NULL, NULL, NULL, NULL, 26, NULL, NULL, NULL, NULL, 154, 33),
(1392, NULL, NULL, '12380-variant-13-26', NULL, NULL, NULL, NULL, NULL, NULL, 155, 1),
(1393, 'en', 'default', 'Configrable Product', NULL, NULL, NULL, NULL, NULL, NULL, 155, 2),
(1394, 'fr', 'default', '', NULL, NULL, NULL, NULL, NULL, NULL, 155, 2),
(1395, 'nl', 'default', '', NULL, NULL, NULL, NULL, NULL, NULL, 155, 2),
(1396, 'tr', 'default', '', NULL, NULL, NULL, NULL, NULL, NULL, 155, 2),
(1397, 'es', 'default', '', NULL, NULL, NULL, NULL, NULL, NULL, 155, 2),
(1398, NULL, NULL, '12380-variant-13-26', NULL, NULL, NULL, NULL, NULL, NULL, 155, 3),
(1399, 'en', 'default', '12380-variant-13-26', NULL, NULL, NULL, NULL, NULL, NULL, 155, 9),
(1400, 'fr', 'default', '12380-variant-13-26', NULL, NULL, NULL, NULL, NULL, NULL, 155, 9),
(1401, 'nl', 'default', '12380-variant-13-26', NULL, NULL, NULL, NULL, NULL, NULL, 155, 9),
(1402, 'tr', 'default', '12380-variant-13-26', NULL, NULL, NULL, NULL, NULL, NULL, 155, 9),
(1403, 'es', 'default', '12380-variant-13-26', NULL, NULL, NULL, NULL, NULL, NULL, 155, 9),
(1404, 'en', 'default', '12380-variant-13-26', NULL, NULL, NULL, NULL, NULL, NULL, 155, 10),
(1405, 'fr', 'default', '12380-variant-13-26', NULL, NULL, NULL, NULL, NULL, NULL, 155, 10),
(1406, 'nl', 'default', '12380-variant-13-26', NULL, NULL, NULL, NULL, NULL, NULL, 155, 10),
(1407, 'tr', 'default', '12380-variant-13-26', NULL, NULL, NULL, NULL, NULL, NULL, 155, 10),
(1408, 'es', 'default', '12380-variant-13-26', NULL, NULL, NULL, NULL, NULL, NULL, 155, 10),
(1409, NULL, NULL, NULL, NULL, NULL, '10.0000', NULL, NULL, NULL, 155, 11),
(1410, NULL, NULL, '0', NULL, NULL, NULL, NULL, NULL, NULL, 155, 22),
(1411, NULL, NULL, NULL, 1, NULL, NULL, NULL, NULL, NULL, 155, 8),
(1412, NULL, NULL, NULL, NULL, 13, NULL, NULL, NULL, NULL, 155, 30),
(1413, NULL, NULL, NULL, NULL, 26, NULL, NULL, NULL, NULL, 155, 33),
(1414, NULL, NULL, '12380-variant-14-26', NULL, NULL, NULL, NULL, NULL, NULL, 156, 1),
(1415, 'en', 'default', 'Configrable Product', NULL, NULL, NULL, NULL, NULL, NULL, 156, 2),
(1416, 'fr', 'default', '', NULL, NULL, NULL, NULL, NULL, NULL, 156, 2),
(1417, 'nl', 'default', '', NULL, NULL, NULL, NULL, NULL, NULL, 156, 2),
(1418, 'tr', 'default', '', NULL, NULL, NULL, NULL, NULL, NULL, 156, 2),
(1419, 'es', 'default', '', NULL, NULL, NULL, NULL, NULL, NULL, 156, 2),
(1420, NULL, NULL, '12380-variant-14-26', NULL, NULL, NULL, NULL, NULL, NULL, 156, 3),
(1421, 'en', 'default', '12380-variant-14-26', NULL, NULL, NULL, NULL, NULL, NULL, 156, 9),
(1422, 'fr', 'default', '12380-variant-14-26', NULL, NULL, NULL, NULL, NULL, NULL, 156, 9),
(1423, 'nl', 'default', '12380-variant-14-26', NULL, NULL, NULL, NULL, NULL, NULL, 156, 9),
(1424, 'tr', 'default', '12380-variant-14-26', NULL, NULL, NULL, NULL, NULL, NULL, 156, 9),
(1425, 'es', 'default', '12380-variant-14-26', NULL, NULL, NULL, NULL, NULL, NULL, 156, 9),
(1426, 'en', 'default', '12380-variant-14-26', NULL, NULL, NULL, NULL, NULL, NULL, 156, 10),
(1427, 'fr', 'default', '12380-variant-14-26', NULL, NULL, NULL, NULL, NULL, NULL, 156, 10),
(1428, 'nl', 'default', '12380-variant-14-26', NULL, NULL, NULL, NULL, NULL, NULL, 156, 10),
(1429, 'tr', 'default', '12380-variant-14-26', NULL, NULL, NULL, NULL, NULL, NULL, 156, 10),
(1430, 'es', 'default', '12380-variant-14-26', NULL, NULL, NULL, NULL, NULL, NULL, 156, 10),
(1431, NULL, NULL, NULL, NULL, NULL, '10.0000', NULL, NULL, NULL, 156, 11),
(1432, NULL, NULL, '0', NULL, NULL, NULL, NULL, NULL, NULL, 156, 22),
(1433, NULL, NULL, NULL, 1, NULL, NULL, NULL, NULL, NULL, 156, 8),
(1434, NULL, NULL, NULL, NULL, 14, NULL, NULL, NULL, NULL, 156, 30),
(1435, NULL, NULL, NULL, NULL, 26, NULL, NULL, NULL, NULL, 156, 33),
(1436, NULL, NULL, '12380-variant-12-27', NULL, NULL, NULL, NULL, NULL, NULL, 157, 1),
(1437, 'en', 'default', 'Configrable Product', NULL, NULL, NULL, NULL, NULL, NULL, 157, 2),
(1438, 'fr', 'default', '', NULL, NULL, NULL, NULL, NULL, NULL, 157, 2),
(1439, 'nl', 'default', '', NULL, NULL, NULL, NULL, NULL, NULL, 157, 2),
(1440, 'tr', 'default', '', NULL, NULL, NULL, NULL, NULL, NULL, 157, 2),
(1441, 'es', 'default', '', NULL, NULL, NULL, NULL, NULL, NULL, 157, 2),
(1442, NULL, NULL, '12380-variant-12-27', NULL, NULL, NULL, NULL, NULL, NULL, 157, 3),
(1443, 'en', 'default', '12380-variant-12-27', NULL, NULL, NULL, NULL, NULL, NULL, 157, 9),
(1444, 'fr', 'default', '12380-variant-12-27', NULL, NULL, NULL, NULL, NULL, NULL, 157, 9),
(1445, 'nl', 'default', '12380-variant-12-27', NULL, NULL, NULL, NULL, NULL, NULL, 157, 9),
(1446, 'tr', 'default', '12380-variant-12-27', NULL, NULL, NULL, NULL, NULL, NULL, 157, 9),
(1447, 'es', 'default', '12380-variant-12-27', NULL, NULL, NULL, NULL, NULL, NULL, 157, 9),
(1448, 'en', 'default', '12380-variant-12-27', NULL, NULL, NULL, NULL, NULL, NULL, 157, 10),
(1449, 'fr', 'default', '12380-variant-12-27', NULL, NULL, NULL, NULL, NULL, NULL, 157, 10),
(1450, 'nl', 'default', '12380-variant-12-27', NULL, NULL, NULL, NULL, NULL, NULL, 157, 10),
(1451, 'tr', 'default', '12380-variant-12-27', NULL, NULL, NULL, NULL, NULL, NULL, 157, 10),
(1452, 'es', 'default', '12380-variant-12-27', NULL, NULL, NULL, NULL, NULL, NULL, 157, 10),
(1453, NULL, NULL, NULL, NULL, NULL, '10.0000', NULL, NULL, NULL, 157, 11),
(1454, NULL, NULL, '0', NULL, NULL, NULL, NULL, NULL, NULL, 157, 22),
(1455, NULL, NULL, NULL, 1, NULL, NULL, NULL, NULL, NULL, 157, 8),
(1456, NULL, NULL, NULL, NULL, 12, NULL, NULL, NULL, NULL, 157, 30),
(1457, NULL, NULL, NULL, NULL, 27, NULL, NULL, NULL, NULL, 157, 33),
(1458, NULL, NULL, '12380-variant-12-28', NULL, NULL, NULL, NULL, NULL, NULL, 158, 1),
(1459, 'en', 'default', 'Configrable Product', NULL, NULL, NULL, NULL, NULL, NULL, 158, 2),
(1460, 'fr', 'default', '', NULL, NULL, NULL, NULL, NULL, NULL, 158, 2),
(1461, 'nl', 'default', '', NULL, NULL, NULL, NULL, NULL, NULL, 158, 2),
(1462, 'tr', 'default', '', NULL, NULL, NULL, NULL, NULL, NULL, 158, 2),
(1463, 'es', 'default', '', NULL, NULL, NULL, NULL, NULL, NULL, 158, 2),
(1464, NULL, NULL, '12380-variant-12-28', NULL, NULL, NULL, NULL, NULL, NULL, 158, 3),
(1465, 'en', 'default', '12380-variant-12-28', NULL, NULL, NULL, NULL, NULL, NULL, 158, 9),
(1466, 'fr', 'default', '12380-variant-12-28', NULL, NULL, NULL, NULL, NULL, NULL, 158, 9),
(1467, 'nl', 'default', '12380-variant-12-28', NULL, NULL, NULL, NULL, NULL, NULL, 158, 9),
(1468, 'tr', 'default', '12380-variant-12-28', NULL, NULL, NULL, NULL, NULL, NULL, 158, 9),
(1469, 'es', 'default', '12380-variant-12-28', NULL, NULL, NULL, NULL, NULL, NULL, 158, 9),
(1470, 'en', 'default', '12380-variant-12-28', NULL, NULL, NULL, NULL, NULL, NULL, 158, 10),
(1471, 'fr', 'default', '12380-variant-12-28', NULL, NULL, NULL, NULL, NULL, NULL, 158, 10),
(1472, 'nl', 'default', '12380-variant-12-28', NULL, NULL, NULL, NULL, NULL, NULL, 158, 10),
(1473, 'tr', 'default', '12380-variant-12-28', NULL, NULL, NULL, NULL, NULL, NULL, 158, 10),
(1474, 'es', 'default', '12380-variant-12-28', NULL, NULL, NULL, NULL, NULL, NULL, 158, 10),
(1475, NULL, NULL, NULL, NULL, NULL, '7.0000', NULL, NULL, NULL, 158, 11),
(1476, NULL, NULL, '0', NULL, NULL, NULL, NULL, NULL, NULL, 158, 22),
(1477, NULL, NULL, NULL, 1, NULL, NULL, NULL, NULL, NULL, 158, 8),
(1478, NULL, NULL, NULL, NULL, 12, NULL, NULL, NULL, NULL, 158, 30),
(1479, NULL, NULL, NULL, NULL, 28, NULL, NULL, NULL, NULL, 158, 33),
(1480, NULL, NULL, '12380-variant-12-29', NULL, NULL, NULL, NULL, NULL, NULL, 159, 1),
(1481, 'en', 'default', 'Configrable Product', NULL, NULL, NULL, NULL, NULL, NULL, 159, 2),
(1482, 'fr', 'default', '', NULL, NULL, NULL, NULL, NULL, NULL, 159, 2),
(1483, 'nl', 'default', '', NULL, NULL, NULL, NULL, NULL, NULL, 159, 2),
(1484, 'tr', 'default', '', NULL, NULL, NULL, NULL, NULL, NULL, 159, 2),
(1485, 'es', 'default', '', NULL, NULL, NULL, NULL, NULL, NULL, 159, 2),
(1486, NULL, NULL, '12380-variant-12-29', NULL, NULL, NULL, NULL, NULL, NULL, 159, 3),
(1487, 'en', 'default', '12380-variant-12-29', NULL, NULL, NULL, NULL, NULL, NULL, 159, 9),
(1488, 'fr', 'default', '12380-variant-12-29', NULL, NULL, NULL, NULL, NULL, NULL, 159, 9),
(1489, 'nl', 'default', '12380-variant-12-29', NULL, NULL, NULL, NULL, NULL, NULL, 159, 9),
(1490, 'tr', 'default', '12380-variant-12-29', NULL, NULL, NULL, NULL, NULL, NULL, 159, 9),
(1491, 'es', 'default', '12380-variant-12-29', NULL, NULL, NULL, NULL, NULL, NULL, 159, 9),
(1492, 'en', 'default', '12380-variant-12-29', NULL, NULL, NULL, NULL, NULL, NULL, 159, 10),
(1493, 'fr', 'default', '12380-variant-12-29', NULL, NULL, NULL, NULL, NULL, NULL, 159, 10),
(1494, 'nl', 'default', '12380-variant-12-29', NULL, NULL, NULL, NULL, NULL, NULL, 159, 10),
(1495, 'tr', 'default', '12380-variant-12-29', NULL, NULL, NULL, NULL, NULL, NULL, 159, 10),
(1496, 'es', 'default', '12380-variant-12-29', NULL, NULL, NULL, NULL, NULL, NULL, 159, 10),
(1497, NULL, NULL, NULL, NULL, NULL, '10.0000', NULL, NULL, NULL, 159, 11),
(1498, NULL, NULL, '0', NULL, NULL, NULL, NULL, NULL, NULL, 159, 22),
(1499, NULL, NULL, NULL, 1, NULL, NULL, NULL, NULL, NULL, 159, 8),
(1500, NULL, NULL, NULL, NULL, 12, NULL, NULL, NULL, NULL, 159, 30),
(1501, NULL, NULL, NULL, NULL, 29, NULL, NULL, NULL, NULL, 159, 33),
(1502, NULL, NULL, '12380-variant-13-27', NULL, NULL, NULL, NULL, NULL, NULL, 160, 1),
(1503, 'en', 'default', 'Configrable Product', NULL, NULL, NULL, NULL, NULL, NULL, 160, 2),
(1504, 'fr', 'default', '', NULL, NULL, NULL, NULL, NULL, NULL, 160, 2),
(1505, 'nl', 'default', '', NULL, NULL, NULL, NULL, NULL, NULL, 160, 2),
(1506, 'tr', 'default', '', NULL, NULL, NULL, NULL, NULL, NULL, 160, 2),
(1507, 'es', 'default', '', NULL, NULL, NULL, NULL, NULL, NULL, 160, 2),
(1508, NULL, NULL, '12380-variant-13-27', NULL, NULL, NULL, NULL, NULL, NULL, 160, 3),
(1509, 'en', 'default', '12380-variant-13-27', NULL, NULL, NULL, NULL, NULL, NULL, 160, 9),
(1510, 'fr', 'default', '12380-variant-13-27', NULL, NULL, NULL, NULL, NULL, NULL, 160, 9),
(1511, 'nl', 'default', '12380-variant-13-27', NULL, NULL, NULL, NULL, NULL, NULL, 160, 9),
(1512, 'tr', 'default', '12380-variant-13-27', NULL, NULL, NULL, NULL, NULL, NULL, 160, 9),
(1513, 'es', 'default', '12380-variant-13-27', NULL, NULL, NULL, NULL, NULL, NULL, 160, 9),
(1514, 'en', 'default', '12380-variant-13-27', NULL, NULL, NULL, NULL, NULL, NULL, 160, 10),
(1515, 'fr', 'default', '12380-variant-13-27', NULL, NULL, NULL, NULL, NULL, NULL, 160, 10),
(1516, 'nl', 'default', '12380-variant-13-27', NULL, NULL, NULL, NULL, NULL, NULL, 160, 10),
(1517, 'tr', 'default', '12380-variant-13-27', NULL, NULL, NULL, NULL, NULL, NULL, 160, 10),
(1518, 'es', 'default', '12380-variant-13-27', NULL, NULL, NULL, NULL, NULL, NULL, 160, 10),
(1519, NULL, NULL, NULL, NULL, NULL, '10.0000', NULL, NULL, NULL, 160, 11),
(1520, NULL, NULL, '0', NULL, NULL, NULL, NULL, NULL, NULL, 160, 22),
(1521, NULL, NULL, NULL, 1, NULL, NULL, NULL, NULL, NULL, 160, 8),
(1522, NULL, NULL, NULL, NULL, 13, NULL, NULL, NULL, NULL, 160, 30),
(1523, NULL, NULL, NULL, NULL, 27, NULL, NULL, NULL, NULL, 160, 33),
(1524, NULL, NULL, '12380-variant-13-28', NULL, NULL, NULL, NULL, NULL, NULL, 161, 1),
(1525, 'en', 'default', 'Configrable Product', NULL, NULL, NULL, NULL, NULL, NULL, 161, 2),
(1526, 'fr', 'default', '', NULL, NULL, NULL, NULL, NULL, NULL, 161, 2),
(1527, 'nl', 'default', '', NULL, NULL, NULL, NULL, NULL, NULL, 161, 2),
(1528, 'tr', 'default', '', NULL, NULL, NULL, NULL, NULL, NULL, 161, 2),
(1529, 'es', 'default', '', NULL, NULL, NULL, NULL, NULL, NULL, 161, 2),
(1530, NULL, NULL, '12380-variant-13-28', NULL, NULL, NULL, NULL, NULL, NULL, 161, 3),
(1531, 'en', 'default', '12380-variant-13-28', NULL, NULL, NULL, NULL, NULL, NULL, 161, 9),
(1532, 'fr', 'default', '12380-variant-13-28', NULL, NULL, NULL, NULL, NULL, NULL, 161, 9),
(1533, 'nl', 'default', '12380-variant-13-28', NULL, NULL, NULL, NULL, NULL, NULL, 161, 9),
(1534, 'tr', 'default', '12380-variant-13-28', NULL, NULL, NULL, NULL, NULL, NULL, 161, 9),
(1535, 'es', 'default', '12380-variant-13-28', NULL, NULL, NULL, NULL, NULL, NULL, 161, 9),
(1536, 'en', 'default', '12380-variant-13-28', NULL, NULL, NULL, NULL, NULL, NULL, 161, 10),
(1537, 'fr', 'default', '12380-variant-13-28', NULL, NULL, NULL, NULL, NULL, NULL, 161, 10),
(1538, 'nl', 'default', '12380-variant-13-28', NULL, NULL, NULL, NULL, NULL, NULL, 161, 10),
(1539, 'tr', 'default', '12380-variant-13-28', NULL, NULL, NULL, NULL, NULL, NULL, 161, 10),
(1540, 'es', 'default', '12380-variant-13-28', NULL, NULL, NULL, NULL, NULL, NULL, 161, 10),
(1541, NULL, NULL, NULL, NULL, NULL, '10.0000', NULL, NULL, NULL, 161, 11),
(1542, NULL, NULL, '0', NULL, NULL, NULL, NULL, NULL, NULL, 161, 22),
(1543, NULL, NULL, NULL, 1, NULL, NULL, NULL, NULL, NULL, 161, 8),
(1544, NULL, NULL, NULL, NULL, 13, NULL, NULL, NULL, NULL, 161, 30),
(1545, NULL, NULL, NULL, NULL, 28, NULL, NULL, NULL, NULL, 161, 33),
(1546, NULL, NULL, '12380-variant-13-29', NULL, NULL, NULL, NULL, NULL, NULL, 162, 1),
(1547, 'en', 'default', 'Configrable Product', NULL, NULL, NULL, NULL, NULL, NULL, 162, 2),
(1548, 'fr', 'default', '', NULL, NULL, NULL, NULL, NULL, NULL, 162, 2),
(1549, 'nl', 'default', '', NULL, NULL, NULL, NULL, NULL, NULL, 162, 2),
(1550, 'tr', 'default', '', NULL, NULL, NULL, NULL, NULL, NULL, 162, 2),
(1551, 'es', 'default', '', NULL, NULL, NULL, NULL, NULL, NULL, 162, 2),
(1552, NULL, NULL, '12380-variant-13-29', NULL, NULL, NULL, NULL, NULL, NULL, 162, 3),
(1553, 'en', 'default', '12380-variant-13-29', NULL, NULL, NULL, NULL, NULL, NULL, 162, 9),
(1554, 'fr', 'default', '12380-variant-13-29', NULL, NULL, NULL, NULL, NULL, NULL, 162, 9),
(1555, 'nl', 'default', '12380-variant-13-29', NULL, NULL, NULL, NULL, NULL, NULL, 162, 9),
(1556, 'tr', 'default', '12380-variant-13-29', NULL, NULL, NULL, NULL, NULL, NULL, 162, 9),
(1557, 'es', 'default', '12380-variant-13-29', NULL, NULL, NULL, NULL, NULL, NULL, 162, 9),
(1558, 'en', 'default', '12380-variant-13-29', NULL, NULL, NULL, NULL, NULL, NULL, 162, 10),
(1559, 'fr', 'default', '12380-variant-13-29', NULL, NULL, NULL, NULL, NULL, NULL, 162, 10),
(1560, 'nl', 'default', '12380-variant-13-29', NULL, NULL, NULL, NULL, NULL, NULL, 162, 10),
(1561, 'tr', 'default', '12380-variant-13-29', NULL, NULL, NULL, NULL, NULL, NULL, 162, 10),
(1562, 'es', 'default', '12380-variant-13-29', NULL, NULL, NULL, NULL, NULL, NULL, 162, 10),
(1563, NULL, NULL, NULL, NULL, NULL, '10.0000', NULL, NULL, NULL, 162, 11),
(1564, NULL, NULL, '0', NULL, NULL, NULL, NULL, NULL, NULL, 162, 22),
(1565, NULL, NULL, NULL, 1, NULL, NULL, NULL, NULL, NULL, 162, 8),
(1566, NULL, NULL, NULL, NULL, 13, NULL, NULL, NULL, NULL, 162, 30),
(1567, NULL, NULL, NULL, NULL, 29, NULL, NULL, NULL, NULL, 162, 33),
(1568, NULL, NULL, '12380-variant-14-27', NULL, NULL, NULL, NULL, NULL, NULL, 163, 1),
(1569, 'en', 'default', 'Configrable Product', NULL, NULL, NULL, NULL, NULL, NULL, 163, 2),
(1570, 'fr', 'default', '', NULL, NULL, NULL, NULL, NULL, NULL, 163, 2),
(1571, 'nl', 'default', '', NULL, NULL, NULL, NULL, NULL, NULL, 163, 2),
(1572, 'tr', 'default', '', NULL, NULL, NULL, NULL, NULL, NULL, 163, 2),
(1573, 'es', 'default', '', NULL, NULL, NULL, NULL, NULL, NULL, 163, 2),
(1574, NULL, NULL, '12380-variant-14-27', NULL, NULL, NULL, NULL, NULL, NULL, 163, 3),
(1575, 'en', 'default', '12380-variant-14-27', NULL, NULL, NULL, NULL, NULL, NULL, 163, 9),
(1576, 'fr', 'default', '12380-variant-14-27', NULL, NULL, NULL, NULL, NULL, NULL, 163, 9),
(1577, 'nl', 'default', '12380-variant-14-27', NULL, NULL, NULL, NULL, NULL, NULL, 163, 9),
(1578, 'tr', 'default', '12380-variant-14-27', NULL, NULL, NULL, NULL, NULL, NULL, 163, 9),
(1579, 'es', 'default', '12380-variant-14-27', NULL, NULL, NULL, NULL, NULL, NULL, 163, 9),
(1580, 'en', 'default', '12380-variant-14-27', NULL, NULL, NULL, NULL, NULL, NULL, 163, 10),
(1581, 'fr', 'default', '12380-variant-14-27', NULL, NULL, NULL, NULL, NULL, NULL, 163, 10),
(1582, 'nl', 'default', '12380-variant-14-27', NULL, NULL, NULL, NULL, NULL, NULL, 163, 10),
(1583, 'tr', 'default', '12380-variant-14-27', NULL, NULL, NULL, NULL, NULL, NULL, 163, 10),
(1584, 'es', 'default', '12380-variant-14-27', NULL, NULL, NULL, NULL, NULL, NULL, 163, 10),
(1585, NULL, NULL, NULL, NULL, NULL, '10.0000', NULL, NULL, NULL, 163, 11),
(1586, NULL, NULL, '0', NULL, NULL, NULL, NULL, NULL, NULL, 163, 22),
(1587, NULL, NULL, NULL, 1, NULL, NULL, NULL, NULL, NULL, 163, 8),
(1588, NULL, NULL, NULL, NULL, 14, NULL, NULL, NULL, NULL, 163, 30),
(1589, NULL, NULL, NULL, NULL, 27, NULL, NULL, NULL, NULL, 163, 33),
(1590, NULL, NULL, '12380-variant-14-28', NULL, NULL, NULL, NULL, NULL, NULL, 164, 1),
(1591, 'en', 'default', 'Configrable Product', NULL, NULL, NULL, NULL, NULL, NULL, 164, 2),
(1592, 'fr', 'default', '', NULL, NULL, NULL, NULL, NULL, NULL, 164, 2),
(1593, 'nl', 'default', '', NULL, NULL, NULL, NULL, NULL, NULL, 164, 2),
(1594, 'tr', 'default', '', NULL, NULL, NULL, NULL, NULL, NULL, 164, 2),
(1595, 'es', 'default', '', NULL, NULL, NULL, NULL, NULL, NULL, 164, 2),
(1596, NULL, NULL, '12380-variant-14-28', NULL, NULL, NULL, NULL, NULL, NULL, 164, 3),
(1597, 'en', 'default', '12380-variant-14-28', NULL, NULL, NULL, NULL, NULL, NULL, 164, 9),
(1598, 'fr', 'default', '12380-variant-14-28', NULL, NULL, NULL, NULL, NULL, NULL, 164, 9),
(1599, 'nl', 'default', '12380-variant-14-28', NULL, NULL, NULL, NULL, NULL, NULL, 164, 9),
(1600, 'tr', 'default', '12380-variant-14-28', NULL, NULL, NULL, NULL, NULL, NULL, 164, 9),
(1601, 'es', 'default', '12380-variant-14-28', NULL, NULL, NULL, NULL, NULL, NULL, 164, 9),
(1602, 'en', 'default', '12380-variant-14-28', NULL, NULL, NULL, NULL, NULL, NULL, 164, 10),
(1603, 'fr', 'default', '12380-variant-14-28', NULL, NULL, NULL, NULL, NULL, NULL, 164, 10),
(1604, 'nl', 'default', '12380-variant-14-28', NULL, NULL, NULL, NULL, NULL, NULL, 164, 10),
(1605, 'tr', 'default', '12380-variant-14-28', NULL, NULL, NULL, NULL, NULL, NULL, 164, 10),
(1606, 'es', 'default', '12380-variant-14-28', NULL, NULL, NULL, NULL, NULL, NULL, 164, 10),
(1607, NULL, NULL, NULL, NULL, NULL, '10.0000', NULL, NULL, NULL, 164, 11),
(1608, NULL, NULL, '0', NULL, NULL, NULL, NULL, NULL, NULL, 164, 22),
(1609, NULL, NULL, NULL, 1, NULL, NULL, NULL, NULL, NULL, 164, 8),
(1610, NULL, NULL, NULL, NULL, 14, NULL, NULL, NULL, NULL, 164, 30),
(1611, NULL, NULL, NULL, NULL, 28, NULL, NULL, NULL, NULL, 164, 33),
(1612, NULL, NULL, '12380-variant-14-29', NULL, NULL, NULL, NULL, NULL, NULL, 165, 1),
(1613, 'en', 'default', 'Configrable Product', NULL, NULL, NULL, NULL, NULL, NULL, 165, 2),
(1614, 'fr', 'default', '', NULL, NULL, NULL, NULL, NULL, NULL, 165, 2),
(1615, 'nl', 'default', '', NULL, NULL, NULL, NULL, NULL, NULL, 165, 2),
(1616, 'tr', 'default', '', NULL, NULL, NULL, NULL, NULL, NULL, 165, 2),
(1617, 'es', 'default', '', NULL, NULL, NULL, NULL, NULL, NULL, 165, 2),
(1618, NULL, NULL, '12380-variant-14-29', NULL, NULL, NULL, NULL, NULL, NULL, 165, 3),
(1619, 'en', 'default', '12380-variant-14-29', NULL, NULL, NULL, NULL, NULL, NULL, 165, 9),
(1620, 'fr', 'default', '12380-variant-14-29', NULL, NULL, NULL, NULL, NULL, NULL, 165, 9),
(1621, 'nl', 'default', '12380-variant-14-29', NULL, NULL, NULL, NULL, NULL, NULL, 165, 9),
(1622, 'tr', 'default', '12380-variant-14-29', NULL, NULL, NULL, NULL, NULL, NULL, 165, 9),
(1623, 'es', 'default', '12380-variant-14-29', NULL, NULL, NULL, NULL, NULL, NULL, 165, 9),
(1624, 'en', 'default', '12380-variant-14-29', NULL, NULL, NULL, NULL, NULL, NULL, 165, 10),
(1625, 'fr', 'default', '12380-variant-14-29', NULL, NULL, NULL, NULL, NULL, NULL, 165, 10),
(1626, 'nl', 'default', '12380-variant-14-29', NULL, NULL, NULL, NULL, NULL, NULL, 165, 10),
(1627, 'tr', 'default', '12380-variant-14-29', NULL, NULL, NULL, NULL, NULL, NULL, 165, 10),
(1628, 'es', 'default', '12380-variant-14-29', NULL, NULL, NULL, NULL, NULL, NULL, 165, 10),
(1629, NULL, NULL, NULL, NULL, NULL, '10.0000', NULL, NULL, NULL, 165, 11),
(1630, NULL, NULL, '0', NULL, NULL, NULL, NULL, NULL, NULL, 165, 22),
(1631, NULL, NULL, NULL, 1, NULL, NULL, NULL, NULL, NULL, 165, 8),
(1632, NULL, NULL, NULL, NULL, 14, NULL, NULL, NULL, NULL, 165, 30),
(1633, NULL, NULL, NULL, NULL, 29, NULL, NULL, NULL, NULL, 165, 33),
(1634, 'en', 'default', '<p>Ndefgfh</p>', NULL, NULL, NULL, NULL, NULL, NULL, 153, 9),
(1635, 'en', 'default', '<p>sdfgj</p>', NULL, NULL, NULL, NULL, NULL, NULL, 153, 10),
(1636, NULL, NULL, '12380', NULL, NULL, NULL, NULL, NULL, NULL, 153, 1),
(1637, 'en', 'default', 'Configrable Product', NULL, NULL, NULL, NULL, NULL, NULL, 153, 2),
(1638, NULL, NULL, 'configrable-product', NULL, NULL, NULL, NULL, NULL, NULL, 153, 3),
(1639, NULL, 'default', NULL, NULL, 0, NULL, NULL, NULL, NULL, 153, 4),
(1640, NULL, NULL, NULL, 1, NULL, NULL, NULL, NULL, NULL, 153, 5),
(1641, NULL, NULL, NULL, 1, NULL, NULL, NULL, NULL, NULL, 153, 6),
(1642, NULL, NULL, NULL, 1, NULL, NULL, NULL, NULL, NULL, 153, 7),
(1643, NULL, NULL, NULL, 1, NULL, NULL, NULL, NULL, NULL, 153, 8),
(1644, NULL, NULL, NULL, NULL, 6, NULL, NULL, NULL, NULL, 153, 24),
(1645, NULL, NULL, NULL, 1, NULL, NULL, NULL, NULL, NULL, 153, 26),
(1646, NULL, NULL, '99', NULL, NULL, NULL, NULL, NULL, NULL, 153, 27),
(1647, 'en', 'default', '', NULL, NULL, NULL, NULL, NULL, NULL, 153, 16),
(1648, 'en', 'default', '', NULL, NULL, NULL, NULL, NULL, NULL, 153, 17),
(1649, 'en', 'default', '', NULL, NULL, NULL, NULL, NULL, NULL, 153, 18),
(1650, NULL, NULL, '34343-variant-12-26', NULL, NULL, NULL, NULL, NULL, NULL, 167, 1),
(1651, 'en', 'default', 'Aktar', NULL, NULL, NULL, NULL, NULL, NULL, 167, 2),
(1652, 'fr', 'default', '', NULL, NULL, NULL, NULL, NULL, NULL, 167, 2),
(1653, 'nl', 'default', '', NULL, NULL, NULL, NULL, NULL, NULL, 167, 2),
(1654, 'tr', 'default', '', NULL, NULL, NULL, NULL, NULL, NULL, 167, 2),
(1655, 'es', 'default', '', NULL, NULL, NULL, NULL, NULL, NULL, 167, 2),
(1656, NULL, NULL, '34343-variant-12-26', NULL, NULL, NULL, NULL, NULL, NULL, 167, 3),
(1657, 'en', 'default', '34343-variant-12-26', NULL, NULL, NULL, NULL, NULL, NULL, 167, 9),
(1658, 'fr', 'default', '34343-variant-12-26', NULL, NULL, NULL, NULL, NULL, NULL, 167, 9),
(1659, 'nl', 'default', '34343-variant-12-26', NULL, NULL, NULL, NULL, NULL, NULL, 167, 9),
(1660, 'tr', 'default', '34343-variant-12-26', NULL, NULL, NULL, NULL, NULL, NULL, 167, 9),
(1661, 'es', 'default', '34343-variant-12-26', NULL, NULL, NULL, NULL, NULL, NULL, 167, 9),
(1662, 'en', 'default', '34343-variant-12-26', NULL, NULL, NULL, NULL, NULL, NULL, 167, 10),
(1663, 'fr', 'default', '34343-variant-12-26', NULL, NULL, NULL, NULL, NULL, NULL, 167, 10),
(1664, 'nl', 'default', '34343-variant-12-26', NULL, NULL, NULL, NULL, NULL, NULL, 167, 10),
(1665, 'tr', 'default', '34343-variant-12-26', NULL, NULL, NULL, NULL, NULL, NULL, 167, 10),
(1666, 'es', 'default', '34343-variant-12-26', NULL, NULL, NULL, NULL, NULL, NULL, 167, 10),
(1667, NULL, NULL, NULL, NULL, NULL, '10.0000', NULL, NULL, NULL, 167, 11),
(1668, NULL, NULL, '0', NULL, NULL, NULL, NULL, NULL, NULL, 167, 22),
(1669, NULL, NULL, NULL, 1, NULL, NULL, NULL, NULL, NULL, 167, 8),
(1670, NULL, NULL, NULL, NULL, 12, NULL, NULL, NULL, NULL, 167, 30),
(1671, NULL, NULL, NULL, NULL, 26, NULL, NULL, NULL, NULL, 167, 33),
(1672, NULL, NULL, '34343-variant-13-26', NULL, NULL, NULL, NULL, NULL, NULL, 168, 1),
(1673, 'en', 'default', 'Aktar', NULL, NULL, NULL, NULL, NULL, NULL, 168, 2),
(1674, 'fr', 'default', '', NULL, NULL, NULL, NULL, NULL, NULL, 168, 2),
(1675, 'nl', 'default', '', NULL, NULL, NULL, NULL, NULL, NULL, 168, 2),
(1676, 'tr', 'default', '', NULL, NULL, NULL, NULL, NULL, NULL, 168, 2),
(1677, 'es', 'default', '', NULL, NULL, NULL, NULL, NULL, NULL, 168, 2),
(1678, NULL, NULL, '34343-variant-13-26', NULL, NULL, NULL, NULL, NULL, NULL, 168, 3),
(1679, 'en', 'default', '34343-variant-13-26', NULL, NULL, NULL, NULL, NULL, NULL, 168, 9),
(1680, 'fr', 'default', '34343-variant-13-26', NULL, NULL, NULL, NULL, NULL, NULL, 168, 9),
(1681, 'nl', 'default', '34343-variant-13-26', NULL, NULL, NULL, NULL, NULL, NULL, 168, 9),
(1682, 'tr', 'default', '34343-variant-13-26', NULL, NULL, NULL, NULL, NULL, NULL, 168, 9),
(1683, 'es', 'default', '34343-variant-13-26', NULL, NULL, NULL, NULL, NULL, NULL, 168, 9),
(1684, 'en', 'default', '34343-variant-13-26', NULL, NULL, NULL, NULL, NULL, NULL, 168, 10),
(1685, 'fr', 'default', '34343-variant-13-26', NULL, NULL, NULL, NULL, NULL, NULL, 168, 10),
(1686, 'nl', 'default', '34343-variant-13-26', NULL, NULL, NULL, NULL, NULL, NULL, 168, 10),
(1687, 'tr', 'default', '34343-variant-13-26', NULL, NULL, NULL, NULL, NULL, NULL, 168, 10),
(1688, 'es', 'default', '34343-variant-13-26', NULL, NULL, NULL, NULL, NULL, NULL, 168, 10),
(1689, NULL, NULL, NULL, NULL, NULL, '10.0000', NULL, NULL, NULL, 168, 11),
(1690, NULL, NULL, '0', NULL, NULL, NULL, NULL, NULL, NULL, 168, 22),
(1691, NULL, NULL, NULL, 1, NULL, NULL, NULL, NULL, NULL, 168, 8),
(1692, NULL, NULL, NULL, NULL, 13, NULL, NULL, NULL, NULL, 168, 30),
(1693, NULL, NULL, NULL, NULL, 26, NULL, NULL, NULL, NULL, 168, 33),
(1694, NULL, NULL, '34343-variant-14-26', NULL, NULL, NULL, NULL, NULL, NULL, 169, 1),
(1695, 'en', 'default', 'Aktar', NULL, NULL, NULL, NULL, NULL, NULL, 169, 2),
(1696, 'fr', 'default', '', NULL, NULL, NULL, NULL, NULL, NULL, 169, 2),
(1697, 'nl', 'default', '', NULL, NULL, NULL, NULL, NULL, NULL, 169, 2),
(1698, 'tr', 'default', '', NULL, NULL, NULL, NULL, NULL, NULL, 169, 2),
(1699, 'es', 'default', '', NULL, NULL, NULL, NULL, NULL, NULL, 169, 2),
(1700, NULL, NULL, '34343-variant-14-26', NULL, NULL, NULL, NULL, NULL, NULL, 169, 3),
(1701, 'en', 'default', '34343-variant-14-26', NULL, NULL, NULL, NULL, NULL, NULL, 169, 9),
(1702, 'fr', 'default', '34343-variant-14-26', NULL, NULL, NULL, NULL, NULL, NULL, 169, 9),
(1703, 'nl', 'default', '34343-variant-14-26', NULL, NULL, NULL, NULL, NULL, NULL, 169, 9),
(1704, 'tr', 'default', '34343-variant-14-26', NULL, NULL, NULL, NULL, NULL, NULL, 169, 9),
(1705, 'es', 'default', '34343-variant-14-26', NULL, NULL, NULL, NULL, NULL, NULL, 169, 9),
(1706, 'en', 'default', '34343-variant-14-26', NULL, NULL, NULL, NULL, NULL, NULL, 169, 10),
(1707, 'fr', 'default', '34343-variant-14-26', NULL, NULL, NULL, NULL, NULL, NULL, 169, 10),
(1708, 'nl', 'default', '34343-variant-14-26', NULL, NULL, NULL, NULL, NULL, NULL, 169, 10),
(1709, 'tr', 'default', '34343-variant-14-26', NULL, NULL, NULL, NULL, NULL, NULL, 169, 10),
(1710, 'es', 'default', '34343-variant-14-26', NULL, NULL, NULL, NULL, NULL, NULL, 169, 10),
(1711, NULL, NULL, NULL, NULL, NULL, '10.0000', NULL, NULL, NULL, 169, 11),
(1712, NULL, NULL, '0', NULL, NULL, NULL, NULL, NULL, NULL, 169, 22),
(1713, NULL, NULL, NULL, 1, NULL, NULL, NULL, NULL, NULL, 169, 8),
(1714, NULL, NULL, NULL, NULL, 14, NULL, NULL, NULL, NULL, 169, 30),
(1715, NULL, NULL, NULL, NULL, 26, NULL, NULL, NULL, NULL, 169, 33),
(1716, NULL, NULL, '34343-variant-12-27', NULL, NULL, NULL, NULL, NULL, NULL, 170, 1),
(1717, 'en', 'default', 'Aktar', NULL, NULL, NULL, NULL, NULL, NULL, 170, 2),
(1718, 'fr', 'default', '', NULL, NULL, NULL, NULL, NULL, NULL, 170, 2),
(1719, 'nl', 'default', '', NULL, NULL, NULL, NULL, NULL, NULL, 170, 2),
(1720, 'tr', 'default', '', NULL, NULL, NULL, NULL, NULL, NULL, 170, 2),
(1721, 'es', 'default', '', NULL, NULL, NULL, NULL, NULL, NULL, 170, 2),
(1722, NULL, NULL, '34343-variant-12-27', NULL, NULL, NULL, NULL, NULL, NULL, 170, 3),
(1723, 'en', 'default', '34343-variant-12-27', NULL, NULL, NULL, NULL, NULL, NULL, 170, 9),
(1724, 'fr', 'default', '34343-variant-12-27', NULL, NULL, NULL, NULL, NULL, NULL, 170, 9),
(1725, 'nl', 'default', '34343-variant-12-27', NULL, NULL, NULL, NULL, NULL, NULL, 170, 9),
(1726, 'tr', 'default', '34343-variant-12-27', NULL, NULL, NULL, NULL, NULL, NULL, 170, 9),
(1727, 'es', 'default', '34343-variant-12-27', NULL, NULL, NULL, NULL, NULL, NULL, 170, 9),
(1728, 'en', 'default', '34343-variant-12-27', NULL, NULL, NULL, NULL, NULL, NULL, 170, 10),
(1729, 'fr', 'default', '34343-variant-12-27', NULL, NULL, NULL, NULL, NULL, NULL, 170, 10),
(1730, 'nl', 'default', '34343-variant-12-27', NULL, NULL, NULL, NULL, NULL, NULL, 170, 10),
(1731, 'tr', 'default', '34343-variant-12-27', NULL, NULL, NULL, NULL, NULL, NULL, 170, 10),
(1732, 'es', 'default', '34343-variant-12-27', NULL, NULL, NULL, NULL, NULL, NULL, 170, 10),
(1733, NULL, NULL, NULL, NULL, NULL, '10.0000', NULL, NULL, NULL, 170, 11),
(1734, NULL, NULL, '0', NULL, NULL, NULL, NULL, NULL, NULL, 170, 22),
(1735, NULL, NULL, NULL, 1, NULL, NULL, NULL, NULL, NULL, 170, 8),
(1736, NULL, NULL, NULL, NULL, 12, NULL, NULL, NULL, NULL, 170, 30),
(1737, NULL, NULL, NULL, NULL, 27, NULL, NULL, NULL, NULL, 170, 33),
(1738, NULL, NULL, '34343-variant-12-28', NULL, NULL, NULL, NULL, NULL, NULL, 171, 1),
(1739, 'en', 'default', 'Aktar', NULL, NULL, NULL, NULL, NULL, NULL, 171, 2),
(1740, 'fr', 'default', '', NULL, NULL, NULL, NULL, NULL, NULL, 171, 2),
(1741, 'nl', 'default', '', NULL, NULL, NULL, NULL, NULL, NULL, 171, 2),
(1742, 'tr', 'default', '', NULL, NULL, NULL, NULL, NULL, NULL, 171, 2),
(1743, 'es', 'default', '', NULL, NULL, NULL, NULL, NULL, NULL, 171, 2),
(1744, NULL, NULL, '34343-variant-12-28', NULL, NULL, NULL, NULL, NULL, NULL, 171, 3),
(1745, 'en', 'default', '34343-variant-12-28', NULL, NULL, NULL, NULL, NULL, NULL, 171, 9),
(1746, 'fr', 'default', '34343-variant-12-28', NULL, NULL, NULL, NULL, NULL, NULL, 171, 9),
(1747, 'nl', 'default', '34343-variant-12-28', NULL, NULL, NULL, NULL, NULL, NULL, 171, 9),
(1748, 'tr', 'default', '34343-variant-12-28', NULL, NULL, NULL, NULL, NULL, NULL, 171, 9),
(1749, 'es', 'default', '34343-variant-12-28', NULL, NULL, NULL, NULL, NULL, NULL, 171, 9),
(1750, 'en', 'default', '34343-variant-12-28', NULL, NULL, NULL, NULL, NULL, NULL, 171, 10),
(1751, 'fr', 'default', '34343-variant-12-28', NULL, NULL, NULL, NULL, NULL, NULL, 171, 10),
(1752, 'nl', 'default', '34343-variant-12-28', NULL, NULL, NULL, NULL, NULL, NULL, 171, 10),
(1753, 'tr', 'default', '34343-variant-12-28', NULL, NULL, NULL, NULL, NULL, NULL, 171, 10),
(1754, 'es', 'default', '34343-variant-12-28', NULL, NULL, NULL, NULL, NULL, NULL, 171, 10),
(1755, NULL, NULL, NULL, NULL, NULL, '10.0000', NULL, NULL, NULL, 171, 11),
(1756, NULL, NULL, '0', NULL, NULL, NULL, NULL, NULL, NULL, 171, 22),
(1757, NULL, NULL, NULL, 1, NULL, NULL, NULL, NULL, NULL, 171, 8),
(1758, NULL, NULL, NULL, NULL, 12, NULL, NULL, NULL, NULL, 171, 30),
(1759, NULL, NULL, NULL, NULL, 28, NULL, NULL, NULL, NULL, 171, 33),
(1760, NULL, NULL, '34343-variant-12-29', NULL, NULL, NULL, NULL, NULL, NULL, 172, 1),
(1761, 'en', 'default', 'Aktar', NULL, NULL, NULL, NULL, NULL, NULL, 172, 2),
(1762, 'fr', 'default', '', NULL, NULL, NULL, NULL, NULL, NULL, 172, 2),
(1763, 'nl', 'default', '', NULL, NULL, NULL, NULL, NULL, NULL, 172, 2),
(1764, 'tr', 'default', '', NULL, NULL, NULL, NULL, NULL, NULL, 172, 2),
(1765, 'es', 'default', '', NULL, NULL, NULL, NULL, NULL, NULL, 172, 2),
(1766, NULL, NULL, '34343-variant-12-29', NULL, NULL, NULL, NULL, NULL, NULL, 172, 3),
(1767, 'en', 'default', '34343-variant-12-29', NULL, NULL, NULL, NULL, NULL, NULL, 172, 9),
(1768, 'fr', 'default', '34343-variant-12-29', NULL, NULL, NULL, NULL, NULL, NULL, 172, 9),
(1769, 'nl', 'default', '34343-variant-12-29', NULL, NULL, NULL, NULL, NULL, NULL, 172, 9),
(1770, 'tr', 'default', '34343-variant-12-29', NULL, NULL, NULL, NULL, NULL, NULL, 172, 9),
(1771, 'es', 'default', '34343-variant-12-29', NULL, NULL, NULL, NULL, NULL, NULL, 172, 9),
(1772, 'en', 'default', '34343-variant-12-29', NULL, NULL, NULL, NULL, NULL, NULL, 172, 10),
(1773, 'fr', 'default', '34343-variant-12-29', NULL, NULL, NULL, NULL, NULL, NULL, 172, 10),
(1774, 'nl', 'default', '34343-variant-12-29', NULL, NULL, NULL, NULL, NULL, NULL, 172, 10),
(1775, 'tr', 'default', '34343-variant-12-29', NULL, NULL, NULL, NULL, NULL, NULL, 172, 10),
(1776, 'es', 'default', '34343-variant-12-29', NULL, NULL, NULL, NULL, NULL, NULL, 172, 10),
(1777, NULL, NULL, NULL, NULL, NULL, '10.0000', NULL, NULL, NULL, 172, 11),
(1778, NULL, NULL, '0', NULL, NULL, NULL, NULL, NULL, NULL, 172, 22),
(1779, NULL, NULL, NULL, 1, NULL, NULL, NULL, NULL, NULL, 172, 8),
(1780, NULL, NULL, NULL, NULL, 12, NULL, NULL, NULL, NULL, 172, 30),
(1781, NULL, NULL, NULL, NULL, 29, NULL, NULL, NULL, NULL, 172, 33),
(1782, NULL, NULL, '34343-variant-13-27', NULL, NULL, NULL, NULL, NULL, NULL, 173, 1),
(1783, 'en', 'default', 'Aktar', NULL, NULL, NULL, NULL, NULL, NULL, 173, 2),
(1784, 'fr', 'default', '', NULL, NULL, NULL, NULL, NULL, NULL, 173, 2),
(1785, 'nl', 'default', '', NULL, NULL, NULL, NULL, NULL, NULL, 173, 2),
(1786, 'tr', 'default', '', NULL, NULL, NULL, NULL, NULL, NULL, 173, 2),
(1787, 'es', 'default', '', NULL, NULL, NULL, NULL, NULL, NULL, 173, 2),
(1788, NULL, NULL, '34343-variant-13-27', NULL, NULL, NULL, NULL, NULL, NULL, 173, 3),
(1789, 'en', 'default', '34343-variant-13-27', NULL, NULL, NULL, NULL, NULL, NULL, 173, 9),
(1790, 'fr', 'default', '34343-variant-13-27', NULL, NULL, NULL, NULL, NULL, NULL, 173, 9),
(1791, 'nl', 'default', '34343-variant-13-27', NULL, NULL, NULL, NULL, NULL, NULL, 173, 9),
(1792, 'tr', 'default', '34343-variant-13-27', NULL, NULL, NULL, NULL, NULL, NULL, 173, 9),
(1793, 'es', 'default', '34343-variant-13-27', NULL, NULL, NULL, NULL, NULL, NULL, 173, 9),
(1794, 'en', 'default', '34343-variant-13-27', NULL, NULL, NULL, NULL, NULL, NULL, 173, 10),
(1795, 'fr', 'default', '34343-variant-13-27', NULL, NULL, NULL, NULL, NULL, NULL, 173, 10),
(1796, 'nl', 'default', '34343-variant-13-27', NULL, NULL, NULL, NULL, NULL, NULL, 173, 10),
(1797, 'tr', 'default', '34343-variant-13-27', NULL, NULL, NULL, NULL, NULL, NULL, 173, 10),
(1798, 'es', 'default', '34343-variant-13-27', NULL, NULL, NULL, NULL, NULL, NULL, 173, 10),
(1799, NULL, NULL, NULL, NULL, NULL, '10.0000', NULL, NULL, NULL, 173, 11),
(1800, NULL, NULL, '0', NULL, NULL, NULL, NULL, NULL, NULL, 173, 22),
(1801, NULL, NULL, NULL, 1, NULL, NULL, NULL, NULL, NULL, 173, 8),
(1802, NULL, NULL, NULL, NULL, 13, NULL, NULL, NULL, NULL, 173, 30),
(1803, NULL, NULL, NULL, NULL, 27, NULL, NULL, NULL, NULL, 173, 33),
(1804, NULL, NULL, '34343-variant-13-28', NULL, NULL, NULL, NULL, NULL, NULL, 174, 1),
(1805, 'en', 'default', 'Aktar', NULL, NULL, NULL, NULL, NULL, NULL, 174, 2),
(1806, 'fr', 'default', '', NULL, NULL, NULL, NULL, NULL, NULL, 174, 2),
(1807, 'nl', 'default', '', NULL, NULL, NULL, NULL, NULL, NULL, 174, 2),
(1808, 'tr', 'default', '', NULL, NULL, NULL, NULL, NULL, NULL, 174, 2),
(1809, 'es', 'default', '', NULL, NULL, NULL, NULL, NULL, NULL, 174, 2),
(1810, NULL, NULL, '34343-variant-13-28', NULL, NULL, NULL, NULL, NULL, NULL, 174, 3),
(1811, 'en', 'default', '34343-variant-13-28', NULL, NULL, NULL, NULL, NULL, NULL, 174, 9),
(1812, 'fr', 'default', '34343-variant-13-28', NULL, NULL, NULL, NULL, NULL, NULL, 174, 9),
(1813, 'nl', 'default', '34343-variant-13-28', NULL, NULL, NULL, NULL, NULL, NULL, 174, 9),
(1814, 'tr', 'default', '34343-variant-13-28', NULL, NULL, NULL, NULL, NULL, NULL, 174, 9),
(1815, 'es', 'default', '34343-variant-13-28', NULL, NULL, NULL, NULL, NULL, NULL, 174, 9),
(1816, 'en', 'default', '34343-variant-13-28', NULL, NULL, NULL, NULL, NULL, NULL, 174, 10),
(1817, 'fr', 'default', '34343-variant-13-28', NULL, NULL, NULL, NULL, NULL, NULL, 174, 10),
(1818, 'nl', 'default', '34343-variant-13-28', NULL, NULL, NULL, NULL, NULL, NULL, 174, 10),
(1819, 'tr', 'default', '34343-variant-13-28', NULL, NULL, NULL, NULL, NULL, NULL, 174, 10),
(1820, 'es', 'default', '34343-variant-13-28', NULL, NULL, NULL, NULL, NULL, NULL, 174, 10),
(1821, NULL, NULL, NULL, NULL, NULL, '10.0000', NULL, NULL, NULL, 174, 11),
(1822, NULL, NULL, '0', NULL, NULL, NULL, NULL, NULL, NULL, 174, 22),
(1823, NULL, NULL, NULL, 1, NULL, NULL, NULL, NULL, NULL, 174, 8),
(1824, NULL, NULL, NULL, NULL, 13, NULL, NULL, NULL, NULL, 174, 30),
(1825, NULL, NULL, NULL, NULL, 28, NULL, NULL, NULL, NULL, 174, 33),
(1826, NULL, NULL, '34343-variant-13-29', NULL, NULL, NULL, NULL, NULL, NULL, 175, 1),
(1827, 'en', 'default', 'Aktar', NULL, NULL, NULL, NULL, NULL, NULL, 175, 2),
(1828, 'fr', 'default', '', NULL, NULL, NULL, NULL, NULL, NULL, 175, 2),
(1829, 'nl', 'default', '', NULL, NULL, NULL, NULL, NULL, NULL, 175, 2),
(1830, 'tr', 'default', '', NULL, NULL, NULL, NULL, NULL, NULL, 175, 2),
(1831, 'es', 'default', '', NULL, NULL, NULL, NULL, NULL, NULL, 175, 2),
(1832, NULL, NULL, '34343-variant-13-29', NULL, NULL, NULL, NULL, NULL, NULL, 175, 3),
(1833, 'en', 'default', '34343-variant-13-29', NULL, NULL, NULL, NULL, NULL, NULL, 175, 9),
(1834, 'fr', 'default', '34343-variant-13-29', NULL, NULL, NULL, NULL, NULL, NULL, 175, 9),
(1835, 'nl', 'default', '34343-variant-13-29', NULL, NULL, NULL, NULL, NULL, NULL, 175, 9),
(1836, 'tr', 'default', '34343-variant-13-29', NULL, NULL, NULL, NULL, NULL, NULL, 175, 9),
(1837, 'es', 'default', '34343-variant-13-29', NULL, NULL, NULL, NULL, NULL, NULL, 175, 9),
(1838, 'en', 'default', '34343-variant-13-29', NULL, NULL, NULL, NULL, NULL, NULL, 175, 10),
(1839, 'fr', 'default', '34343-variant-13-29', NULL, NULL, NULL, NULL, NULL, NULL, 175, 10),
(1840, 'nl', 'default', '34343-variant-13-29', NULL, NULL, NULL, NULL, NULL, NULL, 175, 10),
(1841, 'tr', 'default', '34343-variant-13-29', NULL, NULL, NULL, NULL, NULL, NULL, 175, 10),
(1842, 'es', 'default', '34343-variant-13-29', NULL, NULL, NULL, NULL, NULL, NULL, 175, 10),
(1843, NULL, NULL, NULL, NULL, NULL, '10.0000', NULL, NULL, NULL, 175, 11),
(1844, NULL, NULL, '0', NULL, NULL, NULL, NULL, NULL, NULL, 175, 22),
(1845, NULL, NULL, NULL, 1, NULL, NULL, NULL, NULL, NULL, 175, 8),
(1846, NULL, NULL, NULL, NULL, 13, NULL, NULL, NULL, NULL, 175, 30),
(1847, NULL, NULL, NULL, NULL, 29, NULL, NULL, NULL, NULL, 175, 33),
(1848, NULL, NULL, '34343-variant-14-27', NULL, NULL, NULL, NULL, NULL, NULL, 176, 1),
(1849, 'en', 'default', 'Aktar', NULL, NULL, NULL, NULL, NULL, NULL, 176, 2),
(1850, 'fr', 'default', '', NULL, NULL, NULL, NULL, NULL, NULL, 176, 2),
(1851, 'nl', 'default', '', NULL, NULL, NULL, NULL, NULL, NULL, 176, 2),
(1852, 'tr', 'default', '', NULL, NULL, NULL, NULL, NULL, NULL, 176, 2),
(1853, 'es', 'default', '', NULL, NULL, NULL, NULL, NULL, NULL, 176, 2),
(1854, NULL, NULL, '34343-variant-14-27', NULL, NULL, NULL, NULL, NULL, NULL, 176, 3),
(1855, 'en', 'default', '34343-variant-14-27', NULL, NULL, NULL, NULL, NULL, NULL, 176, 9),
(1856, 'fr', 'default', '34343-variant-14-27', NULL, NULL, NULL, NULL, NULL, NULL, 176, 9),
(1857, 'nl', 'default', '34343-variant-14-27', NULL, NULL, NULL, NULL, NULL, NULL, 176, 9),
(1858, 'tr', 'default', '34343-variant-14-27', NULL, NULL, NULL, NULL, NULL, NULL, 176, 9),
(1859, 'es', 'default', '34343-variant-14-27', NULL, NULL, NULL, NULL, NULL, NULL, 176, 9),
(1860, 'en', 'default', '34343-variant-14-27', NULL, NULL, NULL, NULL, NULL, NULL, 176, 10),
(1861, 'fr', 'default', '34343-variant-14-27', NULL, NULL, NULL, NULL, NULL, NULL, 176, 10),
(1862, 'nl', 'default', '34343-variant-14-27', NULL, NULL, NULL, NULL, NULL, NULL, 176, 10),
(1863, 'tr', 'default', '34343-variant-14-27', NULL, NULL, NULL, NULL, NULL, NULL, 176, 10),
(1864, 'es', 'default', '34343-variant-14-27', NULL, NULL, NULL, NULL, NULL, NULL, 176, 10),
(1865, NULL, NULL, NULL, NULL, NULL, '10.0000', NULL, NULL, NULL, 176, 11),
(1866, NULL, NULL, '0', NULL, NULL, NULL, NULL, NULL, NULL, 176, 22),
(1867, NULL, NULL, NULL, 1, NULL, NULL, NULL, NULL, NULL, 176, 8),
(1868, NULL, NULL, NULL, NULL, 14, NULL, NULL, NULL, NULL, 176, 30),
(1869, NULL, NULL, NULL, NULL, 27, NULL, NULL, NULL, NULL, 176, 33),
(1870, NULL, NULL, '34343-variant-14-28', NULL, NULL, NULL, NULL, NULL, NULL, 177, 1),
(1871, 'en', 'default', 'Aktar', NULL, NULL, NULL, NULL, NULL, NULL, 177, 2),
(1872, 'fr', 'default', '', NULL, NULL, NULL, NULL, NULL, NULL, 177, 2),
(1873, 'nl', 'default', '', NULL, NULL, NULL, NULL, NULL, NULL, 177, 2),
(1874, 'tr', 'default', '', NULL, NULL, NULL, NULL, NULL, NULL, 177, 2),
(1875, 'es', 'default', '', NULL, NULL, NULL, NULL, NULL, NULL, 177, 2),
(1876, NULL, NULL, '34343-variant-14-28', NULL, NULL, NULL, NULL, NULL, NULL, 177, 3),
(1877, 'en', 'default', '<p>34343-variant-14-28</p>', NULL, NULL, NULL, NULL, NULL, NULL, 177, 9),
(1878, 'fr', 'default', '34343-variant-14-28', NULL, NULL, NULL, NULL, NULL, NULL, 177, 9),
(1879, 'nl', 'default', '34343-variant-14-28', NULL, NULL, NULL, NULL, NULL, NULL, 177, 9),
(1880, 'tr', 'default', '34343-variant-14-28', NULL, NULL, NULL, NULL, NULL, NULL, 177, 9),
(1881, 'es', 'default', '34343-variant-14-28', NULL, NULL, NULL, NULL, NULL, NULL, 177, 9),
(1882, 'en', 'default', '<p>34343-variant-14-28</p>', NULL, NULL, NULL, NULL, NULL, NULL, 177, 10),
(1883, 'fr', 'default', '34343-variant-14-28', NULL, NULL, NULL, NULL, NULL, NULL, 177, 10),
(1884, 'nl', 'default', '34343-variant-14-28', NULL, NULL, NULL, NULL, NULL, NULL, 177, 10),
(1885, 'tr', 'default', '34343-variant-14-28', NULL, NULL, NULL, NULL, NULL, NULL, 177, 10),
(1886, 'es', 'default', '34343-variant-14-28', NULL, NULL, NULL, NULL, NULL, NULL, 177, 10),
(1887, NULL, NULL, NULL, NULL, NULL, '10.0000', NULL, NULL, NULL, 177, 11),
(1888, NULL, NULL, '0', NULL, NULL, NULL, NULL, NULL, NULL, 177, 22),
(1889, NULL, NULL, NULL, 1, NULL, NULL, NULL, NULL, NULL, 177, 8),
(1890, NULL, NULL, NULL, NULL, 14, NULL, NULL, NULL, NULL, 177, 30),
(1891, NULL, NULL, NULL, NULL, 28, NULL, NULL, NULL, NULL, 177, 33);
INSERT INTO `product_attribute_values` (`id`, `locale`, `channel`, `text_value`, `boolean_value`, `integer_value`, `float_value`, `datetime_value`, `date_value`, `json_value`, `product_id`, `attribute_id`) VALUES
(1892, NULL, NULL, '34343-variant-14-29', NULL, NULL, NULL, NULL, NULL, NULL, 178, 1),
(1893, 'en', 'default', 'Aktar', NULL, NULL, NULL, NULL, NULL, NULL, 178, 2),
(1894, 'fr', 'default', '', NULL, NULL, NULL, NULL, NULL, NULL, 178, 2),
(1895, 'nl', 'default', '', NULL, NULL, NULL, NULL, NULL, NULL, 178, 2),
(1896, 'tr', 'default', '', NULL, NULL, NULL, NULL, NULL, NULL, 178, 2),
(1897, 'es', 'default', '', NULL, NULL, NULL, NULL, NULL, NULL, 178, 2),
(1898, NULL, NULL, '34343-variant-14-29', NULL, NULL, NULL, NULL, NULL, NULL, 178, 3),
(1899, 'en', 'default', '34343-variant-14-29', NULL, NULL, NULL, NULL, NULL, NULL, 178, 9),
(1900, 'fr', 'default', '34343-variant-14-29', NULL, NULL, NULL, NULL, NULL, NULL, 178, 9),
(1901, 'nl', 'default', '34343-variant-14-29', NULL, NULL, NULL, NULL, NULL, NULL, 178, 9),
(1902, 'tr', 'default', '34343-variant-14-29', NULL, NULL, NULL, NULL, NULL, NULL, 178, 9),
(1903, 'es', 'default', '34343-variant-14-29', NULL, NULL, NULL, NULL, NULL, NULL, 178, 9),
(1904, 'en', 'default', '34343-variant-14-29', NULL, NULL, NULL, NULL, NULL, NULL, 178, 10),
(1905, 'fr', 'default', '34343-variant-14-29', NULL, NULL, NULL, NULL, NULL, NULL, 178, 10),
(1906, 'nl', 'default', '34343-variant-14-29', NULL, NULL, NULL, NULL, NULL, NULL, 178, 10),
(1907, 'tr', 'default', '34343-variant-14-29', NULL, NULL, NULL, NULL, NULL, NULL, 178, 10),
(1908, 'es', 'default', '34343-variant-14-29', NULL, NULL, NULL, NULL, NULL, NULL, 178, 10),
(1909, NULL, NULL, NULL, NULL, NULL, '10.0000', NULL, NULL, NULL, 178, 11),
(1910, NULL, NULL, '0', NULL, NULL, NULL, NULL, NULL, NULL, 178, 22),
(1911, NULL, NULL, NULL, 1, NULL, NULL, NULL, NULL, NULL, 178, 8),
(1912, NULL, NULL, NULL, NULL, 14, NULL, NULL, NULL, NULL, 178, 30),
(1913, NULL, NULL, NULL, NULL, 29, NULL, NULL, NULL, NULL, 178, 33),
(1914, 'en', 'default', '<p>Aktar</p>', NULL, NULL, NULL, NULL, NULL, NULL, 166, 9),
(1915, 'en', 'default', '<p>Aktar</p>', NULL, NULL, NULL, NULL, NULL, NULL, 166, 10),
(1916, NULL, NULL, '34343', NULL, NULL, NULL, NULL, NULL, NULL, 166, 1),
(1917, 'en', 'default', 'Akter Test', NULL, NULL, NULL, NULL, NULL, NULL, 166, 2),
(1918, NULL, NULL, 'akter-test', NULL, NULL, NULL, NULL, NULL, NULL, 166, 3),
(1919, NULL, 'default', NULL, NULL, 0, NULL, NULL, NULL, NULL, 166, 4),
(1920, NULL, NULL, NULL, 1, NULL, NULL, NULL, NULL, NULL, 166, 5),
(1921, NULL, NULL, NULL, 1, NULL, NULL, NULL, NULL, NULL, 166, 6),
(1922, NULL, NULL, NULL, 1, NULL, NULL, NULL, NULL, NULL, 166, 7),
(1923, NULL, NULL, NULL, 1, NULL, NULL, NULL, NULL, NULL, 166, 8),
(1924, NULL, NULL, NULL, NULL, 7, NULL, NULL, NULL, NULL, 166, 24),
(1925, NULL, NULL, NULL, 1, NULL, NULL, NULL, NULL, NULL, 166, 26),
(1926, NULL, NULL, '56', NULL, NULL, NULL, NULL, NULL, NULL, 166, 27),
(1927, 'en', 'default', '', NULL, NULL, NULL, NULL, NULL, NULL, 166, 16),
(1928, 'en', 'default', '', NULL, NULL, NULL, NULL, NULL, NULL, 166, 17),
(1929, 'en', 'default', '', NULL, NULL, NULL, NULL, NULL, NULL, 166, 18),
(1930, NULL, 'default', NULL, NULL, 0, NULL, NULL, NULL, NULL, 177, 4),
(1931, NULL, NULL, NULL, 0, NULL, NULL, NULL, NULL, NULL, 177, 5),
(1932, NULL, NULL, NULL, 0, NULL, NULL, NULL, NULL, NULL, 177, 6),
(1933, NULL, NULL, NULL, 0, NULL, NULL, NULL, NULL, NULL, 177, 7),
(1934, NULL, NULL, NULL, NULL, 6, NULL, NULL, NULL, NULL, 177, 24),
(1935, NULL, NULL, NULL, 0, NULL, NULL, NULL, NULL, NULL, 177, 26),
(1936, NULL, NULL, '', NULL, NULL, NULL, NULL, NULL, NULL, 177, 27),
(1937, 'en', 'default', '', NULL, NULL, NULL, NULL, NULL, NULL, 177, 16),
(1938, 'en', 'default', '', NULL, NULL, NULL, NULL, NULL, NULL, 177, 17),
(1939, 'en', 'default', '', NULL, NULL, NULL, NULL, NULL, NULL, 177, 18),
(1940, NULL, 'default', NULL, NULL, NULL, NULL, NULL, NULL, NULL, 177, 12),
(1941, NULL, NULL, NULL, NULL, NULL, NULL, NULL, NULL, NULL, 177, 13),
(1942, NULL, 'default', NULL, NULL, NULL, NULL, NULL, NULL, NULL, 177, 14),
(1943, NULL, 'default', NULL, NULL, NULL, NULL, NULL, NULL, NULL, 177, 15),
(1944, NULL, NULL, '', NULL, NULL, NULL, NULL, NULL, NULL, 177, 19),
(1945, NULL, NULL, '', NULL, NULL, NULL, NULL, NULL, NULL, 177, 20),
(1946, NULL, NULL, '', NULL, NULL, NULL, NULL, NULL, NULL, 177, 21);

-- --------------------------------------------------------

--
-- Table structure for table `product_bundle_options`
--

CREATE TABLE `product_bundle_options` (
  `id` int UNSIGNED NOT NULL,
  `type` varchar(191) CHARACTER SET utf8 COLLATE utf8_unicode_ci NOT NULL,
  `is_required` tinyint(1) NOT NULL DEFAULT '1',
  `sort_order` int NOT NULL DEFAULT '0',
  `product_id` int UNSIGNED NOT NULL
) ENGINE=InnoDB DEFAULT CHARSET=utf8mb3 COLLATE=utf8_unicode_ci ROW_FORMAT=DYNAMIC;

-- --------------------------------------------------------

--
-- Table structure for table `product_bundle_option_products`
--

CREATE TABLE `product_bundle_option_products` (
  `id` int UNSIGNED NOT NULL,
  `qty` int NOT NULL DEFAULT '0',
  `is_user_defined` tinyint(1) NOT NULL DEFAULT '1',
  `is_default` tinyint(1) NOT NULL DEFAULT '0',
  `sort_order` int NOT NULL DEFAULT '0',
  `product_bundle_option_id` int UNSIGNED NOT NULL,
  `product_id` int UNSIGNED NOT NULL
) ENGINE=InnoDB DEFAULT CHARSET=utf8mb3 COLLATE=utf8_unicode_ci ROW_FORMAT=DYNAMIC;

-- --------------------------------------------------------

--
-- Table structure for table `product_bundle_option_translations`
--

CREATE TABLE `product_bundle_option_translations` (
  `id` int UNSIGNED NOT NULL,
  `locale` varchar(191) CHARACTER SET utf8 COLLATE utf8_unicode_ci NOT NULL,
  `label` text CHARACTER SET utf8 COLLATE utf8_unicode_ci,
  `product_bundle_option_id` int UNSIGNED NOT NULL
) ENGINE=InnoDB DEFAULT CHARSET=utf8mb3 COLLATE=utf8_unicode_ci ROW_FORMAT=DYNAMIC;

-- --------------------------------------------------------

--
-- Table structure for table `product_categories`
--

CREATE TABLE `product_categories` (
  `product_id` int UNSIGNED NOT NULL,
  `category_id` int UNSIGNED NOT NULL
) ENGINE=InnoDB DEFAULT CHARSET=utf8mb3 COLLATE=utf8_unicode_ci ROW_FORMAT=DYNAMIC;

--
-- Dumping data for table `product_categories`
--

INSERT INTO `product_categories` (`product_id`, `category_id`) VALUES
(132, 1),
(133, 1),
(134, 1),
(135, 1),
(153, 1),
(166, 1),
(153, 9),
(153, 10),
(153, 11),
(153, 12),
(153, 13),
(135, 9),
(135, 10),
(135, 11),
(135, 12),
(135, 13),
(134, 9),
(134, 10),
(134, 11),
(134, 12),
(134, 13),
(133, 9),
(133, 10),
(133, 11),
(133, 12),
(133, 13),
(132, 9),
(132, 10),
(132, 11),
(132, 12),
(132, 13);

-- --------------------------------------------------------

--
-- Table structure for table `product_cross_sells`
--

CREATE TABLE `product_cross_sells` (
  `parent_id` int UNSIGNED NOT NULL,
  `child_id` int UNSIGNED NOT NULL
) ENGINE=InnoDB DEFAULT CHARSET=utf8mb3 COLLATE=utf8_unicode_ci ROW_FORMAT=DYNAMIC;

-- --------------------------------------------------------

--
-- Table structure for table `product_customer_group_prices`
--

CREATE TABLE `product_customer_group_prices` (
  `id` bigint UNSIGNED NOT NULL,
  `qty` int NOT NULL DEFAULT '0',
  `value_type` varchar(191) CHARACTER SET utf8 COLLATE utf8_unicode_ci NOT NULL,
  `value` decimal(12,4) NOT NULL DEFAULT '0.0000',
  `product_id` int UNSIGNED NOT NULL,
  `customer_group_id` int UNSIGNED DEFAULT NULL,
  `created_at` timestamp NULL DEFAULT NULL,
  `updated_at` timestamp NULL DEFAULT NULL
) ENGINE=InnoDB DEFAULT CHARSET=utf8mb3 COLLATE=utf8_unicode_ci ROW_FORMAT=DYNAMIC;

-- --------------------------------------------------------

--
-- Table structure for table `product_downloadable_links`
--

CREATE TABLE `product_downloadable_links` (
  `id` int UNSIGNED NOT NULL,
  `url` varchar(191) CHARACTER SET utf8 COLLATE utf8_unicode_ci DEFAULT NULL,
  `file` varchar(191) CHARACTER SET utf8 COLLATE utf8_unicode_ci DEFAULT NULL,
  `file_name` varchar(191) CHARACTER SET utf8 COLLATE utf8_unicode_ci DEFAULT NULL,
  `type` varchar(191) CHARACTER SET utf8 COLLATE utf8_unicode_ci NOT NULL,
  `price` decimal(12,4) NOT NULL DEFAULT '0.0000',
  `sample_url` varchar(191) CHARACTER SET utf8 COLLATE utf8_unicode_ci DEFAULT NULL,
  `sample_file` varchar(191) CHARACTER SET utf8 COLLATE utf8_unicode_ci DEFAULT NULL,
  `sample_file_name` varchar(191) CHARACTER SET utf8 COLLATE utf8_unicode_ci DEFAULT NULL,
  `sample_type` varchar(191) CHARACTER SET utf8 COLLATE utf8_unicode_ci DEFAULT NULL,
  `downloads` int NOT NULL DEFAULT '0',
  `sort_order` int DEFAULT NULL,
  `product_id` int UNSIGNED NOT NULL,
  `created_at` timestamp NULL DEFAULT NULL,
  `updated_at` timestamp NULL DEFAULT NULL
) ENGINE=InnoDB DEFAULT CHARSET=utf8mb3 COLLATE=utf8_unicode_ci ROW_FORMAT=DYNAMIC;

-- --------------------------------------------------------

--
-- Table structure for table `product_downloadable_link_translations`
--

CREATE TABLE `product_downloadable_link_translations` (
  `id` int UNSIGNED NOT NULL,
  `locale` varchar(191) CHARACTER SET utf8 COLLATE utf8_unicode_ci NOT NULL,
  `title` text CHARACTER SET utf8 COLLATE utf8_unicode_ci,
  `product_downloadable_link_id` int UNSIGNED NOT NULL
) ENGINE=InnoDB DEFAULT CHARSET=utf8mb3 COLLATE=utf8_unicode_ci ROW_FORMAT=DYNAMIC;

-- --------------------------------------------------------

--
-- Table structure for table `product_downloadable_samples`
--

CREATE TABLE `product_downloadable_samples` (
  `id` int UNSIGNED NOT NULL,
  `url` varchar(191) CHARACTER SET utf8 COLLATE utf8_unicode_ci DEFAULT NULL,
  `file` varchar(191) CHARACTER SET utf8 COLLATE utf8_unicode_ci DEFAULT NULL,
  `file_name` varchar(191) CHARACTER SET utf8 COLLATE utf8_unicode_ci DEFAULT NULL,
  `type` varchar(191) CHARACTER SET utf8 COLLATE utf8_unicode_ci NOT NULL,
  `sort_order` int DEFAULT NULL,
  `product_id` int UNSIGNED NOT NULL,
  `created_at` timestamp NULL DEFAULT NULL,
  `updated_at` timestamp NULL DEFAULT NULL
) ENGINE=InnoDB DEFAULT CHARSET=utf8mb3 COLLATE=utf8_unicode_ci ROW_FORMAT=DYNAMIC;

-- --------------------------------------------------------

--
-- Table structure for table `product_downloadable_sample_translations`
--

CREATE TABLE `product_downloadable_sample_translations` (
  `id` int UNSIGNED NOT NULL,
  `locale` varchar(191) CHARACTER SET utf8 COLLATE utf8_unicode_ci NOT NULL,
  `title` text CHARACTER SET utf8 COLLATE utf8_unicode_ci,
  `product_downloadable_sample_id` int UNSIGNED NOT NULL
) ENGINE=InnoDB DEFAULT CHARSET=utf8mb3 COLLATE=utf8_unicode_ci ROW_FORMAT=DYNAMIC;

-- --------------------------------------------------------

--
-- Table structure for table `product_flat`
--

CREATE TABLE `product_flat` (
  `id` int UNSIGNED NOT NULL,
  `sku` varchar(191) CHARACTER SET utf8 COLLATE utf8_unicode_ci NOT NULL,
  `product_number` varchar(191) CHARACTER SET utf8 COLLATE utf8_unicode_ci DEFAULT NULL,
  `name` varchar(191) CHARACTER SET utf8 COLLATE utf8_unicode_ci DEFAULT NULL,
  `description` text CHARACTER SET utf8 COLLATE utf8_unicode_ci,
  `url_key` varchar(191) CHARACTER SET utf8 COLLATE utf8_unicode_ci DEFAULT NULL,
  `new` tinyint(1) DEFAULT NULL,
  `featured` tinyint(1) DEFAULT NULL,
  `status` tinyint(1) DEFAULT NULL,
  `thumbnail` varchar(191) CHARACTER SET utf8 COLLATE utf8_unicode_ci DEFAULT NULL,
  `price` decimal(12,4) DEFAULT NULL,
  `cost` decimal(12,4) DEFAULT NULL,
  `special_price` decimal(12,4) DEFAULT NULL,
  `special_price_from` date DEFAULT NULL,
  `special_price_to` date DEFAULT NULL,
  `weight` decimal(12,4) DEFAULT NULL,
  `size` int DEFAULT NULL,
  `size_label` varchar(191) CHARACTER SET utf8 COLLATE utf8_unicode_ci DEFAULT NULL,
  `created_at` datetime DEFAULT NULL,
  `locale` varchar(191) CHARACTER SET utf8 COLLATE utf8_unicode_ci DEFAULT NULL,
  `channel` varchar(191) CHARACTER SET utf8 COLLATE utf8_unicode_ci DEFAULT NULL,
  `product_id` int UNSIGNED NOT NULL,
  `updated_at` datetime DEFAULT NULL,
  `parent_id` int UNSIGNED DEFAULT NULL,
  `visible_individually` tinyint(1) DEFAULT NULL,
  `min_price` decimal(12,4) DEFAULT NULL,
  `max_price` decimal(12,4) DEFAULT NULL,
  `short_description` text CHARACTER SET utf8 COLLATE utf8_unicode_ci,
  `meta_title` text CHARACTER SET utf8 COLLATE utf8_unicode_ci,
  `meta_keywords` text CHARACTER SET utf8 COLLATE utf8_unicode_ci,
  `meta_description` text CHARACTER SET utf8 COLLATE utf8_unicode_ci,
  `width` decimal(12,4) DEFAULT NULL,
  `height` decimal(12,4) DEFAULT NULL,
  `depth` decimal(12,4) DEFAULT NULL
) ENGINE=InnoDB DEFAULT CHARSET=utf8mb3 COLLATE=utf8_unicode_ci ROW_FORMAT=DYNAMIC;

--
-- Dumping data for table `product_flat`
--

INSERT INTO `product_flat` (`id`, `sku`, `product_number`, `name`, `description`, `url_key`, `new`, `featured`, `status`, `thumbnail`, `price`, `cost`, `special_price`, `special_price_from`, `special_price_to`, `weight`, `size`, `size_label`, `created_at`, `locale`, `channel`, `product_id`, `updated_at`, `parent_id`, `visible_individually`, `min_price`, `max_price`, `short_description`, `meta_title`, `meta_keywords`, `meta_description`, `width`, `height`, `depth`) VALUES
(42, '9999', '22', 'Toy', '<p>Alhamduillha</p>', 'toy', 1, 1, 1, NULL, '1000.0000', NULL, NULL, NULL, NULL, '12.0000', 7, '2 to 4 years', '2021-12-02 14:30:18', 'en', 'default', 132, '2021-12-02 14:30:18', NULL, 1, '1000.0000', '1000.0000', '<p>Alhamduillha</p>', '', '', '', '0.0000', '0.0000', NULL),
(43, '3329', '77', 'High Speed Magic Toy', '<p>Nice to</p>', 'high-speed-magic-toy', 1, 1, 1, NULL, '1088.0000', NULL, NULL, NULL, NULL, '34.0000', 9, '6 to 8 years', '2021-12-02 14:43:52', 'en', 'default', 133, '2021-12-02 14:47:19', NULL, 1, '1088.0000', '1088.0000', '<p>Nice to</p>', '', '', '', '0.0000', '0.0000', NULL),
(44, '452', '33', 'Sprit Toy', '<p>Alhamduillha</p>', 'sprit-toy', 1, 1, 1, NULL, '1085.0000', NULL, NULL, NULL, NULL, '22.0000', 8, '4 to 6 years', '2021-12-02 14:48:02', 'en', 'default', 134, '2021-12-02 14:48:02', NULL, 1, '1085.0000', '1085.0000', '<p>Alhamduillha</p>', '', '', '', '0.0000', '0.0000', NULL),
(45, '665', '66', 'Nice toy', '<p>Alhamduillha Nice</p>', 'nice-toy', 1, 1, 1, NULL, '500.0000', NULL, NULL, NULL, NULL, '44.0000', 7, '2 to 4 years', '2021-12-02 14:50:09', 'en', 'default', 135, '2021-12-02 14:50:09', NULL, 1, '500.0000', '500.0000', '<p>Alhamduillha Nice</p>', '', '', '', '0.0000', '0.0000', NULL),
(63, '12380', '99', 'Configrable Product', '<p>sdfgj</p>', 'configrable-product', 1, 1, 1, NULL, NULL, NULL, NULL, NULL, NULL, NULL, 6, '0 to 2 years', '2021-12-02 15:29:29', 'en', 'default', 153, '2021-12-02 15:33:50', NULL, 1, '7.0000', '10.0000', '<p>Ndefgfh</p>', '', '', '', NULL, NULL, NULL),
(64, '12380-variant-12-26', NULL, 'Configrable Product', NULL, NULL, NULL, NULL, 1, NULL, '10.0000', NULL, NULL, NULL, NULL, '0.0000', NULL, NULL, '2021-12-02 15:29:29', 'en', 'default', 154, '2021-12-02 15:29:29', 63, NULL, '10.0000', '10.0000', NULL, NULL, NULL, NULL, NULL, NULL, NULL),
(65, '12380-variant-13-26', NULL, 'Configrable Product', NULL, NULL, NULL, NULL, 1, NULL, '10.0000', NULL, NULL, NULL, NULL, '0.0000', NULL, NULL, '2021-12-02 15:29:33', 'en', 'default', 155, '2021-12-02 15:29:33', 63, NULL, '10.0000', '10.0000', NULL, NULL, NULL, NULL, NULL, NULL, NULL),
(66, '12380-variant-14-26', NULL, 'Configrable Product', NULL, NULL, NULL, NULL, 1, NULL, '10.0000', NULL, NULL, NULL, NULL, '0.0000', NULL, NULL, '2021-12-02 15:29:36', 'en', 'default', 156, '2021-12-02 15:29:36', 63, NULL, '10.0000', '10.0000', NULL, NULL, NULL, NULL, NULL, NULL, NULL),
(67, '12380-variant-12-27', NULL, 'Configrable Product', NULL, NULL, NULL, NULL, 1, NULL, '10.0000', NULL, NULL, NULL, NULL, '0.0000', NULL, NULL, '2021-12-02 15:29:40', 'en', 'default', 157, '2021-12-02 15:29:40', 63, NULL, '10.0000', '10.0000', NULL, NULL, NULL, NULL, NULL, NULL, NULL),
(68, '12380-variant-12-28', NULL, 'Configrable Product', NULL, NULL, NULL, NULL, 1, NULL, '7.0000', NULL, NULL, NULL, NULL, '0.0000', NULL, NULL, '2021-12-02 15:29:43', 'en', 'default', 158, '2021-12-02 15:29:43', 63, NULL, '7.0000', '7.0000', NULL, NULL, NULL, NULL, NULL, NULL, NULL),
(69, '12380-variant-12-29', NULL, 'Configrable Product', NULL, NULL, NULL, NULL, 1, NULL, '10.0000', NULL, NULL, NULL, NULL, '0.0000', NULL, NULL, '2021-12-02 15:29:47', 'en', 'default', 159, '2021-12-02 15:29:47', 63, NULL, '10.0000', '10.0000', NULL, NULL, NULL, NULL, NULL, NULL, NULL),
(70, '12380-variant-13-27', NULL, 'Configrable Product', NULL, NULL, NULL, NULL, 1, NULL, '10.0000', NULL, NULL, NULL, NULL, '0.0000', NULL, NULL, '2021-12-02 15:29:50', 'en', 'default', 160, '2021-12-02 15:29:50', 63, NULL, '10.0000', '10.0000', NULL, NULL, NULL, NULL, NULL, NULL, NULL),
(71, '12380-variant-13-28', NULL, 'Configrable Product', NULL, NULL, NULL, NULL, 1, NULL, '10.0000', NULL, NULL, NULL, NULL, '0.0000', NULL, NULL, '2021-12-02 15:29:53', 'en', 'default', 161, '2021-12-02 15:29:53', 63, NULL, '10.0000', '10.0000', NULL, NULL, NULL, NULL, NULL, NULL, NULL),
(72, '12380-variant-13-29', NULL, 'Configrable Product', NULL, NULL, NULL, NULL, 1, NULL, '10.0000', NULL, NULL, NULL, NULL, '0.0000', NULL, NULL, '2021-12-02 15:29:57', 'en', 'default', 162, '2021-12-02 15:29:57', 63, NULL, '10.0000', '10.0000', NULL, NULL, NULL, NULL, NULL, NULL, NULL),
(73, '12380-variant-14-27', NULL, 'Configrable Product', NULL, NULL, NULL, NULL, 1, NULL, '10.0000', NULL, NULL, NULL, NULL, '0.0000', NULL, NULL, '2021-12-02 15:30:00', 'en', 'default', 163, '2021-12-02 15:30:00', 63, NULL, '10.0000', '10.0000', NULL, NULL, NULL, NULL, NULL, NULL, NULL),
(74, '12380-variant-14-28', NULL, 'Configrable Product', NULL, NULL, NULL, NULL, 1, NULL, '10.0000', NULL, NULL, NULL, NULL, '0.0000', NULL, NULL, '2021-12-02 15:30:04', 'en', 'default', 164, '2021-12-02 15:30:04', 63, NULL, '10.0000', '10.0000', NULL, NULL, NULL, NULL, NULL, NULL, NULL),
(75, '12380-variant-14-29', NULL, 'Configrable Product', NULL, NULL, NULL, NULL, 1, NULL, '10.0000', NULL, NULL, NULL, NULL, '0.0000', NULL, NULL, '2021-12-02 15:30:07', 'en', 'default', 165, '2021-12-02 15:30:07', 63, NULL, '10.0000', '10.0000', NULL, NULL, NULL, NULL, NULL, NULL, NULL),
(76, '34343', '56', 'Akter Test', '<p>Aktar</p>', 'akter-test', 1, 1, 1, NULL, NULL, NULL, NULL, NULL, NULL, NULL, 7, '2 to 4 years', '2021-12-04 13:28:13', 'en', 'default', 166, '2021-12-04 13:28:13', NULL, 1, '10.0000', '10.0000', '<p>Aktar</p>', '', '', '', NULL, NULL, NULL),
(77, '34343-variant-12-26', NULL, 'Aktar', NULL, NULL, NULL, NULL, 1, NULL, '10.0000', NULL, NULL, NULL, NULL, '0.0000', NULL, NULL, '2021-12-04 13:28:14', 'en', 'default', 167, '2021-12-04 13:28:14', 76, NULL, '10.0000', '10.0000', NULL, NULL, NULL, NULL, NULL, NULL, NULL),
(78, '34343-variant-13-26', NULL, 'Aktar', NULL, NULL, NULL, NULL, 1, NULL, '10.0000', NULL, NULL, NULL, NULL, '0.0000', NULL, NULL, '2021-12-04 13:28:17', 'en', 'default', 168, '2021-12-04 13:28:17', 76, NULL, '10.0000', '10.0000', NULL, NULL, NULL, NULL, NULL, NULL, NULL),
(79, '34343-variant-14-26', NULL, 'Aktar', NULL, NULL, NULL, NULL, 1, NULL, '10.0000', NULL, NULL, NULL, NULL, '0.0000', NULL, NULL, '2021-12-04 13:28:21', 'en', 'default', 169, '2021-12-04 13:28:21', 76, NULL, '10.0000', '10.0000', NULL, NULL, NULL, NULL, NULL, NULL, NULL),
(80, '34343-variant-12-27', NULL, 'Aktar', NULL, NULL, NULL, NULL, 1, NULL, '10.0000', NULL, NULL, NULL, NULL, '0.0000', NULL, NULL, '2021-12-04 13:28:24', 'en', 'default', 170, '2021-12-04 13:28:24', 76, NULL, '10.0000', '10.0000', NULL, NULL, NULL, NULL, NULL, NULL, NULL),
(81, '34343-variant-12-28', NULL, 'Aktar', NULL, NULL, NULL, NULL, 1, NULL, '10.0000', NULL, NULL, NULL, NULL, '0.0000', NULL, NULL, '2021-12-04 13:28:28', 'en', 'default', 171, '2021-12-04 13:28:28', 76, NULL, '10.0000', '10.0000', NULL, NULL, NULL, NULL, NULL, NULL, NULL),
(82, '34343-variant-12-29', NULL, 'Aktar', NULL, NULL, NULL, NULL, 1, NULL, '10.0000', NULL, NULL, NULL, NULL, '0.0000', NULL, NULL, '2021-12-04 13:28:31', 'en', 'default', 172, '2021-12-04 13:28:31', 76, NULL, '10.0000', '10.0000', NULL, NULL, NULL, NULL, NULL, NULL, NULL),
(83, '34343-variant-13-27', NULL, 'Aktar', NULL, NULL, NULL, NULL, 1, NULL, '10.0000', NULL, NULL, NULL, NULL, '0.0000', NULL, NULL, '2021-12-04 13:28:34', 'en', 'default', 173, '2021-12-04 13:28:34', 76, NULL, '10.0000', '10.0000', NULL, NULL, NULL, NULL, NULL, NULL, NULL),
(84, '34343-variant-13-28', NULL, 'Aktar', NULL, NULL, NULL, NULL, 1, NULL, '10.0000', NULL, NULL, NULL, NULL, '0.0000', NULL, NULL, '2021-12-04 13:28:38', 'en', 'default', 174, '2021-12-04 13:28:38', 76, NULL, '10.0000', '10.0000', NULL, NULL, NULL, NULL, NULL, NULL, NULL),
(85, '34343-variant-13-29', NULL, 'Aktar', NULL, NULL, NULL, NULL, 1, NULL, '10.0000', NULL, NULL, NULL, NULL, '0.0000', NULL, NULL, '2021-12-04 13:28:41', 'en', 'default', 175, '2021-12-04 13:28:41', 76, NULL, '10.0000', '10.0000', NULL, NULL, NULL, NULL, NULL, NULL, NULL),
(86, '34343-variant-14-27', NULL, 'Aktar', NULL, NULL, NULL, NULL, 1, NULL, '10.0000', NULL, NULL, NULL, NULL, '0.0000', NULL, NULL, '2021-12-04 13:28:45', 'en', 'default', 176, '2021-12-04 13:28:45', 76, NULL, '10.0000', '10.0000', NULL, NULL, NULL, NULL, NULL, NULL, NULL),
(87, '34343-variant-14-28', '', 'Aktar', '<p>34343-variant-14-28</p>', '34343-variant-14-28', 0, 0, 1, NULL, '10.0000', NULL, NULL, NULL, NULL, '0.0000', 6, '0 to 2 years', '2021-12-04 13:28:49', 'en', 'default', 177, '2021-12-04 13:28:49', 76, 0, '10.0000', '10.0000', '<p>34343-variant-14-28</p>', '', '', '', '0.0000', '0.0000', NULL),
(88, '34343-variant-14-29', NULL, 'Aktar', NULL, NULL, NULL, NULL, 1, NULL, '10.0000', NULL, NULL, NULL, NULL, '0.0000', NULL, NULL, '2021-12-04 13:28:52', 'en', 'default', 178, '2021-12-04 13:28:52', 76, NULL, '10.0000', '10.0000', NULL, NULL, NULL, NULL, NULL, NULL, NULL);

-- --------------------------------------------------------

--
-- Table structure for table `product_grouped_products`
--

CREATE TABLE `product_grouped_products` (
  `id` int UNSIGNED NOT NULL,
  `qty` int NOT NULL DEFAULT '0',
  `sort_order` int NOT NULL DEFAULT '0',
  `product_id` int UNSIGNED NOT NULL,
  `associated_product_id` int UNSIGNED NOT NULL
) ENGINE=InnoDB DEFAULT CHARSET=utf8mb3 COLLATE=utf8_unicode_ci ROW_FORMAT=DYNAMIC;

-- --------------------------------------------------------

--
-- Table structure for table `product_images`
--

CREATE TABLE `product_images` (
  `id` int UNSIGNED NOT NULL,
  `type` varchar(191) CHARACTER SET utf8 COLLATE utf8_unicode_ci DEFAULT NULL,
  `path` varchar(191) CHARACTER SET utf8 COLLATE utf8_unicode_ci NOT NULL,
  `product_id` int UNSIGNED NOT NULL
) ENGINE=InnoDB DEFAULT CHARSET=utf8mb3 COLLATE=utf8_unicode_ci ROW_FORMAT=DYNAMIC;

--
-- Dumping data for table `product_images`
--

INSERT INTO `product_images` (`id`, `type`, `path`, `product_id`) VALUES
(14, NULL, 'product/132/EmV5GekbGVpJhtMXV2mkSIPtgXzFBrRmoPYG7fSt.png', 132),
(15, NULL, 'product/133/3qtELsrLpg5HTlICpLXcHYgD3aLGtlGuP81fIV4o.png', 133),
(16, NULL, 'product/134/dks0j2ZuHQ70b96Zm6fUXjpE8u8rlNuvmis95roD.png', 134),
(17, NULL, 'product/135/s11DkHafTa0KI1wrXMXQ0remo50Klkt89PIuMpQv.jpg', 135),
(18, NULL, 'product/153/b3S2qVgbGCMl2ht5joSqHxDPejxRZitPvznNshUD.png', 153),
(19, NULL, 'product/166/VcLdtSNi6x3exaXzyujWvRQL9e9BPGEkfwEgP3Mg.png', 166);

-- --------------------------------------------------------

--
-- Table structure for table `product_inventories`
--

CREATE TABLE `product_inventories` (
  `id` int UNSIGNED NOT NULL,
  `qty` int NOT NULL DEFAULT '0',
  `product_id` int UNSIGNED NOT NULL,
  `inventory_source_id` int UNSIGNED NOT NULL,
  `vendor_id` int NOT NULL DEFAULT '0'
) ENGINE=InnoDB DEFAULT CHARSET=utf8mb3 COLLATE=utf8_unicode_ci ROW_FORMAT=DYNAMIC;

--
-- Dumping data for table `product_inventories`
--

INSERT INTO `product_inventories` (`id`, `qty`, `product_id`, `inventory_source_id`, `vendor_id`) VALUES
(33, 12, 132, 1, 0),
(34, 120, 133, 1, 0),
(35, 290, 134, 1, 0),
(36, 123, 135, 1, 0),
(37, 12, 154, 1, 0),
(38, 12, 155, 1, 0),
(39, 12, 156, 1, 0),
(40, 12, 157, 1, 0),
(41, 12, 158, 1, 0),
(42, 12, 159, 1, 0),
(43, 12, 160, 1, 0),
(44, 12, 161, 1, 0),
(45, 12, 162, 1, 0),
(46, 12, 163, 1, 0),
(47, 12, 164, 1, 0),
(48, 12, 165, 1, 0),
(49, 0, 167, 1, 0),
(50, 0, 168, 1, 0),
(51, 0, 169, 1, 0),
(52, 0, 170, 1, 0),
(53, 0, 171, 1, 0),
(54, 0, 172, 1, 0),
(55, 0, 173, 1, 0),
(56, 0, 174, 1, 0),
(57, 0, 175, 1, 0),
(58, 0, 176, 1, 0),
(59, 0, 177, 1, 0),
(60, 12, 178, 1, 0);

-- --------------------------------------------------------

--
-- Table structure for table `product_ordered_inventories`
--

CREATE TABLE `product_ordered_inventories` (
  `id` int UNSIGNED NOT NULL,
  `qty` int NOT NULL DEFAULT '0',
  `product_id` int UNSIGNED NOT NULL,
  `channel_id` int UNSIGNED NOT NULL
) ENGINE=InnoDB DEFAULT CHARSET=utf8mb3 COLLATE=utf8_unicode_ci ROW_FORMAT=DYNAMIC;

--
-- Dumping data for table `product_ordered_inventories`
--

INSERT INTO `product_ordered_inventories` (`id`, `qty`, `product_id`, `channel_id`) VALUES
(2, 1, 132, 1);

-- --------------------------------------------------------

--
-- Table structure for table `product_relations`
--

CREATE TABLE `product_relations` (
  `parent_id` int UNSIGNED NOT NULL,
  `child_id` int UNSIGNED NOT NULL
) ENGINE=InnoDB DEFAULT CHARSET=utf8mb3 COLLATE=utf8_unicode_ci ROW_FORMAT=DYNAMIC;

-- --------------------------------------------------------

--
-- Table structure for table `product_reviews`
--

CREATE TABLE `product_reviews` (
  `id` int UNSIGNED NOT NULL,
  `title` varchar(191) CHARACTER SET utf8 COLLATE utf8_unicode_ci NOT NULL,
  `rating` int NOT NULL,
  `comment` text CHARACTER SET utf8 COLLATE utf8_unicode_ci,
  `status` varchar(191) CHARACTER SET utf8 COLLATE utf8_unicode_ci NOT NULL,
  `created_at` timestamp NULL DEFAULT NULL,
  `updated_at` timestamp NULL DEFAULT NULL,
  `product_id` int UNSIGNED NOT NULL,
  `customer_id` int DEFAULT NULL,
  `name` varchar(191) CHARACTER SET utf8 COLLATE utf8_unicode_ci NOT NULL DEFAULT ''
) ENGINE=InnoDB DEFAULT CHARSET=utf8mb3 COLLATE=utf8_unicode_ci ROW_FORMAT=DYNAMIC;

--
-- Dumping data for table `product_reviews`
--

INSERT INTO `product_reviews` (`id`, `title`, `rating`, `comment`, `status`, `created_at`, `updated_at`, `product_id`, `customer_id`, `name`) VALUES
(6, 'Nice', 5, 'Nice', 'approved', '2021-12-02 10:12:13', '2021-12-02 10:12:35', 132, NULL, 'Nice'),
(7, 'Nice', 4, 'dvrh', 'approved', '2021-12-02 10:16:26', '2021-12-02 10:24:45', 153, NULL, 'Nice');

-- --------------------------------------------------------

--
-- Table structure for table `product_review_images`
--

CREATE TABLE `product_review_images` (
  `id` int UNSIGNED NOT NULL,
  `type` varchar(191) CHARACTER SET utf8 COLLATE utf8_unicode_ci DEFAULT NULL,
  `path` varchar(191) CHARACTER SET utf8 COLLATE utf8_unicode_ci NOT NULL,
  `review_id` int UNSIGNED NOT NULL
) ENGINE=InnoDB DEFAULT CHARSET=utf8mb3 COLLATE=utf8_unicode_ci ROW_FORMAT=DYNAMIC;

-- --------------------------------------------------------

--
-- Table structure for table `product_super_attributes`
--

CREATE TABLE `product_super_attributes` (
  `product_id` int UNSIGNED NOT NULL,
  `attribute_id` int UNSIGNED NOT NULL
) ENGINE=InnoDB DEFAULT CHARSET=utf8mb3 COLLATE=utf8_unicode_ci ROW_FORMAT=DYNAMIC;

--
-- Dumping data for table `product_super_attributes`
--

INSERT INTO `product_super_attributes` (`product_id`, `attribute_id`) VALUES
(153, 30),
(153, 33),
(166, 30),
(166, 33);

-- --------------------------------------------------------

--
-- Table structure for table `product_up_sells`
--

CREATE TABLE `product_up_sells` (
  `parent_id` int UNSIGNED NOT NULL,
  `child_id` int UNSIGNED NOT NULL
) ENGINE=InnoDB DEFAULT CHARSET=utf8mb3 COLLATE=utf8_unicode_ci ROW_FORMAT=DYNAMIC;

-- --------------------------------------------------------

--
-- Table structure for table `product_videos`
--

CREATE TABLE `product_videos` (
  `id` int UNSIGNED NOT NULL,
  `type` varchar(191) CHARACTER SET utf8 COLLATE utf8_unicode_ci DEFAULT NULL,
  `path` varchar(191) CHARACTER SET utf8 COLLATE utf8_unicode_ci NOT NULL,
  `product_id` int UNSIGNED NOT NULL
) ENGINE=InnoDB DEFAULT CHARSET=utf8mb3 COLLATE=utf8_unicode_ci ROW_FORMAT=DYNAMIC;

-- --------------------------------------------------------

--
-- Table structure for table `refunds`
--

CREATE TABLE `refunds` (
  `id` int UNSIGNED NOT NULL,
  `increment_id` varchar(191) CHARACTER SET utf8 COLLATE utf8_unicode_ci DEFAULT NULL,
  `state` varchar(191) CHARACTER SET utf8 COLLATE utf8_unicode_ci DEFAULT NULL,
  `email_sent` tinyint(1) NOT NULL DEFAULT '0',
  `total_qty` int DEFAULT NULL,
  `base_currency_code` varchar(191) CHARACTER SET utf8 COLLATE utf8_unicode_ci DEFAULT NULL,
  `channel_currency_code` varchar(191) CHARACTER SET utf8 COLLATE utf8_unicode_ci DEFAULT NULL,
  `order_currency_code` varchar(191) CHARACTER SET utf8 COLLATE utf8_unicode_ci DEFAULT NULL,
  `adjustment_refund` decimal(12,4) DEFAULT '0.0000',
  `base_adjustment_refund` decimal(12,4) DEFAULT '0.0000',
  `adjustment_fee` decimal(12,4) DEFAULT '0.0000',
  `base_adjustment_fee` decimal(12,4) DEFAULT '0.0000',
  `sub_total` decimal(12,4) DEFAULT '0.0000',
  `base_sub_total` decimal(12,4) DEFAULT '0.0000',
  `grand_total` decimal(12,4) DEFAULT '0.0000',
  `base_grand_total` decimal(12,4) DEFAULT '0.0000',
  `shipping_amount` decimal(12,4) DEFAULT '0.0000',
  `base_shipping_amount` decimal(12,4) DEFAULT '0.0000',
  `tax_amount` decimal(12,4) DEFAULT '0.0000',
  `base_tax_amount` decimal(12,4) DEFAULT '0.0000',
  `discount_percent` decimal(12,4) DEFAULT '0.0000',
  `discount_amount` decimal(12,4) DEFAULT '0.0000',
  `base_discount_amount` decimal(12,4) DEFAULT '0.0000',
  `order_id` int UNSIGNED DEFAULT NULL,
  `created_at` timestamp NULL DEFAULT NULL,
  `updated_at` timestamp NULL DEFAULT NULL
) ENGINE=InnoDB DEFAULT CHARSET=utf8mb3 COLLATE=utf8_unicode_ci ROW_FORMAT=DYNAMIC;

-- --------------------------------------------------------

--
-- Table structure for table `refund_items`
--

CREATE TABLE `refund_items` (
  `id` int UNSIGNED NOT NULL,
  `name` varchar(191) CHARACTER SET utf8 COLLATE utf8_unicode_ci DEFAULT NULL,
  `description` varchar(191) CHARACTER SET utf8 COLLATE utf8_unicode_ci DEFAULT NULL,
  `sku` varchar(191) CHARACTER SET utf8 COLLATE utf8_unicode_ci DEFAULT NULL,
  `qty` int DEFAULT NULL,
  `price` decimal(12,4) NOT NULL DEFAULT '0.0000',
  `base_price` decimal(12,4) NOT NULL DEFAULT '0.0000',
  `total` decimal(12,4) NOT NULL DEFAULT '0.0000',
  `base_total` decimal(12,4) NOT NULL DEFAULT '0.0000',
  `tax_amount` decimal(12,4) DEFAULT '0.0000',
  `base_tax_amount` decimal(12,4) DEFAULT '0.0000',
  `discount_percent` decimal(12,4) DEFAULT '0.0000',
  `discount_amount` decimal(12,4) DEFAULT '0.0000',
  `base_discount_amount` decimal(12,4) DEFAULT '0.0000',
  `product_id` int UNSIGNED DEFAULT NULL,
  `product_type` varchar(191) CHARACTER SET utf8 COLLATE utf8_unicode_ci DEFAULT NULL,
  `order_item_id` int UNSIGNED DEFAULT NULL,
  `refund_id` int UNSIGNED DEFAULT NULL,
  `parent_id` int UNSIGNED DEFAULT NULL,
  `additional` json DEFAULT NULL,
  `created_at` timestamp NULL DEFAULT NULL,
  `updated_at` timestamp NULL DEFAULT NULL
) ENGINE=InnoDB DEFAULT CHARSET=utf8mb3 COLLATE=utf8_unicode_ci ROW_FORMAT=DYNAMIC;

-- --------------------------------------------------------

--
-- Table structure for table `roles`
--

CREATE TABLE `roles` (
  `id` int UNSIGNED NOT NULL,
  `name` varchar(191) CHARACTER SET utf8 COLLATE utf8_unicode_ci NOT NULL,
  `description` varchar(191) CHARACTER SET utf8 COLLATE utf8_unicode_ci DEFAULT NULL,
  `permission_type` varchar(191) CHARACTER SET utf8 COLLATE utf8_unicode_ci NOT NULL,
  `permissions` json DEFAULT NULL,
  `created_at` timestamp NULL DEFAULT NULL,
  `updated_at` timestamp NULL DEFAULT NULL
) ENGINE=InnoDB DEFAULT CHARSET=utf8mb3 COLLATE=utf8_unicode_ci ROW_FORMAT=DYNAMIC;

--
-- Dumping data for table `roles`
--

INSERT INTO `roles` (`id`, `name`, `description`, `permission_type`, `permissions`, `created_at`, `updated_at`) VALUES
(1, 'Administrator', 'Administrator role', 'all', NULL, NULL, NULL);

-- --------------------------------------------------------

--
-- Table structure for table `shipments`
--

CREATE TABLE `shipments` (
  `id` int UNSIGNED NOT NULL,
  `status` varchar(191) CHARACTER SET utf8 COLLATE utf8_unicode_ci DEFAULT NULL,
  `total_qty` int DEFAULT NULL,
  `total_weight` int DEFAULT NULL,
  `carrier_code` varchar(191) CHARACTER SET utf8 COLLATE utf8_unicode_ci DEFAULT NULL,
  `carrier_title` varchar(191) CHARACTER SET utf8 COLLATE utf8_unicode_ci DEFAULT NULL,
  `track_number` text CHARACTER SET utf8 COLLATE utf8_unicode_ci,
  `email_sent` tinyint(1) NOT NULL DEFAULT '0',
  `customer_id` int UNSIGNED DEFAULT NULL,
  `customer_type` varchar(191) CHARACTER SET utf8 COLLATE utf8_unicode_ci DEFAULT NULL,
  `order_id` int UNSIGNED NOT NULL,
  `order_address_id` int UNSIGNED DEFAULT NULL,
  `created_at` timestamp NULL DEFAULT NULL,
  `updated_at` timestamp NULL DEFAULT NULL,
  `inventory_source_id` int UNSIGNED DEFAULT NULL,
  `inventory_source_name` varchar(191) CHARACTER SET utf8 COLLATE utf8_unicode_ci DEFAULT NULL
) ENGINE=InnoDB DEFAULT CHARSET=utf8mb3 COLLATE=utf8_unicode_ci ROW_FORMAT=DYNAMIC;

--
-- Dumping data for table `shipments`
--

INSERT INTO `shipments` (`id`, `status`, `total_qty`, `total_weight`, `carrier_code`, `carrier_title`, `track_number`, `email_sent`, `customer_id`, `customer_type`, `order_id`, `order_address_id`, `created_at`, `updated_at`, `inventory_source_id`, `inventory_source_name`) VALUES
(1, NULL, 1, NULL, NULL, '', '', 0, NULL, NULL, 1, 163, '2021-11-27 09:14:13', '2021-11-27 09:14:13', 1, 'Default');

-- --------------------------------------------------------

--
-- Table structure for table `shipment_items`
--

CREATE TABLE `shipment_items` (
  `id` int UNSIGNED NOT NULL,
  `name` varchar(191) CHARACTER SET utf8 COLLATE utf8_unicode_ci DEFAULT NULL,
  `description` varchar(191) CHARACTER SET utf8 COLLATE utf8_unicode_ci DEFAULT NULL,
  `sku` varchar(191) CHARACTER SET utf8 COLLATE utf8_unicode_ci DEFAULT NULL,
  `qty` int DEFAULT NULL,
  `weight` int DEFAULT NULL,
  `price` decimal(12,4) DEFAULT '0.0000',
  `base_price` decimal(12,4) DEFAULT '0.0000',
  `total` decimal(12,4) DEFAULT '0.0000',
  `base_total` decimal(12,4) DEFAULT '0.0000',
  `product_id` int UNSIGNED DEFAULT NULL,
  `product_type` varchar(191) CHARACTER SET utf8 COLLATE utf8_unicode_ci DEFAULT NULL,
  `order_item_id` int UNSIGNED DEFAULT NULL,
  `shipment_id` int UNSIGNED NOT NULL,
  `additional` json DEFAULT NULL,
  `created_at` timestamp NULL DEFAULT NULL,
  `updated_at` timestamp NULL DEFAULT NULL
) ENGINE=InnoDB DEFAULT CHARSET=utf8mb3 COLLATE=utf8_unicode_ci ROW_FORMAT=DYNAMIC;

--
-- Dumping data for table `shipment_items`
--

INSERT INTO `shipment_items` (`id`, `name`, `description`, `sku`, `qty`, `weight`, `price`, `base_price`, `total`, `base_total`, `product_id`, `product_type`, `order_item_id`, `shipment_id`, `additional`, `created_at`, `updated_at`) VALUES
(1, 'Nice', NULL, '1234', 1, 123, '1000.0000', '1000.0000', '1000.0000', '1000.0000', 93, 'Webkul\\Product\\Models\\Product', 1, 1, '{\"_token\": \"80IVxub1lI6vlTkp0WMSDHZ2HHbYQTs8EAGWFVSB\", \"locale\": \"en\", \"quantity\": 1, \"product_id\": \"93\"}', '2021-11-27 09:14:13', '2021-11-27 09:14:13');

-- --------------------------------------------------------

--
-- Table structure for table `sliders`
--

CREATE TABLE `sliders` (
  `id` int UNSIGNED NOT NULL,
  `title` varchar(191) CHARACTER SET utf8 COLLATE utf8_unicode_ci NOT NULL,
  `path` varchar(191) CHARACTER SET utf8 COLLATE utf8_unicode_ci NOT NULL,
  `content` text CHARACTER SET utf8 COLLATE utf8_unicode_ci,
  `channel_id` int UNSIGNED NOT NULL,
  `created_at` timestamp NULL DEFAULT NULL,
  `updated_at` timestamp NULL DEFAULT NULL,
  `slider_path` text CHARACTER SET utf8 COLLATE utf8_unicode_ci,
  `locale` varchar(191) CHARACTER SET utf8 COLLATE utf8_unicode_ci NOT NULL,
  `expired_at` date DEFAULT NULL,
  `sort_order` int UNSIGNED NOT NULL DEFAULT '0'
) ENGINE=InnoDB DEFAULT CHARSET=utf8mb3 COLLATE=utf8_unicode_ci ROW_FORMAT=DYNAMIC;

--
-- Dumping data for table `sliders`
--

INSERT INTO `sliders` (`id`, `title`, `path`, `content`, `channel_id`, `created_at`, `updated_at`, `slider_path`, `locale`, `expired_at`, `sort_order`) VALUES
(1, 'Test', 'slider_images/Default/fDHhoeOTlMxmi32gGzGoSxHQMWmwW4SCr92Kq90i.jpg', '', 1, '2021-11-26 04:01:54', '2021-11-26 04:01:54', '', 'en', '2022-03-31', 0),
(3, 'Pen', 'slider_images/Default/9NbLyFMPghG58hPuGnKks4r7BMu1JflVC0k9eSjc.jpg', '', 1, '2021-11-26 04:04:51', '2021-11-26 04:04:51', '', 'en', NULL, 0),
(4, 'Product', 'slider_images/Default/4J6GQiwHmXIyyL3UwY141qVDIQVFSCGvAPSGQkYl.jpg', '', 1, '2021-11-26 04:05:14', '2021-11-26 04:05:14', '', 'en', NULL, 0);

-- --------------------------------------------------------

--
-- Table structure for table `subscribers_list`
--

CREATE TABLE `subscribers_list` (
  `id` int UNSIGNED NOT NULL,
  `email` varchar(191) CHARACTER SET utf8 COLLATE utf8_unicode_ci NOT NULL,
  `is_subscribed` tinyint(1) NOT NULL DEFAULT '0',
  `token` varchar(191) CHARACTER SET utf8 COLLATE utf8_unicode_ci DEFAULT NULL,
  `channel_id` int UNSIGNED NOT NULL,
  `created_at` timestamp NULL DEFAULT NULL,
  `updated_at` timestamp NULL DEFAULT NULL,
  `customer_id` int UNSIGNED DEFAULT NULL
) ENGINE=InnoDB DEFAULT CHARSET=utf8mb3 COLLATE=utf8_unicode_ci ROW_FORMAT=DYNAMIC;

-- --------------------------------------------------------

--
-- Table structure for table `tax_categories`
--

CREATE TABLE `tax_categories` (
  `id` int UNSIGNED NOT NULL,
  `code` varchar(191) CHARACTER SET utf8 COLLATE utf8_unicode_ci NOT NULL,
  `name` varchar(191) CHARACTER SET utf8 COLLATE utf8_unicode_ci NOT NULL,
  `description` longtext CHARACTER SET utf8 COLLATE utf8_unicode_ci NOT NULL,
  `created_at` timestamp NULL DEFAULT NULL,
  `updated_at` timestamp NULL DEFAULT NULL
) ENGINE=InnoDB DEFAULT CHARSET=utf8mb3 COLLATE=utf8_unicode_ci ROW_FORMAT=DYNAMIC;

-- --------------------------------------------------------

--
-- Table structure for table `tax_categories_tax_rates`
--

CREATE TABLE `tax_categories_tax_rates` (
  `id` int UNSIGNED NOT NULL,
  `tax_category_id` int UNSIGNED NOT NULL,
  `tax_rate_id` int UNSIGNED NOT NULL,
  `created_at` timestamp NULL DEFAULT NULL,
  `updated_at` timestamp NULL DEFAULT NULL
) ENGINE=InnoDB DEFAULT CHARSET=utf8mb3 COLLATE=utf8_unicode_ci ROW_FORMAT=DYNAMIC;

-- --------------------------------------------------------

--
-- Table structure for table `tax_rates`
--

CREATE TABLE `tax_rates` (
  `id` int UNSIGNED NOT NULL,
  `identifier` varchar(191) CHARACTER SET utf8 COLLATE utf8_unicode_ci NOT NULL,
  `is_zip` tinyint(1) NOT NULL DEFAULT '0',
  `zip_code` varchar(191) CHARACTER SET utf8 COLLATE utf8_unicode_ci DEFAULT NULL,
  `zip_from` varchar(191) CHARACTER SET utf8 COLLATE utf8_unicode_ci DEFAULT NULL,
  `zip_to` varchar(191) CHARACTER SET utf8 COLLATE utf8_unicode_ci DEFAULT NULL,
  `state` varchar(191) CHARACTER SET utf8 COLLATE utf8_unicode_ci NOT NULL,
  `country` varchar(191) CHARACTER SET utf8 COLLATE utf8_unicode_ci NOT NULL,
  `tax_rate` decimal(12,4) NOT NULL,
  `created_at` timestamp NULL DEFAULT NULL,
  `updated_at` timestamp NULL DEFAULT NULL
) ENGINE=InnoDB DEFAULT CHARSET=utf8mb3 COLLATE=utf8_unicode_ci ROW_FORMAT=DYNAMIC;

-- --------------------------------------------------------

--
-- Table structure for table `users`
--

CREATE TABLE `users` (
  `id` int UNSIGNED NOT NULL,
  `name` varchar(191) CHARACTER SET utf8 COLLATE utf8_unicode_ci NOT NULL,
  `email` varchar(191) CHARACTER SET utf8 COLLATE utf8_unicode_ci NOT NULL,
  `password` varchar(191) CHARACTER SET utf8 COLLATE utf8_unicode_ci NOT NULL,
  `remember_token` varchar(100) CHARACTER SET utf8 COLLATE utf8_unicode_ci DEFAULT NULL,
  `created_at` timestamp NULL DEFAULT NULL,
  `updated_at` timestamp NULL DEFAULT NULL
) ENGINE=InnoDB DEFAULT CHARSET=utf8mb3 COLLATE=utf8_unicode_ci ROW_FORMAT=DYNAMIC;

-- --------------------------------------------------------

--
-- Table structure for table `velocity_contents`
--

CREATE TABLE `velocity_contents` (
  `id` int UNSIGNED NOT NULL,
  `content_type` varchar(100) CHARACTER SET utf8 COLLATE utf8_unicode_ci DEFAULT NULL,
  `position` int UNSIGNED DEFAULT NULL,
  `status` tinyint(1) NOT NULL DEFAULT '0',
  `created_at` timestamp NULL DEFAULT NULL,
  `updated_at` timestamp NULL DEFAULT NULL
) ENGINE=InnoDB DEFAULT CHARSET=utf8mb3 COLLATE=utf8_unicode_ci ROW_FORMAT=DYNAMIC;

-- --------------------------------------------------------

--
-- Table structure for table `velocity_contents_translations`
--

CREATE TABLE `velocity_contents_translations` (
  `id` int UNSIGNED NOT NULL,
  `content_id` int UNSIGNED DEFAULT NULL,
  `title` varchar(100) CHARACTER SET utf8 COLLATE utf8_unicode_ci DEFAULT NULL,
  `custom_title` varchar(100) CHARACTER SET utf8 COLLATE utf8_unicode_ci DEFAULT NULL,
  `custom_heading` varchar(250) CHARACTER SET utf8 COLLATE utf8_unicode_ci DEFAULT NULL,
  `page_link` varchar(500) CHARACTER SET utf8 COLLATE utf8_unicode_ci DEFAULT NULL,
  `link_target` tinyint(1) NOT NULL DEFAULT '0',
  `catalog_type` varchar(100) CHARACTER SET utf8 COLLATE utf8_unicode_ci DEFAULT NULL,
  `products` text CHARACTER SET utf8 COLLATE utf8_unicode_ci,
  `description` text CHARACTER SET utf8 COLLATE utf8_unicode_ci,
  `locale` varchar(191) CHARACTER SET utf8 COLLATE utf8_unicode_ci DEFAULT NULL,
  `created_at` timestamp NULL DEFAULT NULL,
  `updated_at` timestamp NULL DEFAULT NULL
) ENGINE=InnoDB DEFAULT CHARSET=utf8mb3 COLLATE=utf8_unicode_ci ROW_FORMAT=DYNAMIC;

-- --------------------------------------------------------

--
-- Table structure for table `velocity_customer_compare_products`
--

CREATE TABLE `velocity_customer_compare_products` (
  `id` int UNSIGNED NOT NULL,
  `product_flat_id` int UNSIGNED NOT NULL,
  `customer_id` int UNSIGNED NOT NULL,
  `created_at` timestamp NULL DEFAULT NULL,
  `updated_at` timestamp NULL DEFAULT NULL
) ENGINE=InnoDB DEFAULT CHARSET=utf8mb3 COLLATE=utf8_unicode_ci ROW_FORMAT=DYNAMIC;

-- --------------------------------------------------------

--
-- Table structure for table `velocity_meta_data`
--

CREATE TABLE `velocity_meta_data` (
  `id` int UNSIGNED NOT NULL,
  `home_page_content` text CHARACTER SET utf8 COLLATE utf8_unicode_ci NOT NULL,
  `footer_left_content` text CHARACTER SET utf8 COLLATE utf8_unicode_ci NOT NULL,
  `footer_middle_content` text CHARACTER SET utf8 COLLATE utf8_unicode_ci NOT NULL,
  `slider` tinyint(1) NOT NULL DEFAULT '0',
  `advertisement` json DEFAULT NULL,
  `sidebar_category_count` int NOT NULL DEFAULT '9',
  `featured_product_count` int NOT NULL DEFAULT '10',
  `new_products_count` int NOT NULL DEFAULT '10',
  `subscription_bar_content` text CHARACTER SET utf8 COLLATE utf8_unicode_ci,
  `created_at` timestamp NULL DEFAULT NULL,
  `updated_at` timestamp NULL DEFAULT NULL,
  `product_view_images` json DEFAULT NULL,
  `product_policy` text CHARACTER SET utf8 COLLATE utf8_unicode_ci,
  `locale` text CHARACTER SET utf8 COLLATE utf8_unicode_ci NOT NULL,
  `channel` text CHARACTER SET utf8 COLLATE utf8_unicode_ci NOT NULL,
  `header_content_count` text CHARACTER SET utf8 COLLATE utf8_unicode_ci NOT NULL
) ENGINE=InnoDB DEFAULT CHARSET=utf8mb3 COLLATE=utf8_unicode_ci ROW_FORMAT=DYNAMIC;

--
-- Dumping data for table `velocity_meta_data`
--

INSERT INTO `velocity_meta_data` (`id`, `home_page_content`, `footer_left_content`, `footer_middle_content`, `slider`, `advertisement`, `sidebar_category_count`, `featured_product_count`, `new_products_count`, `subscription_bar_content`, `created_at`, `updated_at`, `product_view_images`, `product_policy`, `locale`, `channel`, `header_content_count`) VALUES
(2, '<div class=\"home-page-content\">\r\n<div class=\"shopby-age\">@include(\'velocity::layouts.cms-page.shop-by-age\')</div>\r\n<div class=\"latestproduct\">@include(\'shop::home.hot-sellers-products\')</div>\r\n<div class=\"small-banner\">@include(\'velocity::layouts.cms-page.small-banner\')</div>\r\n<div class=\"shopby-catarory\">@include(\'velocity::layouts.cms-page.shopby-catagory\')</div>\r\n<div class=\"eductaion\">@include(\'velocity::layouts.cms-page.eductaion\')</div>\r\n<div class=\"latestproduct\">@include(\'shop::home.new-products\')</div>\r\n<div class=\"small-shop-banner\">@include(\'velocity::layouts.cms-page.small-shop-banner\')</div>\r\n<div class=\"latestproduct\">@include(\'shop::home.recent-product\')</div>\r\n<div class=\"small-banner\">@include(\'velocity::layouts.cms-page.small-banner\')</div>\r\n<div class=\"day\">@include(\'velocity::layouts.cms-page.deal-of-the-day\')</div>\r\n<div class=\"mistry\">@include(\'velocity::layouts.cms-page.mistry-box\')</div>\r\n<div class=\"gift-finder\">@include(\'velocity::layouts.cms-page.gift-finder\')</div>\r\n<div class=\"our-blog\">@include(\'velocity::layouts.cms-page.our-blog\')</div>\r\n<div class=\"brand-brows\">@include(\'velocity::layouts.cms-page.brows-brand\')</div>\r\n<p>@include(\'velocity::layouts.cms-page.newslatter\') @include(\'velocity::layouts.cms-page.partner-discount\')</p>\r\n</div>', '', '<div class=\"col-lg-6 col-md-12 col-sm-12 no-padding\">\r\n<ul type=\"none\">\r\n<li><a href=\"{!! url(\'page/about-us\') !!}\"></a></li>\r\n</ul>\r\n<ul type=\"none\">\r\n<li><a href=\"{!! url(\'page/privacy-policy\') !!}\"> </a></li>\r\n</ul>\r\n</div>', 1, '{\"2\": [], \"3\": [], \"4\": []}', 9, 10, 10, '<div class=\"social-icons col-lg-6\"><a href=\"https://webkul.com\" target=\"_blank\" class=\"unset\" rel=\"noopener noreferrer\"><i class=\"fs24 within-circle rango-facebook\" title=\"facebook\"></i> </a> <a href=\"https://webkul.com\" target=\"_blank\" class=\"unset\" rel=\"noopener noreferrer\"><i class=\"fs24 within-circle rango-twitter\" title=\"twitter\"></i> </a> <a href=\"https://webkul.com\" target=\"_blank\" class=\"unset\" rel=\"noopener noreferrer\"><i class=\"fs24 within-circle rango-linked-in\" title=\"linkedin\"></i> </a> <a href=\"https://webkul.com\" target=\"_blank\" class=\"unset\" rel=\"noopener noreferrer\"><i class=\"fs24 within-circle rango-pintrest\" title=\"Pinterest\"></i> </a> <a href=\"https://webkul.com\" target=\"_blank\" class=\"unset\" rel=\"noopener noreferrer\"><i class=\"fs24 within-circle rango-youtube\" title=\"Youtube\"></i> </a> <a href=\"https://webkul.com\" target=\"_blank\" class=\"unset\" rel=\"noopener noreferrer\"><i class=\"fs24 within-circle rango-instagram\" title=\"instagram\"></i></a></div>', '2021-12-06 09:07:20', '2021-12-07 06:01:35', NULL, '<div class=\"row col-12 remove-padding-margin\">\r\n<div class=\"col-lg-4 col-sm-12 product-policy-wrapper\">\r\n<div class=\"card\">\r\n<div class=\"policy\">\r\n<div class=\"left\"><i class=\"rango-van-ship fs40\"></i></div>\r\n<div class=\"right\"><span class=\"font-setting fs20\">Free Shipping on Order $20 or More</span></div>\r\n</div>\r\n</div>\r\n</div>\r\n<div class=\"col-lg-4 col-sm-12 product-policy-wrapper\">\r\n<div class=\"card\">\r\n<div class=\"policy\">\r\n<div class=\"left\"><i class=\"rango-exchnage fs40\"></i></div>\r\n<div class=\"right\"><span class=\"font-setting fs20\">Product Replace &amp; Return Available </span></div>\r\n</div>\r\n</div>\r\n</div>\r\n<div class=\"col-lg-4 col-sm-12 product-policy-wrapper\">\r\n<div class=\"card\">\r\n<div class=\"policy\">\r\n<div class=\"left\"><i class=\"rango-exchnage fs40\"></i></div>\r\n<div class=\"right\"><span class=\"font-setting fs20\">Product Exchange and EMI Available </span></div>\r\n</div>\r\n</div>\r\n</div>\r\n</div>', 'en', 'default', '5');

-- --------------------------------------------------------

--
-- Table structure for table `wishlist`
--

CREATE TABLE `wishlist` (
  `id` int UNSIGNED NOT NULL,
  `channel_id` int UNSIGNED NOT NULL,
  `product_id` int UNSIGNED NOT NULL,
  `customer_id` int UNSIGNED NOT NULL,
  `item_options` json DEFAULT NULL,
  `moved_to_cart` date DEFAULT NULL,
  `shared` tinyint(1) DEFAULT NULL,
  `time_of_moving` date DEFAULT NULL,
  `created_at` timestamp NULL DEFAULT NULL,
  `updated_at` timestamp NULL DEFAULT NULL,
  `additional` json DEFAULT NULL
) ENGINE=InnoDB DEFAULT CHARSET=utf8mb3 COLLATE=utf8_unicode_ci ROW_FORMAT=DYNAMIC;

--
-- Indexes for dumped tables
--

--
-- Indexes for table `addresses`
--
ALTER TABLE `addresses`
  ADD PRIMARY KEY (`id`),
  ADD KEY `addresses_customer_id_foreign` (`customer_id`),
  ADD KEY `addresses_cart_id_foreign` (`cart_id`),
  ADD KEY `addresses_order_id_foreign` (`order_id`);

--
-- Indexes for table `admins`
--
ALTER TABLE `admins`
  ADD PRIMARY KEY (`id`),
  ADD UNIQUE KEY `admins_email_unique` (`email`),
  ADD UNIQUE KEY `admins_api_token_unique` (`api_token`);

--
-- Indexes for table `admin_password_resets`
--
ALTER TABLE `admin_password_resets`
  ADD KEY `admin_password_resets_email_index` (`email`);

--
-- Indexes for table `attributes`
--
ALTER TABLE `attributes`
  ADD PRIMARY KEY (`id`),
  ADD UNIQUE KEY `attributes_code_unique` (`code`);

--
-- Indexes for table `attribute_families`
--
ALTER TABLE `attribute_families`
  ADD PRIMARY KEY (`id`);

--
-- Indexes for table `attribute_groups`
--
ALTER TABLE `attribute_groups`
  ADD PRIMARY KEY (`id`),
  ADD UNIQUE KEY `attribute_groups_attribute_family_id_name_unique` (`attribute_family_id`,`name`);

--
-- Indexes for table `attribute_group_mappings`
--
ALTER TABLE `attribute_group_mappings`
  ADD PRIMARY KEY (`attribute_id`,`attribute_group_id`),
  ADD KEY `attribute_group_mappings_attribute_group_id_foreign` (`attribute_group_id`);

--
-- Indexes for table `attribute_options`
--
ALTER TABLE `attribute_options`
  ADD PRIMARY KEY (`id`),
  ADD KEY `attribute_options_attribute_id_foreign` (`attribute_id`);

--
-- Indexes for table `attribute_option_translations`
--
ALTER TABLE `attribute_option_translations`
  ADD PRIMARY KEY (`id`),
  ADD UNIQUE KEY `attribute_option_translations_attribute_option_id_locale_unique` (`attribute_option_id`,`locale`);

--
-- Indexes for table `attribute_translations`
--
ALTER TABLE `attribute_translations`
  ADD PRIMARY KEY (`id`),
  ADD UNIQUE KEY `attribute_translations_attribute_id_locale_unique` (`attribute_id`,`locale`);

--
-- Indexes for table `bookings`
--
ALTER TABLE `bookings`
  ADD PRIMARY KEY (`id`),
  ADD KEY `bookings_order_id_foreign` (`order_id`),
  ADD KEY `bookings_product_id_foreign` (`product_id`);

--
-- Indexes for table `booking_products`
--
ALTER TABLE `booking_products`
  ADD PRIMARY KEY (`id`),
  ADD KEY `booking_products_product_id_foreign` (`product_id`);

--
-- Indexes for table `booking_product_appointment_slots`
--
ALTER TABLE `booking_product_appointment_slots`
  ADD PRIMARY KEY (`id`),
  ADD KEY `booking_product_appointment_slots_booking_product_id_foreign` (`booking_product_id`);

--
-- Indexes for table `booking_product_default_slots`
--
ALTER TABLE `booking_product_default_slots`
  ADD PRIMARY KEY (`id`),
  ADD KEY `booking_product_default_slots_booking_product_id_foreign` (`booking_product_id`);

--
-- Indexes for table `booking_product_event_tickets`
--
ALTER TABLE `booking_product_event_tickets`
  ADD PRIMARY KEY (`id`),
  ADD KEY `booking_product_event_tickets_booking_product_id_foreign` (`booking_product_id`);

--
-- Indexes for table `booking_product_event_ticket_translations`
--
ALTER TABLE `booking_product_event_ticket_translations`
  ADD PRIMARY KEY (`id`),
  ADD UNIQUE KEY `booking_product_event_ticket_translations_locale_unique` (`booking_product_event_ticket_id`,`locale`);

--
-- Indexes for table `booking_product_rental_slots`
--
ALTER TABLE `booking_product_rental_slots`
  ADD PRIMARY KEY (`id`),
  ADD KEY `booking_product_rental_slots_booking_product_id_foreign` (`booking_product_id`);

--
-- Indexes for table `booking_product_table_slots`
--
ALTER TABLE `booking_product_table_slots`
  ADD PRIMARY KEY (`id`),
  ADD KEY `booking_product_table_slots_booking_product_id_foreign` (`booking_product_id`);

--
-- Indexes for table `cart`
--
ALTER TABLE `cart`
  ADD PRIMARY KEY (`id`),
  ADD KEY `cart_customer_id_foreign` (`customer_id`),
  ADD KEY `cart_channel_id_foreign` (`channel_id`);

--
-- Indexes for table `cart_items`
--
ALTER TABLE `cart_items`
  ADD PRIMARY KEY (`id`),
  ADD KEY `cart_items_product_id_foreign` (`product_id`),
  ADD KEY `cart_items_cart_id_foreign` (`cart_id`),
  ADD KEY `cart_items_tax_category_id_foreign` (`tax_category_id`),
  ADD KEY `cart_items_parent_id_foreign` (`parent_id`);

--
-- Indexes for table `cart_item_inventories`
--
ALTER TABLE `cart_item_inventories`
  ADD PRIMARY KEY (`id`);

--
-- Indexes for table `cart_payment`
--
ALTER TABLE `cart_payment`
  ADD PRIMARY KEY (`id`),
  ADD KEY `cart_payment_cart_id_foreign` (`cart_id`);

--
-- Indexes for table `cart_rules`
--
ALTER TABLE `cart_rules`
  ADD PRIMARY KEY (`id`);

--
-- Indexes for table `cart_rule_channels`
--
ALTER TABLE `cart_rule_channels`
  ADD PRIMARY KEY (`cart_rule_id`,`channel_id`),
  ADD KEY `cart_rule_channels_channel_id_foreign` (`channel_id`);

--
-- Indexes for table `cart_rule_coupons`
--
ALTER TABLE `cart_rule_coupons`
  ADD PRIMARY KEY (`id`),
  ADD KEY `cart_rule_coupons_cart_rule_id_foreign` (`cart_rule_id`);

--
-- Indexes for table `cart_rule_coupon_usage`
--
ALTER TABLE `cart_rule_coupon_usage`
  ADD PRIMARY KEY (`id`),
  ADD KEY `cart_rule_coupon_usage_cart_rule_coupon_id_foreign` (`cart_rule_coupon_id`),
  ADD KEY `cart_rule_coupon_usage_customer_id_foreign` (`customer_id`);

--
-- Indexes for table `cart_rule_customers`
--
ALTER TABLE `cart_rule_customers`
  ADD PRIMARY KEY (`id`),
  ADD KEY `cart_rule_customers_cart_rule_id_foreign` (`cart_rule_id`),
  ADD KEY `cart_rule_customers_customer_id_foreign` (`customer_id`);

--
-- Indexes for table `cart_rule_customer_groups`
--
ALTER TABLE `cart_rule_customer_groups`
  ADD PRIMARY KEY (`cart_rule_id`,`customer_group_id`),
  ADD KEY `cart_rule_customer_groups_customer_group_id_foreign` (`customer_group_id`);

--
-- Indexes for table `cart_rule_translations`
--
ALTER TABLE `cart_rule_translations`
  ADD PRIMARY KEY (`id`),
  ADD UNIQUE KEY `cart_rule_translations_cart_rule_id_locale_unique` (`cart_rule_id`,`locale`);

--
-- Indexes for table `cart_shipping_rates`
--
ALTER TABLE `cart_shipping_rates`
  ADD PRIMARY KEY (`id`),
  ADD KEY `cart_shipping_rates_cart_address_id_foreign` (`cart_address_id`);

--
-- Indexes for table `catalog_rules`
--
ALTER TABLE `catalog_rules`
  ADD PRIMARY KEY (`id`);

--
-- Indexes for table `catalog_rule_channels`
--
ALTER TABLE `catalog_rule_channels`
  ADD PRIMARY KEY (`catalog_rule_id`,`channel_id`),
  ADD KEY `catalog_rule_channels_channel_id_foreign` (`channel_id`);

--
-- Indexes for table `catalog_rule_customer_groups`
--
ALTER TABLE `catalog_rule_customer_groups`
  ADD PRIMARY KEY (`catalog_rule_id`,`customer_group_id`),
  ADD KEY `catalog_rule_customer_groups_customer_group_id_foreign` (`customer_group_id`);

--
-- Indexes for table `catalog_rule_products`
--
ALTER TABLE `catalog_rule_products`
  ADD PRIMARY KEY (`id`),
  ADD KEY `catalog_rule_products_product_id_foreign` (`product_id`),
  ADD KEY `catalog_rule_products_customer_group_id_foreign` (`customer_group_id`),
  ADD KEY `catalog_rule_products_catalog_rule_id_foreign` (`catalog_rule_id`),
  ADD KEY `catalog_rule_products_channel_id_foreign` (`channel_id`);

--
-- Indexes for table `catalog_rule_product_prices`
--
ALTER TABLE `catalog_rule_product_prices`
  ADD PRIMARY KEY (`id`),
  ADD KEY `catalog_rule_product_prices_product_id_foreign` (`product_id`),
  ADD KEY `catalog_rule_product_prices_customer_group_id_foreign` (`customer_group_id`),
  ADD KEY `catalog_rule_product_prices_catalog_rule_id_foreign` (`catalog_rule_id`),
  ADD KEY `catalog_rule_product_prices_channel_id_foreign` (`channel_id`);

--
-- Indexes for table `categories`
--
ALTER TABLE `categories`
  ADD PRIMARY KEY (`id`),
  ADD KEY `categories__lft__rgt_parent_id_index` (`_lft`,`_rgt`,`parent_id`);

--
-- Indexes for table `category_filterable_attributes`
--
ALTER TABLE `category_filterable_attributes`
  ADD KEY `category_filterable_attributes_category_id_foreign` (`category_id`),
  ADD KEY `category_filterable_attributes_attribute_id_foreign` (`attribute_id`);

--
-- Indexes for table `category_translations`
--
ALTER TABLE `category_translations`
  ADD PRIMARY KEY (`id`),
  ADD UNIQUE KEY `category_translations_category_id_slug_locale_unique` (`category_id`,`slug`,`locale`),
  ADD KEY `category_translations_locale_id_foreign` (`locale_id`);

--
-- Indexes for table `channels`
--
ALTER TABLE `channels`
  ADD PRIMARY KEY (`id`),
  ADD KEY `channels_default_locale_id_foreign` (`default_locale_id`),
  ADD KEY `channels_base_currency_id_foreign` (`base_currency_id`),
  ADD KEY `channels_root_category_id_foreign` (`root_category_id`);

--
-- Indexes for table `channel_currencies`
--
ALTER TABLE `channel_currencies`
  ADD PRIMARY KEY (`channel_id`,`currency_id`),
  ADD KEY `channel_currencies_currency_id_foreign` (`currency_id`);

--
-- Indexes for table `channel_inventory_sources`
--
ALTER TABLE `channel_inventory_sources`
  ADD UNIQUE KEY `channel_inventory_sources_channel_id_inventory_source_id_unique` (`channel_id`,`inventory_source_id`),
  ADD KEY `channel_inventory_sources_inventory_source_id_foreign` (`inventory_source_id`);

--
-- Indexes for table `channel_locales`
--
ALTER TABLE `channel_locales`
  ADD PRIMARY KEY (`channel_id`,`locale_id`),
  ADD KEY `channel_locales_locale_id_foreign` (`locale_id`);

--
-- Indexes for table `channel_translations`
--
ALTER TABLE `channel_translations`
  ADD PRIMARY KEY (`id`),
  ADD UNIQUE KEY `channel_translations_channel_id_locale_unique` (`channel_id`,`locale`),
  ADD KEY `channel_translations_locale_index` (`locale`);

--
-- Indexes for table `cms_pages`
--
ALTER TABLE `cms_pages`
  ADD PRIMARY KEY (`id`);

--
-- Indexes for table `cms_page_channels`
--
ALTER TABLE `cms_page_channels`
  ADD UNIQUE KEY `cms_page_channels_cms_page_id_channel_id_unique` (`cms_page_id`,`channel_id`),
  ADD KEY `cms_page_channels_channel_id_foreign` (`channel_id`);

--
-- Indexes for table `cms_page_translations`
--
ALTER TABLE `cms_page_translations`
  ADD PRIMARY KEY (`id`),
  ADD UNIQUE KEY `cms_page_translations_cms_page_id_url_key_locale_unique` (`cms_page_id`,`url_key`,`locale`);

--
-- Indexes for table `core_config`
--
ALTER TABLE `core_config`
  ADD PRIMARY KEY (`id`),
  ADD KEY `core_config_channel_id_foreign` (`channel_code`);

--
-- Indexes for table `countries`
--
ALTER TABLE `countries`
  ADD PRIMARY KEY (`id`);

--
-- Indexes for table `country_states`
--
ALTER TABLE `country_states`
  ADD PRIMARY KEY (`id`),
  ADD KEY `country_states_country_id_foreign` (`country_id`);

--
-- Indexes for table `country_state_translations`
--
ALTER TABLE `country_state_translations`
  ADD PRIMARY KEY (`id`),
  ADD KEY `country_state_translations_country_state_id_foreign` (`country_state_id`);

--
-- Indexes for table `country_translations`
--
ALTER TABLE `country_translations`
  ADD PRIMARY KEY (`id`),
  ADD KEY `country_translations_country_id_foreign` (`country_id`);

--
-- Indexes for table `currencies`
--
ALTER TABLE `currencies`
  ADD PRIMARY KEY (`id`);

--
-- Indexes for table `currency_exchange_rates`
--
ALTER TABLE `currency_exchange_rates`
  ADD PRIMARY KEY (`id`),
  ADD UNIQUE KEY `currency_exchange_rates_target_currency_unique` (`target_currency`);

--
-- Indexes for table `customers`
--
ALTER TABLE `customers`
  ADD PRIMARY KEY (`id`),
  ADD UNIQUE KEY `customers_email_unique` (`email`),
  ADD UNIQUE KEY `customers_api_token_unique` (`api_token`),
  ADD KEY `customers_customer_group_id_foreign` (`customer_group_id`);

--
-- Indexes for table `customer_groups`
--
ALTER TABLE `customer_groups`
  ADD PRIMARY KEY (`id`),
  ADD UNIQUE KEY `customer_groups_code_unique` (`code`);

--
-- Indexes for table `customer_password_resets`
--
ALTER TABLE `customer_password_resets`
  ADD KEY `customer_password_resets_email_index` (`email`);

--
-- Indexes for table `customer_social_accounts`
--
ALTER TABLE `customer_social_accounts`
  ADD PRIMARY KEY (`id`),
  ADD UNIQUE KEY `customer_social_accounts_provider_id_unique` (`provider_id`),
  ADD KEY `customer_social_accounts_customer_id_foreign` (`customer_id`);

--
-- Indexes for table `downloadable_link_purchased`
--
ALTER TABLE `downloadable_link_purchased`
  ADD PRIMARY KEY (`id`),
  ADD KEY `downloadable_link_purchased_customer_id_foreign` (`customer_id`),
  ADD KEY `downloadable_link_purchased_order_id_foreign` (`order_id`),
  ADD KEY `downloadable_link_purchased_order_item_id_foreign` (`order_item_id`);

--
-- Indexes for table `inventory_sources`
--
ALTER TABLE `inventory_sources`
  ADD PRIMARY KEY (`id`),
  ADD UNIQUE KEY `inventory_sources_code_unique` (`code`);

--
-- Indexes for table `invoices`
--
ALTER TABLE `invoices`
  ADD PRIMARY KEY (`id`),
  ADD KEY `invoices_order_id_foreign` (`order_id`),
  ADD KEY `invoices_order_address_id_foreign` (`order_address_id`);

--
-- Indexes for table `invoice_items`
--
ALTER TABLE `invoice_items`
  ADD PRIMARY KEY (`id`),
  ADD KEY `invoice_items_invoice_id_foreign` (`invoice_id`),
  ADD KEY `invoice_items_parent_id_foreign` (`parent_id`);

--
-- Indexes for table `jobs`
--
ALTER TABLE `jobs`
  ADD PRIMARY KEY (`id`),
  ADD KEY `jobs_queue_index` (`queue`);

--
-- Indexes for table `locales`
--
ALTER TABLE `locales`
  ADD PRIMARY KEY (`id`),
  ADD UNIQUE KEY `locales_code_unique` (`code`);

--
-- Indexes for table `marketing_campaigns`
--
ALTER TABLE `marketing_campaigns`
  ADD PRIMARY KEY (`id`),
  ADD KEY `marketing_campaigns_channel_id_foreign` (`channel_id`),
  ADD KEY `marketing_campaigns_customer_group_id_foreign` (`customer_group_id`),
  ADD KEY `marketing_campaigns_marketing_template_id_foreign` (`marketing_template_id`),
  ADD KEY `marketing_campaigns_marketing_event_id_foreign` (`marketing_event_id`);

--
-- Indexes for table `marketing_events`
--
ALTER TABLE `marketing_events`
  ADD PRIMARY KEY (`id`);

--
-- Indexes for table `marketing_templates`
--
ALTER TABLE `marketing_templates`
  ADD PRIMARY KEY (`id`);

--
-- Indexes for table `migrations`
--
ALTER TABLE `migrations`
  ADD PRIMARY KEY (`id`);

--
-- Indexes for table `orders`
--
ALTER TABLE `orders`
  ADD PRIMARY KEY (`id`),
  ADD UNIQUE KEY `orders_increment_id_unique` (`increment_id`),
  ADD KEY `orders_customer_id_foreign` (`customer_id`),
  ADD KEY `orders_channel_id_foreign` (`channel_id`);

--
-- Indexes for table `order_brands`
--
ALTER TABLE `order_brands`
  ADD PRIMARY KEY (`id`),
  ADD KEY `order_brands_order_id_foreign` (`order_id`),
  ADD KEY `order_brands_order_item_id_foreign` (`order_item_id`),
  ADD KEY `order_brands_product_id_foreign` (`product_id`),
  ADD KEY `order_brands_brand_foreign` (`brand`);

--
-- Indexes for table `order_comments`
--
ALTER TABLE `order_comments`
  ADD PRIMARY KEY (`id`),
  ADD KEY `order_comments_order_id_foreign` (`order_id`);

--
-- Indexes for table `order_items`
--
ALTER TABLE `order_items`
  ADD PRIMARY KEY (`id`),
  ADD KEY `order_items_order_id_foreign` (`order_id`),
  ADD KEY `order_items_parent_id_foreign` (`parent_id`);

--
-- Indexes for table `order_payment`
--
ALTER TABLE `order_payment`
  ADD PRIMARY KEY (`id`),
  ADD KEY `order_payment_order_id_foreign` (`order_id`);

--
-- Indexes for table `order_transactions`
--
ALTER TABLE `order_transactions`
  ADD PRIMARY KEY (`id`),
  ADD KEY `order_transactions_order_id_foreign` (`order_id`);

--
-- Indexes for table `password_resets`
--
ALTER TABLE `password_resets`
  ADD KEY `password_resets_email_index` (`email`);

--
-- Indexes for table `products`
--
ALTER TABLE `products`
  ADD PRIMARY KEY (`id`),
  ADD UNIQUE KEY `products_sku_unique` (`sku`),
  ADD KEY `products_attribute_family_id_foreign` (`attribute_family_id`),
  ADD KEY `products_parent_id_foreign` (`parent_id`);

--
-- Indexes for table `product_attribute_values`
--
ALTER TABLE `product_attribute_values`
  ADD PRIMARY KEY (`id`),
  ADD UNIQUE KEY `chanel_locale_attribute_value_index_unique` (`channel`,`locale`,`attribute_id`,`product_id`),
  ADD KEY `product_attribute_values_product_id_foreign` (`product_id`),
  ADD KEY `product_attribute_values_attribute_id_foreign` (`attribute_id`);

--
-- Indexes for table `product_bundle_options`
--
ALTER TABLE `product_bundle_options`
  ADD PRIMARY KEY (`id`),
  ADD KEY `product_bundle_options_product_id_foreign` (`product_id`);

--
-- Indexes for table `product_bundle_option_products`
--
ALTER TABLE `product_bundle_option_products`
  ADD PRIMARY KEY (`id`),
  ADD KEY `product_bundle_option_products_product_bundle_option_id_foreign` (`product_bundle_option_id`),
  ADD KEY `product_bundle_option_products_product_id_foreign` (`product_id`);

--
-- Indexes for table `product_bundle_option_translations`
--
ALTER TABLE `product_bundle_option_translations`
  ADD PRIMARY KEY (`id`),
  ADD UNIQUE KEY `product_bundle_option_translations_option_id_locale_unique` (`product_bundle_option_id`,`locale`);

--
-- Indexes for table `product_categories`
--
ALTER TABLE `product_categories`
  ADD KEY `product_categories_product_id_foreign` (`product_id`),
  ADD KEY `product_categories_category_id_foreign` (`category_id`);

--
-- Indexes for table `product_cross_sells`
--
ALTER TABLE `product_cross_sells`
  ADD KEY `product_cross_sells_parent_id_foreign` (`parent_id`),
  ADD KEY `product_cross_sells_child_id_foreign` (`child_id`);

--
-- Indexes for table `product_customer_group_prices`
--
ALTER TABLE `product_customer_group_prices`
  ADD PRIMARY KEY (`id`),
  ADD KEY `product_customer_group_prices_product_id_foreign` (`product_id`),
  ADD KEY `product_customer_group_prices_customer_group_id_foreign` (`customer_group_id`);

--
-- Indexes for table `product_downloadable_links`
--
ALTER TABLE `product_downloadable_links`
  ADD PRIMARY KEY (`id`),
  ADD KEY `product_downloadable_links_product_id_foreign` (`product_id`);

--
-- Indexes for table `product_downloadable_link_translations`
--
ALTER TABLE `product_downloadable_link_translations`
  ADD PRIMARY KEY (`id`),
  ADD KEY `link_translations_link_id_foreign` (`product_downloadable_link_id`);

--
-- Indexes for table `product_downloadable_samples`
--
ALTER TABLE `product_downloadable_samples`
  ADD PRIMARY KEY (`id`),
  ADD KEY `product_downloadable_samples_product_id_foreign` (`product_id`);

--
-- Indexes for table `product_downloadable_sample_translations`
--
ALTER TABLE `product_downloadable_sample_translations`
  ADD PRIMARY KEY (`id`),
  ADD KEY `sample_translations_sample_id_foreign` (`product_downloadable_sample_id`);

--
-- Indexes for table `product_flat`
--
ALTER TABLE `product_flat`
  ADD PRIMARY KEY (`id`),
  ADD UNIQUE KEY `product_flat_unique_index` (`product_id`,`channel`,`locale`),
  ADD KEY `product_flat_parent_id_foreign` (`parent_id`);

--
-- Indexes for table `product_grouped_products`
--
ALTER TABLE `product_grouped_products`
  ADD PRIMARY KEY (`id`),
  ADD KEY `product_grouped_products_product_id_foreign` (`product_id`),
  ADD KEY `product_grouped_products_associated_product_id_foreign` (`associated_product_id`);

--
-- Indexes for table `product_images`
--
ALTER TABLE `product_images`
  ADD PRIMARY KEY (`id`),
  ADD KEY `product_images_product_id_foreign` (`product_id`);

--
-- Indexes for table `product_inventories`
--
ALTER TABLE `product_inventories`
  ADD PRIMARY KEY (`id`),
  ADD UNIQUE KEY `product_source_vendor_index_unique` (`product_id`,`inventory_source_id`,`vendor_id`),
  ADD KEY `product_inventories_inventory_source_id_foreign` (`inventory_source_id`);

--
-- Indexes for table `product_ordered_inventories`
--
ALTER TABLE `product_ordered_inventories`
  ADD PRIMARY KEY (`id`),
  ADD UNIQUE KEY `product_ordered_inventories_product_id_channel_id_unique` (`product_id`,`channel_id`),
  ADD KEY `product_ordered_inventories_channel_id_foreign` (`channel_id`);

--
-- Indexes for table `product_relations`
--
ALTER TABLE `product_relations`
  ADD KEY `product_relations_parent_id_foreign` (`parent_id`),
  ADD KEY `product_relations_child_id_foreign` (`child_id`);

--
-- Indexes for table `product_reviews`
--
ALTER TABLE `product_reviews`
  ADD PRIMARY KEY (`id`),
  ADD KEY `product_reviews_product_id_foreign` (`product_id`),
  ADD KEY `product_reviews_customer_id_foreign` (`customer_id`);

--
-- Indexes for table `product_review_images`
--
ALTER TABLE `product_review_images`
  ADD PRIMARY KEY (`id`),
  ADD KEY `product_review_images_review_id_foreign` (`review_id`);

--
-- Indexes for table `product_super_attributes`
--
ALTER TABLE `product_super_attributes`
  ADD KEY `product_super_attributes_product_id_foreign` (`product_id`),
  ADD KEY `product_super_attributes_attribute_id_foreign` (`attribute_id`);

--
-- Indexes for table `product_up_sells`
--
ALTER TABLE `product_up_sells`
  ADD KEY `product_up_sells_parent_id_foreign` (`parent_id`),
  ADD KEY `product_up_sells_child_id_foreign` (`child_id`);

--
-- Indexes for table `product_videos`
--
ALTER TABLE `product_videos`
  ADD PRIMARY KEY (`id`),
  ADD KEY `product_videos_product_id_foreign` (`product_id`);

--
-- Indexes for table `refunds`
--
ALTER TABLE `refunds`
  ADD PRIMARY KEY (`id`),
  ADD KEY `refunds_order_id_foreign` (`order_id`);

--
-- Indexes for table `refund_items`
--
ALTER TABLE `refund_items`
  ADD PRIMARY KEY (`id`),
  ADD KEY `refund_items_order_item_id_foreign` (`order_item_id`),
  ADD KEY `refund_items_refund_id_foreign` (`refund_id`),
  ADD KEY `refund_items_parent_id_foreign` (`parent_id`);

--
-- Indexes for table `roles`
--
ALTER TABLE `roles`
  ADD PRIMARY KEY (`id`);

--
-- Indexes for table `shipments`
--
ALTER TABLE `shipments`
  ADD PRIMARY KEY (`id`),
  ADD KEY `shipments_order_id_foreign` (`order_id`),
  ADD KEY `shipments_inventory_source_id_foreign` (`inventory_source_id`),
  ADD KEY `shipments_order_address_id_foreign` (`order_address_id`);

--
-- Indexes for table `shipment_items`
--
ALTER TABLE `shipment_items`
  ADD PRIMARY KEY (`id`),
  ADD KEY `shipment_items_shipment_id_foreign` (`shipment_id`);

--
-- Indexes for table `sliders`
--
ALTER TABLE `sliders`
  ADD PRIMARY KEY (`id`),
  ADD KEY `sliders_channel_id_foreign` (`channel_id`);

--
-- Indexes for table `subscribers_list`
--
ALTER TABLE `subscribers_list`
  ADD PRIMARY KEY (`id`),
  ADD KEY `subscribers_list_channel_id_foreign` (`channel_id`),
  ADD KEY `subscribers_list_customer_id_foreign` (`customer_id`);

--
-- Indexes for table `tax_categories`
--
ALTER TABLE `tax_categories`
  ADD PRIMARY KEY (`id`),
  ADD UNIQUE KEY `tax_categories_code_unique` (`code`);

--
-- Indexes for table `tax_categories_tax_rates`
--
ALTER TABLE `tax_categories_tax_rates`
  ADD PRIMARY KEY (`id`),
  ADD UNIQUE KEY `tax_map_index_unique` (`tax_category_id`,`tax_rate_id`),
  ADD KEY `tax_categories_tax_rates_tax_rate_id_foreign` (`tax_rate_id`);

--
-- Indexes for table `tax_rates`
--
ALTER TABLE `tax_rates`
  ADD PRIMARY KEY (`id`),
  ADD UNIQUE KEY `tax_rates_identifier_unique` (`identifier`);

--
-- Indexes for table `users`
--
ALTER TABLE `users`
  ADD PRIMARY KEY (`id`),
  ADD UNIQUE KEY `users_email_unique` (`email`);

--
-- Indexes for table `velocity_contents`
--
ALTER TABLE `velocity_contents`
  ADD PRIMARY KEY (`id`);

--
-- Indexes for table `velocity_contents_translations`
--
ALTER TABLE `velocity_contents_translations`
  ADD PRIMARY KEY (`id`),
  ADD KEY `velocity_contents_translations_content_id_foreign` (`content_id`);

--
-- Indexes for table `velocity_customer_compare_products`
--
ALTER TABLE `velocity_customer_compare_products`
  ADD PRIMARY KEY (`id`),
  ADD KEY `velocity_customer_compare_products_product_flat_id_foreign` (`product_flat_id`),
  ADD KEY `velocity_customer_compare_products_customer_id_foreign` (`customer_id`);

--
-- Indexes for table `velocity_meta_data`
--
ALTER TABLE `velocity_meta_data`
  ADD PRIMARY KEY (`id`);

--
-- Indexes for table `wishlist`
--
ALTER TABLE `wishlist`
  ADD PRIMARY KEY (`id`),
  ADD KEY `wishlist_channel_id_foreign` (`channel_id`),
  ADD KEY `wishlist_product_id_foreign` (`product_id`),
  ADD KEY `wishlist_customer_id_foreign` (`customer_id`);

--
-- AUTO_INCREMENT for dumped tables
--

--
-- AUTO_INCREMENT for table `addresses`
--
ALTER TABLE `addresses`
  MODIFY `id` int UNSIGNED NOT NULL AUTO_INCREMENT, AUTO_INCREMENT=173;

--
-- AUTO_INCREMENT for table `admins`
--
ALTER TABLE `admins`
  MODIFY `id` int UNSIGNED NOT NULL AUTO_INCREMENT, AUTO_INCREMENT=2;

--
-- AUTO_INCREMENT for table `attributes`
--
ALTER TABLE `attributes`
  MODIFY `id` int UNSIGNED NOT NULL AUTO_INCREMENT, AUTO_INCREMENT=34;

--
-- AUTO_INCREMENT for table `attribute_families`
--
ALTER TABLE `attribute_families`
  MODIFY `id` int UNSIGNED NOT NULL AUTO_INCREMENT, AUTO_INCREMENT=3;

--
-- AUTO_INCREMENT for table `attribute_groups`
--
ALTER TABLE `attribute_groups`
  MODIFY `id` int UNSIGNED NOT NULL AUTO_INCREMENT, AUTO_INCREMENT=12;

--
-- AUTO_INCREMENT for table `attribute_options`
--
ALTER TABLE `attribute_options`
  MODIFY `id` int UNSIGNED NOT NULL AUTO_INCREMENT, AUTO_INCREMENT=30;

--
-- AUTO_INCREMENT for table `attribute_option_translations`
--
ALTER TABLE `attribute_option_translations`
  MODIFY `id` int UNSIGNED NOT NULL AUTO_INCREMENT, AUTO_INCREMENT=126;

--
-- AUTO_INCREMENT for table `attribute_translations`
--
ALTER TABLE `attribute_translations`
  MODIFY `id` int UNSIGNED NOT NULL AUTO_INCREMENT, AUTO_INCREMENT=70;

--
-- AUTO_INCREMENT for table `bookings`
--
ALTER TABLE `bookings`
  MODIFY `id` bigint UNSIGNED NOT NULL AUTO_INCREMENT;

--
-- AUTO_INCREMENT for table `booking_products`
--
ALTER TABLE `booking_products`
  MODIFY `id` int UNSIGNED NOT NULL AUTO_INCREMENT;

--
-- AUTO_INCREMENT for table `booking_product_appointment_slots`
--
ALTER TABLE `booking_product_appointment_slots`
  MODIFY `id` int UNSIGNED NOT NULL AUTO_INCREMENT;

--
-- AUTO_INCREMENT for table `booking_product_default_slots`
--
ALTER TABLE `booking_product_default_slots`
  MODIFY `id` int UNSIGNED NOT NULL AUTO_INCREMENT;

--
-- AUTO_INCREMENT for table `booking_product_event_tickets`
--
ALTER TABLE `booking_product_event_tickets`
  MODIFY `id` int UNSIGNED NOT NULL AUTO_INCREMENT;

--
-- AUTO_INCREMENT for table `booking_product_event_ticket_translations`
--
ALTER TABLE `booking_product_event_ticket_translations`
  MODIFY `id` bigint UNSIGNED NOT NULL AUTO_INCREMENT;

--
-- AUTO_INCREMENT for table `booking_product_rental_slots`
--
ALTER TABLE `booking_product_rental_slots`
  MODIFY `id` int UNSIGNED NOT NULL AUTO_INCREMENT;

--
-- AUTO_INCREMENT for table `booking_product_table_slots`
--
ALTER TABLE `booking_product_table_slots`
  MODIFY `id` int UNSIGNED NOT NULL AUTO_INCREMENT;

--
-- AUTO_INCREMENT for table `cart`
--
ALTER TABLE `cart`
  MODIFY `id` int UNSIGNED NOT NULL AUTO_INCREMENT, AUTO_INCREMENT=21;

--
-- AUTO_INCREMENT for table `cart_items`
--
ALTER TABLE `cart_items`
  MODIFY `id` int UNSIGNED NOT NULL AUTO_INCREMENT, AUTO_INCREMENT=48;

--
-- AUTO_INCREMENT for table `cart_item_inventories`
--
ALTER TABLE `cart_item_inventories`
  MODIFY `id` int UNSIGNED NOT NULL AUTO_INCREMENT;

--
-- AUTO_INCREMENT for table `cart_payment`
--
ALTER TABLE `cart_payment`
  MODIFY `id` int UNSIGNED NOT NULL AUTO_INCREMENT, AUTO_INCREMENT=5;

--
-- AUTO_INCREMENT for table `cart_rules`
--
ALTER TABLE `cart_rules`
  MODIFY `id` int UNSIGNED NOT NULL AUTO_INCREMENT;

--
-- AUTO_INCREMENT for table `cart_rule_coupons`
--
ALTER TABLE `cart_rule_coupons`
  MODIFY `id` int UNSIGNED NOT NULL AUTO_INCREMENT;

--
-- AUTO_INCREMENT for table `cart_rule_coupon_usage`
--
ALTER TABLE `cart_rule_coupon_usage`
  MODIFY `id` int UNSIGNED NOT NULL AUTO_INCREMENT;

--
-- AUTO_INCREMENT for table `cart_rule_customers`
--
ALTER TABLE `cart_rule_customers`
  MODIFY `id` int UNSIGNED NOT NULL AUTO_INCREMENT;

--
-- AUTO_INCREMENT for table `cart_rule_translations`
--
ALTER TABLE `cart_rule_translations`
  MODIFY `id` int UNSIGNED NOT NULL AUTO_INCREMENT;

--
-- AUTO_INCREMENT for table `cart_shipping_rates`
--
ALTER TABLE `cart_shipping_rates`
  MODIFY `id` int UNSIGNED NOT NULL AUTO_INCREMENT, AUTO_INCREMENT=9;

--
-- AUTO_INCREMENT for table `catalog_rules`
--
ALTER TABLE `catalog_rules`
  MODIFY `id` int UNSIGNED NOT NULL AUTO_INCREMENT;

--
-- AUTO_INCREMENT for table `catalog_rule_products`
--
ALTER TABLE `catalog_rule_products`
  MODIFY `id` int UNSIGNED NOT NULL AUTO_INCREMENT;

--
-- AUTO_INCREMENT for table `catalog_rule_product_prices`
--
ALTER TABLE `catalog_rule_product_prices`
  MODIFY `id` int UNSIGNED NOT NULL AUTO_INCREMENT;

--
-- AUTO_INCREMENT for table `categories`
--
ALTER TABLE `categories`
  MODIFY `id` int UNSIGNED NOT NULL AUTO_INCREMENT, AUTO_INCREMENT=14;

--
-- AUTO_INCREMENT for table `category_translations`
--
ALTER TABLE `category_translations`
  MODIFY `id` int UNSIGNED NOT NULL AUTO_INCREMENT, AUTO_INCREMENT=54;

--
-- AUTO_INCREMENT for table `channels`
--
ALTER TABLE `channels`
  MODIFY `id` int UNSIGNED NOT NULL AUTO_INCREMENT, AUTO_INCREMENT=2;

--
-- AUTO_INCREMENT for table `channel_translations`
--
ALTER TABLE `channel_translations`
  MODIFY `id` bigint UNSIGNED NOT NULL AUTO_INCREMENT, AUTO_INCREMENT=6;

--
-- AUTO_INCREMENT for table `cms_pages`
--
ALTER TABLE `cms_pages`
  MODIFY `id` int UNSIGNED NOT NULL AUTO_INCREMENT, AUTO_INCREMENT=12;

--
-- AUTO_INCREMENT for table `cms_page_translations`
--
ALTER TABLE `cms_page_translations`
  MODIFY `id` int UNSIGNED NOT NULL AUTO_INCREMENT, AUTO_INCREMENT=12;

--
-- AUTO_INCREMENT for table `core_config`
--
ALTER TABLE `core_config`
  MODIFY `id` int UNSIGNED NOT NULL AUTO_INCREMENT, AUTO_INCREMENT=91;

--
-- AUTO_INCREMENT for table `countries`
--
ALTER TABLE `countries`
  MODIFY `id` int UNSIGNED NOT NULL AUTO_INCREMENT, AUTO_INCREMENT=256;

--
-- AUTO_INCREMENT for table `country_states`
--
ALTER TABLE `country_states`
  MODIFY `id` int UNSIGNED NOT NULL AUTO_INCREMENT, AUTO_INCREMENT=587;

--
-- AUTO_INCREMENT for table `country_state_translations`
--
ALTER TABLE `country_state_translations`
  MODIFY `id` int UNSIGNED NOT NULL AUTO_INCREMENT, AUTO_INCREMENT=2291;

--
-- AUTO_INCREMENT for table `country_translations`
--
ALTER TABLE `country_translations`
  MODIFY `id` int UNSIGNED NOT NULL AUTO_INCREMENT, AUTO_INCREMENT=1021;

--
-- AUTO_INCREMENT for table `currencies`
--
ALTER TABLE `currencies`
  MODIFY `id` int UNSIGNED NOT NULL AUTO_INCREMENT, AUTO_INCREMENT=3;

--
-- AUTO_INCREMENT for table `currency_exchange_rates`
--
ALTER TABLE `currency_exchange_rates`
  MODIFY `id` int UNSIGNED NOT NULL AUTO_INCREMENT;

--
-- AUTO_INCREMENT for table `customers`
--
ALTER TABLE `customers`
  MODIFY `id` int UNSIGNED NOT NULL AUTO_INCREMENT, AUTO_INCREMENT=163;

--
-- AUTO_INCREMENT for table `customer_groups`
--
ALTER TABLE `customer_groups`
  MODIFY `id` int UNSIGNED NOT NULL AUTO_INCREMENT, AUTO_INCREMENT=4;

--
-- AUTO_INCREMENT for table `customer_social_accounts`
--
ALTER TABLE `customer_social_accounts`
  MODIFY `id` int UNSIGNED NOT NULL AUTO_INCREMENT;

--
-- AUTO_INCREMENT for table `downloadable_link_purchased`
--
ALTER TABLE `downloadable_link_purchased`
  MODIFY `id` int UNSIGNED NOT NULL AUTO_INCREMENT;

--
-- AUTO_INCREMENT for table `inventory_sources`
--
ALTER TABLE `inventory_sources`
  MODIFY `id` int UNSIGNED NOT NULL AUTO_INCREMENT, AUTO_INCREMENT=2;

--
-- AUTO_INCREMENT for table `invoices`
--
ALTER TABLE `invoices`
  MODIFY `id` int UNSIGNED NOT NULL AUTO_INCREMENT, AUTO_INCREMENT=2;

--
-- AUTO_INCREMENT for table `invoice_items`
--
ALTER TABLE `invoice_items`
  MODIFY `id` int UNSIGNED NOT NULL AUTO_INCREMENT, AUTO_INCREMENT=2;

--
-- AUTO_INCREMENT for table `jobs`
--
ALTER TABLE `jobs`
  MODIFY `id` bigint UNSIGNED NOT NULL AUTO_INCREMENT;

--
-- AUTO_INCREMENT for table `locales`
--
ALTER TABLE `locales`
  MODIFY `id` int UNSIGNED NOT NULL AUTO_INCREMENT, AUTO_INCREMENT=6;

--
-- AUTO_INCREMENT for table `marketing_campaigns`
--
ALTER TABLE `marketing_campaigns`
  MODIFY `id` int UNSIGNED NOT NULL AUTO_INCREMENT;

--
-- AUTO_INCREMENT for table `marketing_events`
--
ALTER TABLE `marketing_events`
  MODIFY `id` int UNSIGNED NOT NULL AUTO_INCREMENT, AUTO_INCREMENT=2;

--
-- AUTO_INCREMENT for table `marketing_templates`
--
ALTER TABLE `marketing_templates`
  MODIFY `id` int UNSIGNED NOT NULL AUTO_INCREMENT;

--
-- AUTO_INCREMENT for table `migrations`
--
ALTER TABLE `migrations`
  MODIFY `id` int UNSIGNED NOT NULL AUTO_INCREMENT, AUTO_INCREMENT=202;

--
-- AUTO_INCREMENT for table `orders`
--
ALTER TABLE `orders`
  MODIFY `id` int UNSIGNED NOT NULL AUTO_INCREMENT, AUTO_INCREMENT=3;

--
-- AUTO_INCREMENT for table `order_brands`
--
ALTER TABLE `order_brands`
  MODIFY `id` int UNSIGNED NOT NULL AUTO_INCREMENT, AUTO_INCREMENT=3;

--
-- AUTO_INCREMENT for table `order_comments`
--
ALTER TABLE `order_comments`
  MODIFY `id` int UNSIGNED NOT NULL AUTO_INCREMENT, AUTO_INCREMENT=2;

--
-- AUTO_INCREMENT for table `order_items`
--
ALTER TABLE `order_items`
  MODIFY `id` int UNSIGNED NOT NULL AUTO_INCREMENT, AUTO_INCREMENT=3;

--
-- AUTO_INCREMENT for table `order_payment`
--
ALTER TABLE `order_payment`
  MODIFY `id` int UNSIGNED NOT NULL AUTO_INCREMENT, AUTO_INCREMENT=3;

--
-- AUTO_INCREMENT for table `order_transactions`
--
ALTER TABLE `order_transactions`
  MODIFY `id` int UNSIGNED NOT NULL AUTO_INCREMENT;

--
-- AUTO_INCREMENT for table `products`
--
ALTER TABLE `products`
  MODIFY `id` int UNSIGNED NOT NULL AUTO_INCREMENT, AUTO_INCREMENT=179;

--
-- AUTO_INCREMENT for table `product_attribute_values`
--
ALTER TABLE `product_attribute_values`
  MODIFY `id` int UNSIGNED NOT NULL AUTO_INCREMENT, AUTO_INCREMENT=1947;

--
-- AUTO_INCREMENT for table `product_bundle_options`
--
ALTER TABLE `product_bundle_options`
  MODIFY `id` int UNSIGNED NOT NULL AUTO_INCREMENT;

--
-- AUTO_INCREMENT for table `product_bundle_option_products`
--
ALTER TABLE `product_bundle_option_products`
  MODIFY `id` int UNSIGNED NOT NULL AUTO_INCREMENT;

--
-- AUTO_INCREMENT for table `product_bundle_option_translations`
--
ALTER TABLE `product_bundle_option_translations`
  MODIFY `id` int UNSIGNED NOT NULL AUTO_INCREMENT;

--
-- AUTO_INCREMENT for table `product_customer_group_prices`
--
ALTER TABLE `product_customer_group_prices`
  MODIFY `id` bigint UNSIGNED NOT NULL AUTO_INCREMENT;

--
-- AUTO_INCREMENT for table `product_downloadable_links`
--
ALTER TABLE `product_downloadable_links`
  MODIFY `id` int UNSIGNED NOT NULL AUTO_INCREMENT;

--
-- AUTO_INCREMENT for table `product_downloadable_link_translations`
--
ALTER TABLE `product_downloadable_link_translations`
  MODIFY `id` int UNSIGNED NOT NULL AUTO_INCREMENT;

--
-- AUTO_INCREMENT for table `product_downloadable_samples`
--
ALTER TABLE `product_downloadable_samples`
  MODIFY `id` int UNSIGNED NOT NULL AUTO_INCREMENT;

--
-- AUTO_INCREMENT for table `product_downloadable_sample_translations`
--
ALTER TABLE `product_downloadable_sample_translations`
  MODIFY `id` int UNSIGNED NOT NULL AUTO_INCREMENT;

--
-- AUTO_INCREMENT for table `product_flat`
--
ALTER TABLE `product_flat`
  MODIFY `id` int UNSIGNED NOT NULL AUTO_INCREMENT, AUTO_INCREMENT=89;

--
-- AUTO_INCREMENT for table `product_grouped_products`
--
ALTER TABLE `product_grouped_products`
  MODIFY `id` int UNSIGNED NOT NULL AUTO_INCREMENT;

--
-- AUTO_INCREMENT for table `product_images`
--
ALTER TABLE `product_images`
  MODIFY `id` int UNSIGNED NOT NULL AUTO_INCREMENT, AUTO_INCREMENT=20;

--
-- AUTO_INCREMENT for table `product_inventories`
--
ALTER TABLE `product_inventories`
  MODIFY `id` int UNSIGNED NOT NULL AUTO_INCREMENT, AUTO_INCREMENT=61;

--
-- AUTO_INCREMENT for table `product_ordered_inventories`
--
ALTER TABLE `product_ordered_inventories`
  MODIFY `id` int UNSIGNED NOT NULL AUTO_INCREMENT, AUTO_INCREMENT=3;

--
-- AUTO_INCREMENT for table `product_reviews`
--
ALTER TABLE `product_reviews`
  MODIFY `id` int UNSIGNED NOT NULL AUTO_INCREMENT, AUTO_INCREMENT=8;

--
-- AUTO_INCREMENT for table `product_review_images`
--
ALTER TABLE `product_review_images`
  MODIFY `id` int UNSIGNED NOT NULL AUTO_INCREMENT;

--
-- AUTO_INCREMENT for table `product_videos`
--
ALTER TABLE `product_videos`
  MODIFY `id` int UNSIGNED NOT NULL AUTO_INCREMENT;

--
-- AUTO_INCREMENT for table `refunds`
--
ALTER TABLE `refunds`
  MODIFY `id` int UNSIGNED NOT NULL AUTO_INCREMENT;

--
-- AUTO_INCREMENT for table `refund_items`
--
ALTER TABLE `refund_items`
  MODIFY `id` int UNSIGNED NOT NULL AUTO_INCREMENT;

--
-- AUTO_INCREMENT for table `roles`
--
ALTER TABLE `roles`
  MODIFY `id` int UNSIGNED NOT NULL AUTO_INCREMENT, AUTO_INCREMENT=2;

--
-- AUTO_INCREMENT for table `shipments`
--
ALTER TABLE `shipments`
  MODIFY `id` int UNSIGNED NOT NULL AUTO_INCREMENT, AUTO_INCREMENT=2;

--
-- AUTO_INCREMENT for table `shipment_items`
--
ALTER TABLE `shipment_items`
  MODIFY `id` int UNSIGNED NOT NULL AUTO_INCREMENT, AUTO_INCREMENT=2;

--
-- AUTO_INCREMENT for table `sliders`
--
ALTER TABLE `sliders`
  MODIFY `id` int UNSIGNED NOT NULL AUTO_INCREMENT, AUTO_INCREMENT=5;

--
-- AUTO_INCREMENT for table `subscribers_list`
--
ALTER TABLE `subscribers_list`
  MODIFY `id` int UNSIGNED NOT NULL AUTO_INCREMENT;

--
-- AUTO_INCREMENT for table `tax_categories`
--
ALTER TABLE `tax_categories`
  MODIFY `id` int UNSIGNED NOT NULL AUTO_INCREMENT;

--
-- AUTO_INCREMENT for table `tax_categories_tax_rates`
--
ALTER TABLE `tax_categories_tax_rates`
  MODIFY `id` int UNSIGNED NOT NULL AUTO_INCREMENT;

--
-- AUTO_INCREMENT for table `tax_rates`
--
ALTER TABLE `tax_rates`
  MODIFY `id` int UNSIGNED NOT NULL AUTO_INCREMENT;

--
-- AUTO_INCREMENT for table `users`
--
ALTER TABLE `users`
  MODIFY `id` int UNSIGNED NOT NULL AUTO_INCREMENT;

--
-- AUTO_INCREMENT for table `velocity_contents`
--
ALTER TABLE `velocity_contents`
  MODIFY `id` int UNSIGNED NOT NULL AUTO_INCREMENT;

--
-- AUTO_INCREMENT for table `velocity_contents_translations`
--
ALTER TABLE `velocity_contents_translations`
  MODIFY `id` int UNSIGNED NOT NULL AUTO_INCREMENT;

--
-- AUTO_INCREMENT for table `velocity_customer_compare_products`
--
ALTER TABLE `velocity_customer_compare_products`
  MODIFY `id` int UNSIGNED NOT NULL AUTO_INCREMENT;

--
-- AUTO_INCREMENT for table `velocity_meta_data`
--
ALTER TABLE `velocity_meta_data`
  MODIFY `id` int UNSIGNED NOT NULL AUTO_INCREMENT, AUTO_INCREMENT=3;

--
-- AUTO_INCREMENT for table `wishlist`
--
ALTER TABLE `wishlist`
  MODIFY `id` int UNSIGNED NOT NULL AUTO_INCREMENT;

--
-- Constraints for dumped tables
--

--
-- Constraints for table `addresses`
--
ALTER TABLE `addresses`
  ADD CONSTRAINT `addresses_cart_id_foreign` FOREIGN KEY (`cart_id`) REFERENCES `cart` (`id`) ON DELETE CASCADE,
  ADD CONSTRAINT `addresses_customer_id_foreign` FOREIGN KEY (`customer_id`) REFERENCES `customers` (`id`) ON DELETE CASCADE,
  ADD CONSTRAINT `addresses_order_id_foreign` FOREIGN KEY (`order_id`) REFERENCES `orders` (`id`) ON DELETE CASCADE;

--
-- Constraints for table `attribute_groups`
--
ALTER TABLE `attribute_groups`
  ADD CONSTRAINT `attribute_groups_attribute_family_id_foreign` FOREIGN KEY (`attribute_family_id`) REFERENCES `attribute_families` (`id`) ON DELETE CASCADE;

--
-- Constraints for table `attribute_group_mappings`
--
ALTER TABLE `attribute_group_mappings`
  ADD CONSTRAINT `attribute_group_mappings_attribute_group_id_foreign` FOREIGN KEY (`attribute_group_id`) REFERENCES `attribute_groups` (`id`) ON DELETE CASCADE,
  ADD CONSTRAINT `attribute_group_mappings_attribute_id_foreign` FOREIGN KEY (`attribute_id`) REFERENCES `attributes` (`id`) ON DELETE CASCADE;

--
-- Constraints for table `attribute_options`
--
ALTER TABLE `attribute_options`
  ADD CONSTRAINT `attribute_options_attribute_id_foreign` FOREIGN KEY (`attribute_id`) REFERENCES `attributes` (`id`) ON DELETE CASCADE;

--
-- Constraints for table `attribute_option_translations`
--
ALTER TABLE `attribute_option_translations`
  ADD CONSTRAINT `attribute_option_translations_attribute_option_id_foreign` FOREIGN KEY (`attribute_option_id`) REFERENCES `attribute_options` (`id`) ON DELETE CASCADE;

--
-- Constraints for table `attribute_translations`
--
ALTER TABLE `attribute_translations`
  ADD CONSTRAINT `attribute_translations_attribute_id_foreign` FOREIGN KEY (`attribute_id`) REFERENCES `attributes` (`id`) ON DELETE CASCADE;

--
-- Constraints for table `bookings`
--
ALTER TABLE `bookings`
  ADD CONSTRAINT `bookings_order_id_foreign` FOREIGN KEY (`order_id`) REFERENCES `orders` (`id`) ON DELETE CASCADE,
  ADD CONSTRAINT `bookings_product_id_foreign` FOREIGN KEY (`product_id`) REFERENCES `products` (`id`) ON DELETE SET NULL;

--
-- Constraints for table `booking_products`
--
ALTER TABLE `booking_products`
  ADD CONSTRAINT `booking_products_product_id_foreign` FOREIGN KEY (`product_id`) REFERENCES `products` (`id`) ON DELETE CASCADE;

--
-- Constraints for table `booking_product_appointment_slots`
--
ALTER TABLE `booking_product_appointment_slots`
  ADD CONSTRAINT `booking_product_appointment_slots_booking_product_id_foreign` FOREIGN KEY (`booking_product_id`) REFERENCES `booking_products` (`id`) ON DELETE CASCADE;

--
-- Constraints for table `booking_product_default_slots`
--
ALTER TABLE `booking_product_default_slots`
  ADD CONSTRAINT `booking_product_default_slots_booking_product_id_foreign` FOREIGN KEY (`booking_product_id`) REFERENCES `booking_products` (`id`) ON DELETE CASCADE;

--
-- Constraints for table `booking_product_event_tickets`
--
ALTER TABLE `booking_product_event_tickets`
  ADD CONSTRAINT `booking_product_event_tickets_booking_product_id_foreign` FOREIGN KEY (`booking_product_id`) REFERENCES `booking_products` (`id`) ON DELETE CASCADE;

--
-- Constraints for table `booking_product_event_ticket_translations`
--
ALTER TABLE `booking_product_event_ticket_translations`
  ADD CONSTRAINT `booking_product_event_ticket_translations_locale_foreign` FOREIGN KEY (`booking_product_event_ticket_id`) REFERENCES `booking_product_event_tickets` (`id`) ON DELETE CASCADE;

--
-- Constraints for table `booking_product_rental_slots`
--
ALTER TABLE `booking_product_rental_slots`
  ADD CONSTRAINT `booking_product_rental_slots_booking_product_id_foreign` FOREIGN KEY (`booking_product_id`) REFERENCES `booking_products` (`id`) ON DELETE CASCADE;

--
-- Constraints for table `booking_product_table_slots`
--
ALTER TABLE `booking_product_table_slots`
  ADD CONSTRAINT `booking_product_table_slots_booking_product_id_foreign` FOREIGN KEY (`booking_product_id`) REFERENCES `booking_products` (`id`) ON DELETE CASCADE;

--
-- Constraints for table `cart`
--
ALTER TABLE `cart`
  ADD CONSTRAINT `cart_channel_id_foreign` FOREIGN KEY (`channel_id`) REFERENCES `channels` (`id`) ON DELETE CASCADE,
  ADD CONSTRAINT `cart_customer_id_foreign` FOREIGN KEY (`customer_id`) REFERENCES `customers` (`id`) ON DELETE CASCADE;

--
-- Constraints for table `cart_items`
--
ALTER TABLE `cart_items`
  ADD CONSTRAINT `cart_items_cart_id_foreign` FOREIGN KEY (`cart_id`) REFERENCES `cart` (`id`) ON DELETE CASCADE,
  ADD CONSTRAINT `cart_items_parent_id_foreign` FOREIGN KEY (`parent_id`) REFERENCES `cart_items` (`id`) ON DELETE CASCADE,
  ADD CONSTRAINT `cart_items_product_id_foreign` FOREIGN KEY (`product_id`) REFERENCES `products` (`id`) ON DELETE CASCADE,
  ADD CONSTRAINT `cart_items_tax_category_id_foreign` FOREIGN KEY (`tax_category_id`) REFERENCES `tax_categories` (`id`);

--
-- Constraints for table `cart_payment`
--
ALTER TABLE `cart_payment`
  ADD CONSTRAINT `cart_payment_cart_id_foreign` FOREIGN KEY (`cart_id`) REFERENCES `cart` (`id`) ON DELETE CASCADE;

--
-- Constraints for table `cart_rule_channels`
--
ALTER TABLE `cart_rule_channels`
  ADD CONSTRAINT `cart_rule_channels_cart_rule_id_foreign` FOREIGN KEY (`cart_rule_id`) REFERENCES `cart_rules` (`id`) ON DELETE CASCADE,
  ADD CONSTRAINT `cart_rule_channels_channel_id_foreign` FOREIGN KEY (`channel_id`) REFERENCES `channels` (`id`) ON DELETE CASCADE;

--
-- Constraints for table `cart_rule_coupons`
--
ALTER TABLE `cart_rule_coupons`
  ADD CONSTRAINT `cart_rule_coupons_cart_rule_id_foreign` FOREIGN KEY (`cart_rule_id`) REFERENCES `cart_rules` (`id`) ON DELETE CASCADE;

--
-- Constraints for table `cart_rule_coupon_usage`
--
ALTER TABLE `cart_rule_coupon_usage`
  ADD CONSTRAINT `cart_rule_coupon_usage_cart_rule_coupon_id_foreign` FOREIGN KEY (`cart_rule_coupon_id`) REFERENCES `cart_rule_coupons` (`id`) ON DELETE CASCADE,
  ADD CONSTRAINT `cart_rule_coupon_usage_customer_id_foreign` FOREIGN KEY (`customer_id`) REFERENCES `customers` (`id`) ON DELETE CASCADE;

--
-- Constraints for table `cart_rule_customers`
--
ALTER TABLE `cart_rule_customers`
  ADD CONSTRAINT `cart_rule_customers_cart_rule_id_foreign` FOREIGN KEY (`cart_rule_id`) REFERENCES `cart_rules` (`id`) ON DELETE CASCADE,
  ADD CONSTRAINT `cart_rule_customers_customer_id_foreign` FOREIGN KEY (`customer_id`) REFERENCES `customers` (`id`) ON DELETE CASCADE;

--
-- Constraints for table `cart_rule_customer_groups`
--
ALTER TABLE `cart_rule_customer_groups`
  ADD CONSTRAINT `cart_rule_customer_groups_cart_rule_id_foreign` FOREIGN KEY (`cart_rule_id`) REFERENCES `cart_rules` (`id`) ON DELETE CASCADE,
  ADD CONSTRAINT `cart_rule_customer_groups_customer_group_id_foreign` FOREIGN KEY (`customer_group_id`) REFERENCES `customer_groups` (`id`) ON DELETE CASCADE;

--
-- Constraints for table `cart_rule_translations`
--
ALTER TABLE `cart_rule_translations`
  ADD CONSTRAINT `cart_rule_translations_cart_rule_id_foreign` FOREIGN KEY (`cart_rule_id`) REFERENCES `cart_rules` (`id`) ON DELETE CASCADE;

--
-- Constraints for table `cart_shipping_rates`
--
ALTER TABLE `cart_shipping_rates`
  ADD CONSTRAINT `cart_shipping_rates_cart_address_id_foreign` FOREIGN KEY (`cart_address_id`) REFERENCES `addresses` (`id`) ON DELETE CASCADE;

--
-- Constraints for table `catalog_rule_channels`
--
ALTER TABLE `catalog_rule_channels`
  ADD CONSTRAINT `catalog_rule_channels_catalog_rule_id_foreign` FOREIGN KEY (`catalog_rule_id`) REFERENCES `catalog_rules` (`id`) ON DELETE CASCADE,
  ADD CONSTRAINT `catalog_rule_channels_channel_id_foreign` FOREIGN KEY (`channel_id`) REFERENCES `channels` (`id`) ON DELETE CASCADE;

--
-- Constraints for table `catalog_rule_customer_groups`
--
ALTER TABLE `catalog_rule_customer_groups`
  ADD CONSTRAINT `catalog_rule_customer_groups_catalog_rule_id_foreign` FOREIGN KEY (`catalog_rule_id`) REFERENCES `catalog_rules` (`id`) ON DELETE CASCADE,
  ADD CONSTRAINT `catalog_rule_customer_groups_customer_group_id_foreign` FOREIGN KEY (`customer_group_id`) REFERENCES `customer_groups` (`id`) ON DELETE CASCADE;

--
-- Constraints for table `catalog_rule_products`
--
ALTER TABLE `catalog_rule_products`
  ADD CONSTRAINT `catalog_rule_products_catalog_rule_id_foreign` FOREIGN KEY (`catalog_rule_id`) REFERENCES `catalog_rules` (`id`) ON DELETE CASCADE,
  ADD CONSTRAINT `catalog_rule_products_channel_id_foreign` FOREIGN KEY (`channel_id`) REFERENCES `channels` (`id`) ON DELETE CASCADE,
  ADD CONSTRAINT `catalog_rule_products_customer_group_id_foreign` FOREIGN KEY (`customer_group_id`) REFERENCES `customer_groups` (`id`) ON DELETE CASCADE,
  ADD CONSTRAINT `catalog_rule_products_product_id_foreign` FOREIGN KEY (`product_id`) REFERENCES `products` (`id`) ON DELETE CASCADE;

--
-- Constraints for table `catalog_rule_product_prices`
--
ALTER TABLE `catalog_rule_product_prices`
  ADD CONSTRAINT `catalog_rule_product_prices_catalog_rule_id_foreign` FOREIGN KEY (`catalog_rule_id`) REFERENCES `catalog_rules` (`id`) ON DELETE CASCADE,
  ADD CONSTRAINT `catalog_rule_product_prices_channel_id_foreign` FOREIGN KEY (`channel_id`) REFERENCES `channels` (`id`) ON DELETE CASCADE,
  ADD CONSTRAINT `catalog_rule_product_prices_customer_group_id_foreign` FOREIGN KEY (`customer_group_id`) REFERENCES `customer_groups` (`id`) ON DELETE CASCADE,
  ADD CONSTRAINT `catalog_rule_product_prices_product_id_foreign` FOREIGN KEY (`product_id`) REFERENCES `products` (`id`) ON DELETE CASCADE;

--
-- Constraints for table `category_filterable_attributes`
--
ALTER TABLE `category_filterable_attributes`
  ADD CONSTRAINT `category_filterable_attributes_attribute_id_foreign` FOREIGN KEY (`attribute_id`) REFERENCES `attributes` (`id`) ON DELETE CASCADE,
  ADD CONSTRAINT `category_filterable_attributes_category_id_foreign` FOREIGN KEY (`category_id`) REFERENCES `categories` (`id`) ON DELETE CASCADE;

--
-- Constraints for table `category_translations`
--
ALTER TABLE `category_translations`
  ADD CONSTRAINT `category_translations_category_id_foreign` FOREIGN KEY (`category_id`) REFERENCES `categories` (`id`) ON DELETE CASCADE,
  ADD CONSTRAINT `category_translations_locale_id_foreign` FOREIGN KEY (`locale_id`) REFERENCES `locales` (`id`) ON DELETE CASCADE;

--
-- Constraints for table `channels`
--
ALTER TABLE `channels`
  ADD CONSTRAINT `channels_base_currency_id_foreign` FOREIGN KEY (`base_currency_id`) REFERENCES `currencies` (`id`),
  ADD CONSTRAINT `channels_default_locale_id_foreign` FOREIGN KEY (`default_locale_id`) REFERENCES `locales` (`id`),
  ADD CONSTRAINT `channels_root_category_id_foreign` FOREIGN KEY (`root_category_id`) REFERENCES `categories` (`id`) ON DELETE SET NULL;

--
-- Constraints for table `channel_currencies`
--
ALTER TABLE `channel_currencies`
  ADD CONSTRAINT `channel_currencies_channel_id_foreign` FOREIGN KEY (`channel_id`) REFERENCES `channels` (`id`) ON DELETE CASCADE,
  ADD CONSTRAINT `channel_currencies_currency_id_foreign` FOREIGN KEY (`currency_id`) REFERENCES `currencies` (`id`) ON DELETE CASCADE;

--
-- Constraints for table `channel_inventory_sources`
--
ALTER TABLE `channel_inventory_sources`
  ADD CONSTRAINT `channel_inventory_sources_channel_id_foreign` FOREIGN KEY (`channel_id`) REFERENCES `channels` (`id`) ON DELETE CASCADE,
  ADD CONSTRAINT `channel_inventory_sources_inventory_source_id_foreign` FOREIGN KEY (`inventory_source_id`) REFERENCES `inventory_sources` (`id`) ON DELETE CASCADE;

--
-- Constraints for table `channel_locales`
--
ALTER TABLE `channel_locales`
  ADD CONSTRAINT `channel_locales_channel_id_foreign` FOREIGN KEY (`channel_id`) REFERENCES `channels` (`id`) ON DELETE CASCADE,
  ADD CONSTRAINT `channel_locales_locale_id_foreign` FOREIGN KEY (`locale_id`) REFERENCES `locales` (`id`) ON DELETE CASCADE;

--
-- Constraints for table `channel_translations`
--
ALTER TABLE `channel_translations`
  ADD CONSTRAINT `channel_translations_channel_id_foreign` FOREIGN KEY (`channel_id`) REFERENCES `channels` (`id`) ON DELETE CASCADE;

--
-- Constraints for table `cms_page_channels`
--
ALTER TABLE `cms_page_channels`
  ADD CONSTRAINT `cms_page_channels_channel_id_foreign` FOREIGN KEY (`channel_id`) REFERENCES `channels` (`id`) ON DELETE CASCADE,
  ADD CONSTRAINT `cms_page_channels_cms_page_id_foreign` FOREIGN KEY (`cms_page_id`) REFERENCES `cms_pages` (`id`) ON DELETE CASCADE;

--
-- Constraints for table `cms_page_translations`
--
ALTER TABLE `cms_page_translations`
  ADD CONSTRAINT `cms_page_translations_cms_page_id_foreign` FOREIGN KEY (`cms_page_id`) REFERENCES `cms_pages` (`id`) ON DELETE CASCADE;

--
-- Constraints for table `country_states`
--
ALTER TABLE `country_states`
  ADD CONSTRAINT `country_states_country_id_foreign` FOREIGN KEY (`country_id`) REFERENCES `countries` (`id`) ON DELETE CASCADE;

--
-- Constraints for table `country_state_translations`
--
ALTER TABLE `country_state_translations`
  ADD CONSTRAINT `country_state_translations_country_state_id_foreign` FOREIGN KEY (`country_state_id`) REFERENCES `country_states` (`id`) ON DELETE CASCADE;

--
-- Constraints for table `country_translations`
--
ALTER TABLE `country_translations`
  ADD CONSTRAINT `country_translations_country_id_foreign` FOREIGN KEY (`country_id`) REFERENCES `countries` (`id`) ON DELETE CASCADE;

--
-- Constraints for table `currency_exchange_rates`
--
ALTER TABLE `currency_exchange_rates`
  ADD CONSTRAINT `currency_exchange_rates_target_currency_foreign` FOREIGN KEY (`target_currency`) REFERENCES `currencies` (`id`) ON DELETE CASCADE;

--
-- Constraints for table `customers`
--
ALTER TABLE `customers`
  ADD CONSTRAINT `customers_customer_group_id_foreign` FOREIGN KEY (`customer_group_id`) REFERENCES `customer_groups` (`id`) ON DELETE SET NULL;

--
-- Constraints for table `customer_social_accounts`
--
ALTER TABLE `customer_social_accounts`
  ADD CONSTRAINT `customer_social_accounts_customer_id_foreign` FOREIGN KEY (`customer_id`) REFERENCES `customers` (`id`) ON DELETE CASCADE;

--
-- Constraints for table `downloadable_link_purchased`
--
ALTER TABLE `downloadable_link_purchased`
  ADD CONSTRAINT `downloadable_link_purchased_customer_id_foreign` FOREIGN KEY (`customer_id`) REFERENCES `customers` (`id`) ON DELETE CASCADE,
  ADD CONSTRAINT `downloadable_link_purchased_order_id_foreign` FOREIGN KEY (`order_id`) REFERENCES `orders` (`id`) ON DELETE CASCADE,
  ADD CONSTRAINT `downloadable_link_purchased_order_item_id_foreign` FOREIGN KEY (`order_item_id`) REFERENCES `order_items` (`id`) ON DELETE CASCADE;

--
-- Constraints for table `invoices`
--
ALTER TABLE `invoices`
  ADD CONSTRAINT `invoices_order_id_foreign` FOREIGN KEY (`order_id`) REFERENCES `orders` (`id`) ON DELETE CASCADE;

--
-- Constraints for table `invoice_items`
--
ALTER TABLE `invoice_items`
  ADD CONSTRAINT `invoice_items_invoice_id_foreign` FOREIGN KEY (`invoice_id`) REFERENCES `invoices` (`id`) ON DELETE CASCADE,
  ADD CONSTRAINT `invoice_items_parent_id_foreign` FOREIGN KEY (`parent_id`) REFERENCES `invoice_items` (`id`) ON DELETE CASCADE;

--
-- Constraints for table `marketing_campaigns`
--
ALTER TABLE `marketing_campaigns`
  ADD CONSTRAINT `marketing_campaigns_channel_id_foreign` FOREIGN KEY (`channel_id`) REFERENCES `channels` (`id`) ON DELETE SET NULL,
  ADD CONSTRAINT `marketing_campaigns_customer_group_id_foreign` FOREIGN KEY (`customer_group_id`) REFERENCES `customer_groups` (`id`) ON DELETE SET NULL,
  ADD CONSTRAINT `marketing_campaigns_marketing_event_id_foreign` FOREIGN KEY (`marketing_event_id`) REFERENCES `marketing_events` (`id`) ON DELETE SET NULL,
  ADD CONSTRAINT `marketing_campaigns_marketing_template_id_foreign` FOREIGN KEY (`marketing_template_id`) REFERENCES `marketing_templates` (`id`) ON DELETE SET NULL;

--
-- Constraints for table `orders`
--
ALTER TABLE `orders`
  ADD CONSTRAINT `orders_channel_id_foreign` FOREIGN KEY (`channel_id`) REFERENCES `channels` (`id`) ON DELETE SET NULL,
  ADD CONSTRAINT `orders_customer_id_foreign` FOREIGN KEY (`customer_id`) REFERENCES `customers` (`id`) ON DELETE SET NULL;

--
-- Constraints for table `order_brands`
--
ALTER TABLE `order_brands`
  ADD CONSTRAINT `order_brands_brand_foreign` FOREIGN KEY (`brand`) REFERENCES `attribute_options` (`id`) ON DELETE CASCADE,
  ADD CONSTRAINT `order_brands_order_id_foreign` FOREIGN KEY (`order_id`) REFERENCES `orders` (`id`) ON DELETE CASCADE,
  ADD CONSTRAINT `order_brands_order_item_id_foreign` FOREIGN KEY (`order_item_id`) REFERENCES `order_items` (`id`) ON DELETE CASCADE,
  ADD CONSTRAINT `order_brands_product_id_foreign` FOREIGN KEY (`product_id`) REFERENCES `products` (`id`) ON DELETE CASCADE;

--
-- Constraints for table `order_comments`
--
ALTER TABLE `order_comments`
  ADD CONSTRAINT `order_comments_order_id_foreign` FOREIGN KEY (`order_id`) REFERENCES `orders` (`id`) ON DELETE CASCADE;

--
-- Constraints for table `order_items`
--
ALTER TABLE `order_items`
  ADD CONSTRAINT `order_items_order_id_foreign` FOREIGN KEY (`order_id`) REFERENCES `orders` (`id`) ON DELETE CASCADE,
  ADD CONSTRAINT `order_items_parent_id_foreign` FOREIGN KEY (`parent_id`) REFERENCES `order_items` (`id`) ON DELETE CASCADE;

--
-- Constraints for table `order_payment`
--
ALTER TABLE `order_payment`
  ADD CONSTRAINT `order_payment_order_id_foreign` FOREIGN KEY (`order_id`) REFERENCES `orders` (`id`) ON DELETE CASCADE;

--
-- Constraints for table `order_transactions`
--
ALTER TABLE `order_transactions`
  ADD CONSTRAINT `order_transactions_order_id_foreign` FOREIGN KEY (`order_id`) REFERENCES `orders` (`id`) ON DELETE CASCADE;

--
-- Constraints for table `products`
--
ALTER TABLE `products`
  ADD CONSTRAINT `products_attribute_family_id_foreign` FOREIGN KEY (`attribute_family_id`) REFERENCES `attribute_families` (`id`) ON DELETE RESTRICT,
  ADD CONSTRAINT `products_parent_id_foreign` FOREIGN KEY (`parent_id`) REFERENCES `products` (`id`) ON DELETE CASCADE;

--
-- Constraints for table `product_attribute_values`
--
ALTER TABLE `product_attribute_values`
  ADD CONSTRAINT `product_attribute_values_attribute_id_foreign` FOREIGN KEY (`attribute_id`) REFERENCES `attributes` (`id`) ON DELETE CASCADE,
  ADD CONSTRAINT `product_attribute_values_product_id_foreign` FOREIGN KEY (`product_id`) REFERENCES `products` (`id`) ON DELETE CASCADE;

--
-- Constraints for table `product_bundle_options`
--
ALTER TABLE `product_bundle_options`
  ADD CONSTRAINT `product_bundle_options_product_id_foreign` FOREIGN KEY (`product_id`) REFERENCES `products` (`id`) ON DELETE CASCADE;

--
-- Constraints for table `product_bundle_option_products`
--
ALTER TABLE `product_bundle_option_products`
  ADD CONSTRAINT `product_bundle_option_products_product_bundle_option_id_foreign` FOREIGN KEY (`product_bundle_option_id`) REFERENCES `product_bundle_options` (`id`) ON DELETE CASCADE,
  ADD CONSTRAINT `product_bundle_option_products_product_id_foreign` FOREIGN KEY (`product_id`) REFERENCES `products` (`id`) ON DELETE CASCADE;

--
-- Constraints for table `product_bundle_option_translations`
--
ALTER TABLE `product_bundle_option_translations`
  ADD CONSTRAINT `product_bundle_option_translations_option_id_foreign` FOREIGN KEY (`product_bundle_option_id`) REFERENCES `product_bundle_options` (`id`) ON DELETE CASCADE;

--
-- Constraints for table `product_categories`
--
ALTER TABLE `product_categories`
  ADD CONSTRAINT `product_categories_category_id_foreign` FOREIGN KEY (`category_id`) REFERENCES `categories` (`id`) ON DELETE CASCADE,
  ADD CONSTRAINT `product_categories_product_id_foreign` FOREIGN KEY (`product_id`) REFERENCES `products` (`id`) ON DELETE CASCADE;

--
-- Constraints for table `product_cross_sells`
--
ALTER TABLE `product_cross_sells`
  ADD CONSTRAINT `product_cross_sells_child_id_foreign` FOREIGN KEY (`child_id`) REFERENCES `products` (`id`) ON DELETE CASCADE,
  ADD CONSTRAINT `product_cross_sells_parent_id_foreign` FOREIGN KEY (`parent_id`) REFERENCES `products` (`id`) ON DELETE CASCADE;

--
-- Constraints for table `product_customer_group_prices`
--
ALTER TABLE `product_customer_group_prices`
  ADD CONSTRAINT `product_customer_group_prices_customer_group_id_foreign` FOREIGN KEY (`customer_group_id`) REFERENCES `customer_groups` (`id`) ON DELETE CASCADE,
  ADD CONSTRAINT `product_customer_group_prices_product_id_foreign` FOREIGN KEY (`product_id`) REFERENCES `products` (`id`) ON DELETE CASCADE;

--
-- Constraints for table `product_downloadable_links`
--
ALTER TABLE `product_downloadable_links`
  ADD CONSTRAINT `product_downloadable_links_product_id_foreign` FOREIGN KEY (`product_id`) REFERENCES `products` (`id`) ON DELETE CASCADE;

--
-- Constraints for table `product_downloadable_link_translations`
--
ALTER TABLE `product_downloadable_link_translations`
  ADD CONSTRAINT `link_translations_link_id_foreign` FOREIGN KEY (`product_downloadable_link_id`) REFERENCES `product_downloadable_links` (`id`) ON DELETE CASCADE;

--
-- Constraints for table `product_downloadable_samples`
--
ALTER TABLE `product_downloadable_samples`
  ADD CONSTRAINT `product_downloadable_samples_product_id_foreign` FOREIGN KEY (`product_id`) REFERENCES `products` (`id`) ON DELETE CASCADE;

--
-- Constraints for table `product_downloadable_sample_translations`
--
ALTER TABLE `product_downloadable_sample_translations`
  ADD CONSTRAINT `sample_translations_sample_id_foreign` FOREIGN KEY (`product_downloadable_sample_id`) REFERENCES `product_downloadable_samples` (`id`) ON DELETE CASCADE;

--
-- Constraints for table `product_flat`
--
ALTER TABLE `product_flat`
  ADD CONSTRAINT `product_flat_parent_id_foreign` FOREIGN KEY (`parent_id`) REFERENCES `product_flat` (`id`) ON DELETE CASCADE,
  ADD CONSTRAINT `product_flat_product_id_foreign` FOREIGN KEY (`product_id`) REFERENCES `products` (`id`) ON DELETE CASCADE;

--
-- Constraints for table `product_grouped_products`
--
ALTER TABLE `product_grouped_products`
  ADD CONSTRAINT `product_grouped_products_associated_product_id_foreign` FOREIGN KEY (`associated_product_id`) REFERENCES `products` (`id`) ON DELETE CASCADE,
  ADD CONSTRAINT `product_grouped_products_product_id_foreign` FOREIGN KEY (`product_id`) REFERENCES `products` (`id`) ON DELETE CASCADE;

--
-- Constraints for table `product_images`
--
ALTER TABLE `product_images`
  ADD CONSTRAINT `product_images_product_id_foreign` FOREIGN KEY (`product_id`) REFERENCES `products` (`id`) ON DELETE CASCADE;

--
-- Constraints for table `product_inventories`
--
ALTER TABLE `product_inventories`
  ADD CONSTRAINT `product_inventories_inventory_source_id_foreign` FOREIGN KEY (`inventory_source_id`) REFERENCES `inventory_sources` (`id`) ON DELETE CASCADE,
  ADD CONSTRAINT `product_inventories_product_id_foreign` FOREIGN KEY (`product_id`) REFERENCES `products` (`id`) ON DELETE CASCADE;

--
-- Constraints for table `product_ordered_inventories`
--
ALTER TABLE `product_ordered_inventories`
  ADD CONSTRAINT `product_ordered_inventories_channel_id_foreign` FOREIGN KEY (`channel_id`) REFERENCES `channels` (`id`) ON DELETE CASCADE,
  ADD CONSTRAINT `product_ordered_inventories_product_id_foreign` FOREIGN KEY (`product_id`) REFERENCES `products` (`id`) ON DELETE CASCADE;

--
-- Constraints for table `product_relations`
--
ALTER TABLE `product_relations`
  ADD CONSTRAINT `product_relations_child_id_foreign` FOREIGN KEY (`child_id`) REFERENCES `products` (`id`) ON DELETE CASCADE,
  ADD CONSTRAINT `product_relations_parent_id_foreign` FOREIGN KEY (`parent_id`) REFERENCES `products` (`id`) ON DELETE CASCADE;

--
-- Constraints for table `product_reviews`
--
ALTER TABLE `product_reviews`
  ADD CONSTRAINT `product_reviews_product_id_foreign` FOREIGN KEY (`product_id`) REFERENCES `products` (`id`) ON DELETE CASCADE;

--
-- Constraints for table `product_review_images`
--
ALTER TABLE `product_review_images`
  ADD CONSTRAINT `product_review_images_review_id_foreign` FOREIGN KEY (`review_id`) REFERENCES `product_reviews` (`id`) ON DELETE CASCADE;

--
-- Constraints for table `product_super_attributes`
--
ALTER TABLE `product_super_attributes`
  ADD CONSTRAINT `product_super_attributes_attribute_id_foreign` FOREIGN KEY (`attribute_id`) REFERENCES `attributes` (`id`) ON DELETE RESTRICT,
  ADD CONSTRAINT `product_super_attributes_product_id_foreign` FOREIGN KEY (`product_id`) REFERENCES `products` (`id`) ON DELETE CASCADE;

--
-- Constraints for table `product_up_sells`
--
ALTER TABLE `product_up_sells`
  ADD CONSTRAINT `product_up_sells_child_id_foreign` FOREIGN KEY (`child_id`) REFERENCES `products` (`id`) ON DELETE CASCADE,
  ADD CONSTRAINT `product_up_sells_parent_id_foreign` FOREIGN KEY (`parent_id`) REFERENCES `products` (`id`) ON DELETE CASCADE;

--
-- Constraints for table `product_videos`
--
ALTER TABLE `product_videos`
  ADD CONSTRAINT `product_videos_product_id_foreign` FOREIGN KEY (`product_id`) REFERENCES `products` (`id`) ON DELETE CASCADE;

--
-- Constraints for table `refunds`
--
ALTER TABLE `refunds`
  ADD CONSTRAINT `refunds_order_id_foreign` FOREIGN KEY (`order_id`) REFERENCES `orders` (`id`) ON DELETE CASCADE;

--
-- Constraints for table `refund_items`
--
ALTER TABLE `refund_items`
  ADD CONSTRAINT `refund_items_order_item_id_foreign` FOREIGN KEY (`order_item_id`) REFERENCES `order_items` (`id`) ON DELETE CASCADE,
  ADD CONSTRAINT `refund_items_parent_id_foreign` FOREIGN KEY (`parent_id`) REFERENCES `refund_items` (`id`) ON DELETE CASCADE,
  ADD CONSTRAINT `refund_items_refund_id_foreign` FOREIGN KEY (`refund_id`) REFERENCES `refunds` (`id`) ON DELETE CASCADE;

--
-- Constraints for table `shipments`
--
ALTER TABLE `shipments`
  ADD CONSTRAINT `shipments_inventory_source_id_foreign` FOREIGN KEY (`inventory_source_id`) REFERENCES `inventory_sources` (`id`) ON DELETE SET NULL,
  ADD CONSTRAINT `shipments_order_id_foreign` FOREIGN KEY (`order_id`) REFERENCES `orders` (`id`) ON DELETE CASCADE;

--
-- Constraints for table `shipment_items`
--
ALTER TABLE `shipment_items`
  ADD CONSTRAINT `shipment_items_shipment_id_foreign` FOREIGN KEY (`shipment_id`) REFERENCES `shipments` (`id`) ON DELETE CASCADE;

--
-- Constraints for table `sliders`
--
ALTER TABLE `sliders`
  ADD CONSTRAINT `sliders_channel_id_foreign` FOREIGN KEY (`channel_id`) REFERENCES `channels` (`id`) ON DELETE CASCADE;

--
-- Constraints for table `subscribers_list`
--
ALTER TABLE `subscribers_list`
  ADD CONSTRAINT `subscribers_list_channel_id_foreign` FOREIGN KEY (`channel_id`) REFERENCES `channels` (`id`) ON DELETE CASCADE,
  ADD CONSTRAINT `subscribers_list_customer_id_foreign` FOREIGN KEY (`customer_id`) REFERENCES `customers` (`id`) ON DELETE SET NULL;

--
-- Constraints for table `tax_categories_tax_rates`
--
ALTER TABLE `tax_categories_tax_rates`
  ADD CONSTRAINT `tax_categories_tax_rates_tax_category_id_foreign` FOREIGN KEY (`tax_category_id`) REFERENCES `tax_categories` (`id`) ON DELETE CASCADE,
  ADD CONSTRAINT `tax_categories_tax_rates_tax_rate_id_foreign` FOREIGN KEY (`tax_rate_id`) REFERENCES `tax_rates` (`id`) ON DELETE CASCADE;

--
-- Constraints for table `velocity_contents_translations`
--
ALTER TABLE `velocity_contents_translations`
  ADD CONSTRAINT `velocity_contents_translations_content_id_foreign` FOREIGN KEY (`content_id`) REFERENCES `velocity_contents` (`id`) ON DELETE CASCADE;

--
-- Constraints for table `velocity_customer_compare_products`
--
ALTER TABLE `velocity_customer_compare_products`
  ADD CONSTRAINT `velocity_customer_compare_products_customer_id_foreign` FOREIGN KEY (`customer_id`) REFERENCES `customers` (`id`) ON DELETE CASCADE ON UPDATE CASCADE,
  ADD CONSTRAINT `velocity_customer_compare_products_product_flat_id_foreign` FOREIGN KEY (`product_flat_id`) REFERENCES `product_flat` (`id`) ON DELETE CASCADE ON UPDATE CASCADE;

--
-- Constraints for table `wishlist`
--
ALTER TABLE `wishlist`
  ADD CONSTRAINT `wishlist_channel_id_foreign` FOREIGN KEY (`channel_id`) REFERENCES `channels` (`id`) ON DELETE CASCADE,
  ADD CONSTRAINT `wishlist_customer_id_foreign` FOREIGN KEY (`customer_id`) REFERENCES `customers` (`id`) ON DELETE CASCADE,
  ADD CONSTRAINT `wishlist_product_id_foreign` FOREIGN KEY (`product_id`) REFERENCES `products` (`id`) ON DELETE CASCADE;
COMMIT;

/*!40101 SET CHARACTER_SET_CLIENT=@OLD_CHARACTER_SET_CLIENT */;
/*!40101 SET CHARACTER_SET_RESULTS=@OLD_CHARACTER_SET_RESULTS */;
/*!40101 SET COLLATION_CONNECTION=@OLD_COLLATION_CONNECTION */;
